entry_time,exit_time,direction,side,entry_price,exit_price,gross_ticks,net_ticks,gross_ret,net_ret,reason,entry_liquidity,exit_liquidity,tp_plain,exit_from_cluster,entry_fee,exit_fee,total_fee,waited_ms_for_fill,hold_ms
2025-12-11T11:12:03.230+00:00,2025-12-11T11:12:14.238+00:00,short,-1,79458.0000,79446.0000,12.0000,10.0000,0.00015102,0.00012585,ExitCluster,maker,maker,79408.0000,1,1.0000,1.0000,2.0000,133,11008
2025-12-11T11:13:21.271+00:00,2025-12-11T11:13:45.284+00:00,short,-1,79461.0000,79470.0000,-9.0000,-11.0000,-0.00011326,-0.00013843,ExitAdverse,maker,maker,79411.0000,0,1.0000,1.0000,2.0000,675,24013
2025-12-11T11:17:11.388+00:00,2025-12-11T11:17:39.669+00:00,short,-1,79496.0000,79476.0000,20.0000,18.0000,0.00025158,0.00022643,ExitCluster,maker,maker,79446.0000,1,1.0000,1.0000,2.0000,940,28281
2025-12-11T11:19:01.319+00:00,2025-12-11T11:19:03.449+00:00,long,1,79422.0000,79436.0000,14.0000,12.0000,0.00017627,0.00015109,ExitCluster,maker,maker,79472.0000,1,1.0000,1.0000,2.0000,206,2130
2025-12-11T11:19:07.899+00:00,2025-12-11T11:19:10.845+00:00,long,1,79422.0000,79430.0000,8.0000,6.0000,0.00010073,0.00007555,ExitCluster,maker,maker,79472.0000,1,1.0000,1.0000,2.0000,65,2946
2025-12-11T11:19:12.002+00:00,2025-12-11T11:19:14.455+00:00,long,1,79417.0000,79428.0000,11.0000,9.0000,0.00013851,0.00011333,ExitCluster,maker,maker,79467.0000,1,1.0000,1.0000,2.0000,4,2453
2025-12-11T11:19:33.466+00:00,2025-12-11T11:19:46.473+00:00,short,-1,79445.0000,79462.0000,-17.0000,-19.0000,-0.00021398,-0.00023916,ExitAdverse,maker,maker,79395.0000,0,1.0000,1.0000,2.0000,541,13007
2025-12-11T11:22:03.842+00:00,2025-12-11T11:22:24.055+00:00,short,-1,79439.0000,79431.0000,8.0000,6.0000,0.00010071,0.00007553,ExitCluster,maker,maker,79389.0000,1,1.0000,1.0000,2.0000,72,20213
2025-12-11T11:22:24.563+00:00,2025-12-11T11:22:28.565+00:00,long,1,79421.0000,79427.0000,6.0000,4.0000,0.00007555,0.00005036,ExitCluster,maker,maker,79471.0000,1,1.0000,1.0000,2.0000,450,4002
2025-12-11T11:22:30.478+00:00,2025-12-11T11:22:36.568+00:00,long,1,79422.0000,79427.0000,5.0000,3.0000,0.00006295,0.00003777,ExitCluster,maker,maker,79472.0000,1,1.0000,1.0000,2.0000,209,6090
2025-12-11T11:22:53.577+00:00,2025-12-11T11:23:15.516+00:00,long,1,79420.0000,79419.0000,-1.0000,-3.0000,-0.00001259,-0.00003777,ExitAdverse,maker,maker,79470.0000,0,1.0000,1.0000,2.0000,144,21939
2025-12-11T11:23:15.586+00:00,2025-12-11T11:23:25.814+00:00,short,-1,79419.0000,79408.0000,11.0000,9.0000,0.00013851,0.00011332,ExitCluster,maker,maker,79369.0000,1,1.0000,1.0000,2.0000,12,10228
2025-12-11T11:44:39.785+00:00,2025-12-11T11:45:09.297+00:00,short,-1,79479.0000,79470.0000,9.0000,7.0000,0.00011324,0.00008807,ExitCluster,maker,maker,79429.0000,1,1.0000,1.0000,2.0000,633,29512
2025-12-11T11:45:13.299+00:00,2025-12-11T11:45:46.563+00:00,long,1,79461.0000,79479.0000,18.0000,16.0000,0.00022653,0.00020136,ExitCluster,maker,maker,79511.0000,1,1.0000,1.0000,2.0000,196,33264
2025-12-11T11:45:48.564+00:00,2025-12-11T11:45:53.482+00:00,short,-1,79479.0000,79471.0000,8.0000,6.0000,0.00010066,0.00007549,ExitCluster,maker,maker,79429.0000,1,1.0000,1.0000,2.0000,97,4918
2025-12-11T11:46:07.861+00:00,2025-12-11T11:47:27.857+00:00,long,1,79463.0000,79473.0000,10.0000,8.0000,0.00012584,0.00010068,ExitCluster,maker,maker,79513.0000,1,1.0000,1.0000,2.0000,5532,79996
2025-12-11T11:47:39.444+00:00,2025-12-11T11:49:48.430+00:00,short,-1,79479.0000,79467.0000,12.0000,10.0000,0.00015098,0.00012582,ExitCluster,maker,maker,79429.0000,1,1.0000,1.0000,2.0000,14,128986
2025-12-11T11:50:35.430+00:00,2025-12-11T11:50:55.769+00:00,short,-1,79479.0000,79471.0000,8.0000,6.0000,0.00010066,0.00007549,ExitCluster,maker,maker,79429.0000,1,1.0000,1.0000,2.0000,734,20339
2025-12-11T11:51:00.233+00:00,2025-12-11T11:51:19.475+00:00,short,-1,79460.0000,79467.0000,-7.0000,-9.0000,-0.00008809,-0.00011326,ExitAdverse,maker,maker,79410.0000,0,1.0000,1.0000,2.0000,256,19242
2025-12-11T11:51:33.355+00:00,2025-12-11T11:51:41.488+00:00,short,-1,79460.0000,79475.0000,-15.0000,-17.0000,-0.00018877,-0.00021394,ExitAdverse,maker,maker,79410.0000,0,1.0000,1.0000,2.0000,287,8133
2025-12-11T12:01:03.976+00:00,2025-12-11T12:01:55.526+00:00,short,-1,79480.0000,79469.0000,11.0000,9.0000,0.00013840,0.00011324,ExitCluster,maker,maker,79430.0000,1,1.0000,1.0000,2.0000,53,51550
2025-12-11T12:01:55.946+00:00,2025-12-11T12:02:02.141+00:00,long,1,79469.0000,79479.0000,10.0000,8.0000,0.00012584,0.00010067,ExitCluster,maker,maker,79519.0000,1,1.0000,1.0000,2.0000,406,6195
2025-12-11T12:02:02.990+00:00,2025-12-11T12:02:17.922+00:00,short,-1,79479.0000,79470.0000,9.0000,7.0000,0.00011324,0.00008807,ExitCluster,maker,maker,79429.0000,1,1.0000,1.0000,2.0000,824,14932
2025-12-11T12:02:19.427+00:00,2025-12-11T12:03:01.356+00:00,long,1,79469.0000,79448.0000,-21.0000,-23.0000,-0.00026425,-0.00028942,ExitAdverse,maker,maker,79519.0000,0,1.0000,1.0000,2.0000,107,41929
2025-12-11T12:03:02.735+00:00,2025-12-11T12:03:43.834+00:00,short,-1,79449.0000,79457.0000,-8.0000,-10.0000,-0.00010069,-0.00012587,ExitAdverse,maker,maker,79399.0000,0,1.0000,1.0000,2.0000,425,41099
2025-12-11T12:04:11.767+00:00,2025-12-11T12:05:12.796+00:00,long,1,79466.0000,79461.0000,-5.0000,-7.0000,-0.00006292,-0.00008809,ExitAdverse,maker,maker,79516.0000,0,1.0000,1.0000,2.0000,914,61029
2025-12-11T12:05:24.802+00:00,2025-12-11T12:05:56.071+00:00,long,1,79458.0000,79449.0000,-9.0000,-11.0000,-0.00011327,-0.00013844,ExitAdverse,maker,maker,79508.0000,0,1.0000,1.0000,2.0000,198,31269
2025-12-11T12:06:16.828+00:00,2025-12-11T12:06:22.911+00:00,short,-1,79469.0000,79459.0000,10.0000,8.0000,0.00012584,0.00010067,ExitCluster,maker,maker,79419.0000,1,1.0000,1.0000,2.0000,306,6083
2025-12-11T12:07:03.342+00:00,2025-12-11T12:07:25.942+00:00,short,-1,79469.0000,79464.0000,5.0000,3.0000,0.00006292,0.00003775,ExitAdverse,maker,maker,79419.0000,0,1.0000,1.0000,2.0000,475,22600
2025-12-11T12:07:33.667+00:00,2025-12-11T12:07:35.061+00:00,short,-1,79464.0000,79456.0000,8.0000,6.0000,0.00010067,0.00007551,ExitCluster,maker,maker,79414.0000,1,1.0000,1.0000,2.0000,1940,1394
2025-12-11T12:07:39.870+00:00,2025-12-11T12:07:42.534+00:00,long,1,79456.0000,79463.0000,7.0000,5.0000,0.00008810,0.00006293,ExitCluster,maker,maker,79506.0000,1,1.0000,1.0000,2.0000,659,2664
2025-12-11T12:07:42.871+00:00,2025-12-11T12:07:53.876+00:00,long,1,79456.0000,79463.0000,7.0000,5.0000,0.00008810,0.00006293,ExitCluster,maker,maker,79506.0000,1,1.0000,1.0000,2.0000,312,11005
2025-12-11T12:07:53.954+00:00,2025-12-11T12:07:55.877+00:00,long,1,79456.0000,79462.0000,6.0000,4.0000,0.00007551,0.00005034,ExitCluster,maker,maker,79506.0000,1,1.0000,1.0000,2.0000,64,1923
2025-12-11T12:07:55.955+00:00,2025-12-11T12:07:57.879+00:00,long,1,79456.0000,79462.0000,6.0000,4.0000,0.00007551,0.00005034,ExitCluster,maker,maker,79506.0000,1,1.0000,1.0000,2.0000,59,1924
2025-12-11T12:08:00.880+00:00,2025-12-11T12:08:06.883+00:00,long,1,79456.0000,79466.0000,10.0000,8.0000,0.00012586,0.00010068,ExitCluster,maker,maker,79506.0000,1,1.0000,1.0000,2.0000,708,6003
2025-12-11T12:08:36.897+00:00,2025-12-11T12:09:57.936+00:00,long,1,79462.0000,79455.0000,-7.0000,-9.0000,-0.00008809,-0.00011326,ExitAdverse,maker,maker,79512.0000,0,1.0000,1.0000,2.0000,519,81039
2025-12-11T12:09:58.009+00:00,2025-12-11T12:10:17.946+00:00,long,1,79451.0000,79438.0000,-13.0000,-15.0000,-0.00016362,-0.00018880,ExitAdverse,maker,maker,79501.0000,0,1.0000,1.0000,2.0000,43,19937
2025-12-11T12:11:38.088+00:00,2025-12-11T12:11:48.307+00:00,short,-1,79446.0000,79441.0000,5.0000,3.0000,0.00006294,0.00003776,ExitCluster,maker,maker,79396.0000,1,1.0000,1.0000,2.0000,186,10219
2025-12-11T12:11:48.945+00:00,2025-12-11T12:12:10.009+00:00,long,1,79441.0000,79479.0000,38.0000,36.0000,0.00047834,0.00045317,ExitCluster,maker,maker,79491.0000,1,1.0000,1.0000,2.0000,876,21064
2025-12-15T06:27:35.940+00:00,2025-12-15T06:28:07.642+00:00,long,1,79241.0000,79235.0000,-6.0000,-8.0000,-0.00007572,-0.00010096,ExitAdverse,maker,maker,79289.0000,0,1.0000,1.0000,2.0000,26,31702
2025-12-15T06:30:25.782+00:00,2025-12-15T06:31:21.254+00:00,long,1,79271.0000,79289.0000,18.0000,16.0000,0.00022707,0.00020184,ExitAdverse,maker,maker,79319.0000,0,1.0000,1.0000,2.0000,113,55472
2025-12-15T06:31:21.753+00:00,2025-12-15T06:31:25.359+00:00,long,1,79285.0000,79345.0000,60.0000,58.0000,0.00075676,0.00073154,ExitCluster,maker,maker,79333.0000,1,1.0000,1.0000,2.0000,425,3606
2025-12-15T06:31:26.162+00:00,2025-12-15T06:31:45.562+00:00,long,1,79337.0000,79349.0000,12.0000,10.0000,0.00015125,0.00012604,ExitCluster,maker,maker,79385.0000,1,1.0000,1.0000,2.0000,138,19400
2025-12-15T06:31:45.886+00:00,2025-12-15T06:31:46.565+00:00,long,1,79335.0000,79353.0000,18.0000,16.0000,0.00022689,0.00020168,ExitCluster,maker,maker,79383.0000,1,1.0000,1.0000,2.0000,77,679
2025-12-15T06:31:46.645+00:00,2025-12-15T06:31:54.596+00:00,long,1,79335.0000,79351.0000,16.0000,14.0000,0.00020168,0.00017647,ExitCluster,maker,maker,79383.0000,1,1.0000,1.0000,2.0000,26,7951
2025-12-15T06:32:06.354+00:00,2025-12-15T06:32:15.549+00:00,long,1,79362.0000,79325.0000,-37.0000,-39.0000,-0.00046622,-0.00049142,ExitAdverse,maker,maker,79410.0000,0,1.0000,1.0000,2.0000,249,9195
2025-12-15T06:32:42.114+00:00,2025-12-15T06:33:13.269+00:00,long,1,79299.0000,79326.0000,27.0000,25.0000,0.00034048,0.00031526,ExitCluster,maker,maker,79347.0000,1,1.0000,1.0000,2.0000,371,31155
2025-12-15T06:33:29.242+00:00,2025-12-15T06:34:38.050+00:00,long,1,79299.0000,79290.0000,-9.0000,-11.0000,-0.00011349,-0.00013872,ExitAdverse,maker,maker,79347.0000,0,1.0000,1.0000,2.0000,760,68808
2025-12-15T06:35:16.071+00:00,2025-12-15T06:35:18.065+00:00,long,1,79353.0000,79367.0000,14.0000,12.0000,0.00017643,0.00015122,ExitCluster,maker,maker,79401.0000,1,1.0000,1.0000,2.0000,14,1994
2025-12-15T06:35:26.932+00:00,2025-12-15T06:35:37.143+00:00,long,1,79366.0000,79346.0000,-20.0000,-22.0000,-0.00025200,-0.00027720,ExitAdverse,maker,maker,79414.0000,0,1.0000,1.0000,2.0000,129,10211
2025-12-15T06:35:38.689+00:00,2025-12-15T06:36:02.988+00:00,long,1,79346.0000,79346.0000,0.0000,-2.0000,0.00000000,-0.00002521,ExitAdverse,maker,maker,79394.0000,0,1.0000,1.0000,2.0000,533,24299
2025-12-15T06:37:25.822+00:00,2025-12-15T06:37:38.148+00:00,short,-1,79327.0000,79316.0000,11.0000,9.0000,0.00013867,0.00011345,ExitCluster,maker,maker,79279.0000,1,1.0000,1.0000,2.0000,323,12326
2025-12-15T06:40:34.720+00:00,2025-12-15T06:41:11.147+00:00,short,-1,79272.0000,79242.0000,30.0000,28.0000,0.00037844,0.00035321,ExitCluster,maker,maker,79224.0000,1,1.0000,1.0000,2.0000,669,36427
2025-12-15T06:50:07.010+00:00,2025-12-15T06:50:27.844+00:00,long,1,79326.0000,79335.0000,9.0000,7.0000,0.00011346,0.00008824,ExitCluster,maker,maker,79374.0000,1,1.0000,1.0000,2.0000,416,20834
2025-12-15T06:51:14.039+00:00,2025-12-15T06:51:22.009+00:00,long,1,79359.0000,79396.0000,37.0000,35.0000,0.00046624,0.00044103,ExitCluster,maker,maker,79407.0000,1,1.0000,1.0000,2.0000,122,7970
2025-12-15T06:51:38.948+00:00,2025-12-15T06:52:08.143+00:00,long,1,79411.0000,79428.0000,17.0000,15.0000,0.00021408,0.00018889,ExitCluster,maker,maker,79459.0000,1,1.0000,1.0000,2.0000,42,29195
2025-12-15T06:52:08.653+00:00,2025-12-15T06:52:11.625+00:00,long,1,79414.0000,79428.0000,14.0000,12.0000,0.00017629,0.00015111,ExitCluster,maker,maker,79462.0000,1,1.0000,1.0000,2.0000,390,2972
2025-12-15T06:52:11.781+00:00,2025-12-15T06:52:16.804+00:00,long,1,79414.0000,79429.0000,15.0000,13.0000,0.00018888,0.00016370,ExitCluster,maker,maker,79462.0000,1,1.0000,1.0000,2.0000,144,5023
2025-12-15T06:52:19.769+00:00,2025-12-15T06:53:11.942+00:00,long,1,79414.0000,79405.0000,-9.0000,-11.0000,-0.00011333,-0.00013851,ExitAdverse,maker,maker,79462.0000,0,1.0000,1.0000,2.0000,1706,52173
2025-12-15T06:53:16.938+00:00,2025-12-15T06:53:57.445+00:00,long,1,79381.0000,79375.0000,-6.0000,-8.0000,-0.00007558,-0.00010078,ExitAdverse,maker,maker,79429.0000,0,1.0000,1.0000,2.0000,87,40507
2025-12-15T06:54:57.283+00:00,2025-12-15T06:55:00.397+00:00,long,1,79333.0000,79336.0000,3.0000,1.0000,0.00003782,0.00001261,ExitCluster,maker,maker,79381.0000,1,1.0000,1.0000,2.0000,141,3114
2025-12-15T06:55:03.834+00:00,2025-12-15T06:55:10.101+00:00,long,1,79368.0000,79391.0000,23.0000,21.0000,0.00028979,0.00026459,ExitCluster,maker,maker,79416.0000,1,1.0000,1.0000,2.0000,43,6267
2025-12-15T06:55:11.574+00:00,2025-12-15T06:55:58.914+00:00,long,1,79380.0000,79340.0000,-40.0000,-42.0000,-0.00050391,-0.00052910,ExitAdverse,maker,maker,79428.0000,0,1.0000,1.0000,2.0000,156,47340
2025-12-15T06:56:50.384+00:00,2025-12-15T06:56:52.016+00:00,long,1,79323.0000,79328.0000,5.0000,3.0000,0.00006303,0.00003782,ExitCluster,maker,maker,79371.0000,1,1.0000,1.0000,2.0000,86,1632
2025-12-15T06:58:16.780+00:00,2025-12-15T06:59:08.579+00:00,short,-1,79299.0000,79319.0000,-20.0000,-22.0000,-0.00025221,-0.00027743,ExitAdverse,maker,maker,79251.0000,0,1.0000,1.0000,2.0000,110,51799
2025-12-15T07:00:55.571+00:00,2025-12-15T07:00:56.462+00:00,long,1,79355.0000,79340.0000,-15.0000,-17.0000,-0.00018902,-0.00021423,ExitAdverse,maker,maker,79403.0000,0,1.0000,1.0000,2.0000,141,891
2025-12-15T07:02:01.060+00:00,2025-12-15T07:02:03.057+00:00,long,1,79223.0000,79236.0000,13.0000,11.0000,0.00016409,0.00013885,ExitCluster,maker,maker,79271.0000,1,1.0000,1.0000,2.0000,17,1997
2025-12-15T07:03:21.211+00:00,2025-12-15T07:03:25.698+00:00,short,-1,79200.0000,79205.0000,-5.0000,-7.0000,-0.00006313,-0.00008838,ExitAdverse,maker,maker,79152.0000,0,1.0000,1.0000,2.0000,481,4487
2025-12-15T07:04:04.858+00:00,2025-12-15T07:04:06.069+00:00,short,-1,79197.0000,79151.0000,46.0000,44.0000,0.00058083,0.00055558,ExitCluster,maker,maker,79149.0000,1,1.0000,1.0000,2.0000,141,1211
2025-12-15T07:04:09.057+00:00,2025-12-15T07:04:09.665+00:00,short,-1,79145.0000,79136.0000,9.0000,7.0000,0.00011372,0.00008845,ExitCluster,maker,maker,79097.0000,1,1.0000,1.0000,2.0000,104,608
2025-12-15T07:04:11.087+00:00,2025-12-15T07:04:13.932+00:00,short,-1,79145.0000,79154.0000,-9.0000,-11.0000,-0.00011372,-0.00013899,ExitAdverse,maker,maker,79097.0000,0,1.0000,1.0000,2.0000,467,2845
2025-12-15T07:04:20.926+00:00,2025-12-15T07:04:23.094+00:00,long,1,79081.0000,79097.0000,16.0000,14.0000,0.00020232,0.00017703,ExitCluster,maker,maker,79129.0000,1,1.0000,1.0000,2.0000,206,2168
2025-12-15T07:04:24.253+00:00,2025-12-15T07:04:27.304+00:00,long,1,79081.0000,79098.0000,17.0000,15.0000,0.00021497,0.00018968,ExitCluster,maker,maker,79129.0000,1,1.0000,1.0000,2.0000,60,3051
2025-12-15T07:05:02.540+00:00,2025-12-15T07:05:07.496+00:00,short,-1,79086.0000,79077.0000,9.0000,7.0000,0.00011380,0.00008851,ExitCluster,maker,maker,79038.0000,1,1.0000,1.0000,2.0000,45,4956
2025-12-15T07:05:07.545+00:00,2025-12-15T07:05:09.066+00:00,short,-1,79086.0000,79075.0000,11.0000,9.0000,0.00013909,0.00011380,ExitCluster,maker,maker,79038.0000,1,1.0000,1.0000,2.0000,51,1521
2025-12-15T07:05:09.355+00:00,2025-12-15T07:05:09.871+00:00,short,-1,79086.0000,79075.0000,11.0000,9.0000,0.00013909,0.00011380,ExitCluster,maker,maker,79038.0000,1,1.0000,1.0000,2.0000,147,516
2025-12-15T07:05:10.043+00:00,2025-12-15T07:05:10.618+00:00,short,-1,79086.0000,79075.0000,11.0000,9.0000,0.00013909,0.00011380,ExitCluster,maker,maker,79038.0000,1,1.0000,1.0000,2.0000,70,575
2025-12-15T07:05:10.785+00:00,2025-12-15T07:05:17.146+00:00,short,-1,79086.0000,79211.0000,-125.0000,-127.0000,-0.00158056,-0.00160585,ExitAdverse,maker,maker,79038.0000,0,1.0000,1.0000,2.0000,148,6361
2025-12-15T07:05:18.714+00:00,2025-12-15T07:05:21.902+00:00,short,-1,79188.0000,79201.0000,-13.0000,-15.0000,-0.00016417,-0.00018942,ExitAdverse,maker,maker,79140.0000,0,1.0000,1.0000,2.0000,1,3188
2025-12-15T07:05:22.265+00:00,2025-12-15T07:05:23.298+00:00,long,1,79199.0000,79207.0000,8.0000,6.0000,0.00010101,0.00007576,ExitCluster,maker,maker,79247.0000,1,1.0000,1.0000,2.0000,54,1033
2025-12-15T07:05:34.386+00:00,2025-12-15T07:05:35.815+00:00,short,-1,79211.0000,79201.0000,10.0000,8.0000,0.00012625,0.00010100,ExitCluster,maker,maker,79163.0000,1,1.0000,1.0000,2.0000,2,1429
2025-12-15T07:05:36.141+00:00,2025-12-15T07:05:59.594+00:00,short,-1,79211.0000,79181.0000,30.0000,28.0000,0.00037874,0.00035349,ExitCluster,maker,maker,79163.0000,1,1.0000,1.0000,2.0000,273,23453
2025-12-15T07:06:01.800+00:00,2025-12-15T07:06:05.621+00:00,short,-1,79172.0000,79179.0000,-7.0000,-9.0000,-0.00008842,-0.00011368,ExitAdverse,maker,maker,79124.0000,0,1.0000,1.0000,2.0000,133,3821
2025-12-15T07:06:09.458+00:00,2025-12-15T07:06:15.010+00:00,short,-1,79186.0000,79173.0000,13.0000,11.0000,0.00016417,0.00013891,ExitCluster,maker,maker,79138.0000,1,1.0000,1.0000,2.0000,340,5552
2025-12-15T07:06:20.377+00:00,2025-12-15T07:06:40.766+00:00,short,-1,79179.0000,79170.0000,9.0000,7.0000,0.00011367,0.00008841,ExitCluster,maker,maker,79131.0000,1,1.0000,1.0000,2.0000,97,20389
2025-12-15T07:06:41.456+00:00,2025-12-15T07:06:50.615+00:00,short,-1,79171.0000,79203.0000,-32.0000,-34.0000,-0.00040419,-0.00042945,ExitAdverse,maker,maker,79123.0000,0,1.0000,1.0000,2.0000,118,9159
2025-12-15T07:07:06+00:00,2025-12-15T07:07:12.775+00:00,long,1,79168.0000,79135.0000,-33.0000,-35.0000,-0.00041684,-0.00044210,ExitAdverse,maker,maker,79216.0000,0,1.0000,1.0000,2.0000,42,6775
2025-12-15T07:07:13.788+00:00,2025-12-15T07:07:16.383+00:00,short,-1,79137.0000,79126.0000,11.0000,9.0000,0.00013900,0.00011373,ExitCluster,maker,maker,79089.0000,1,1.0000,1.0000,2.0000,15,2595
2025-12-15T07:07:20.069+00:00,2025-12-15T07:07:26.488+00:00,short,-1,79119.0000,79118.0000,1.0000,-1.0000,0.00001264,-0.00001264,ExitAdverse,maker,maker,79071.0000,0,1.0000,1.0000,2.0000,53,6419
2025-12-15T07:07:51.912+00:00,2025-12-15T07:08:10.081+00:00,long,1,79085.0000,79074.0000,-11.0000,-13.0000,-0.00013909,-0.00016438,ExitAdverse,maker,maker,79133.0000,0,1.0000,1.0000,2.0000,479,18169
2025-12-15T07:08:10.182+00:00,2025-12-15T07:08:11.276+00:00,short,-1,79080.0000,79063.0000,17.0000,15.0000,0.00021497,0.00018968,ExitCluster,maker,maker,79032.0000,1,1.0000,1.0000,2.0000,76,1094
2025-12-15T07:08:24.041+00:00,2025-12-15T07:08:33.051+00:00,short,-1,79063.0000,79051.0000,12.0000,10.0000,0.00015178,0.00012648,ExitCluster,maker,maker,79015.0000,1,1.0000,1.0000,2.0000,143,9010
2025-12-15T07:08:39.041+00:00,2025-12-15T07:08:39.516+00:00,long,1,79029.0000,79039.0000,10.0000,8.0000,0.00012654,0.00010123,ExitCluster,maker,maker,79077.0000,1,1.0000,1.0000,2.0000,148,475
2025-12-15T07:08:39.602+00:00,2025-12-15T07:08:45.657+00:00,long,1,79029.0000,79036.0000,7.0000,5.0000,0.00008858,0.00006327,ExitCluster,maker,maker,79077.0000,1,1.0000,1.0000,2.0000,61,6055
2025-12-15T07:08:46.098+00:00,2025-12-15T07:08:50.565+00:00,long,1,79029.0000,79021.0000,-8.0000,-10.0000,-0.00010123,-0.00012654,ExitAdverse,maker,maker,79077.0000,0,1.0000,1.0000,2.0000,433,4467
2025-12-15T07:08:53.519+00:00,2025-12-15T07:08:55.720+00:00,short,-1,79037.0000,79040.0000,-3.0000,-5.0000,-0.00003796,-0.00006326,ExitAdverse,maker,maker,78989.0000,0,1.0000,1.0000,2.0000,1,2201
2025-12-15T07:09:03.099+00:00,2025-12-15T07:09:07.504+00:00,short,-1,79038.0000,79024.0000,14.0000,12.0000,0.00017713,0.00015183,ExitCluster,maker,maker,78990.0000,1,1.0000,1.0000,2.0000,10,4405
2025-12-15T07:09:09.017+00:00,2025-12-15T07:09:10.040+00:00,long,1,79011.0000,79020.0000,9.0000,7.0000,0.00011391,0.00008860,ExitCluster,maker,maker,79059.0000,1,1.0000,1.0000,2.0000,40,1023
2025-12-15T07:09:10.212+00:00,2025-12-15T07:09:10.977+00:00,long,1,79011.0000,79020.0000,9.0000,7.0000,0.00011391,0.00008860,ExitCluster,maker,maker,79059.0000,1,1.0000,1.0000,2.0000,160,765
2025-12-15T07:09:11.144+00:00,2025-12-15T07:09:25.265+00:00,long,1,79012.0000,79018.0000,6.0000,4.0000,0.00007594,0.00005063,ExitCluster,maker,maker,79060.0000,1,1.0000,1.0000,2.0000,63,14121
2025-12-15T07:09:52.774+00:00,2025-12-15T07:09:57.527+00:00,long,1,79051.0000,79037.0000,-14.0000,-16.0000,-0.00017710,-0.00020240,ExitAdverse,maker,maker,79099.0000,0,1.0000,1.0000,2.0000,70,4753
2025-12-15T07:10:01.570+00:00,2025-12-15T07:10:07.693+00:00,long,1,79013.0000,79003.0000,-10.0000,-12.0000,-0.00012656,-0.00015187,ExitAdverse,maker,maker,79061.0000,0,1.0000,1.0000,2.0000,28,6123
2025-12-15T07:10:08.248+00:00,2025-12-15T07:10:08.942+00:00,short,-1,79007.0000,78992.0000,15.0000,13.0000,0.00018986,0.00016454,ExitCluster,maker,maker,78959.0000,1,1.0000,1.0000,2.0000,7,694
2025-12-15T07:10:09.131+00:00,2025-12-15T07:10:09.830+00:00,short,-1,79001.0000,78979.0000,22.0000,20.0000,0.00027848,0.00025316,ExitCluster,maker,maker,78953.0000,1,1.0000,1.0000,2.0000,168,699
2025-12-15T07:10:36.344+00:00,2025-12-15T07:10:41.109+00:00,short,-1,78993.0000,79012.0000,-19.0000,-21.0000,-0.00024053,-0.00026585,ExitAdverse,maker,maker,78945.0000,0,1.0000,1.0000,2.0000,353,4765
2025-12-15T07:10:42.532+00:00,2025-12-15T07:10:43.572+00:00,long,1,79021.0000,79050.0000,29.0000,27.0000,0.00036699,0.00034168,ExitCluster,maker,maker,79069.0000,1,1.0000,1.0000,2.0000,0,1040
2025-12-15T07:11:05.001+00:00,2025-12-15T07:11:08.590+00:00,short,-1,79029.0000,79019.0000,10.0000,8.0000,0.00012654,0.00010123,ExitCluster,maker,maker,78981.0000,1,1.0000,1.0000,2.0000,314,3589
2025-12-15T07:11:10.882+00:00,2025-12-15T07:11:13.293+00:00,short,-1,79018.0000,79003.0000,15.0000,13.0000,0.00018983,0.00016452,ExitCluster,maker,maker,78970.0000,1,1.0000,1.0000,2.0000,113,2411
2025-12-15T07:11:27.879+00:00,2025-12-15T07:11:29.135+00:00,short,-1,79029.0000,79021.0000,8.0000,6.0000,0.00010123,0.00007592,ExitCluster,maker,maker,78981.0000,1,1.0000,1.0000,2.0000,68,1256
2025-12-15T07:11:29.880+00:00,2025-12-15T07:11:33.438+00:00,short,-1,79029.0000,79016.0000,13.0000,11.0000,0.00016450,0.00013919,ExitCluster,maker,maker,78981.0000,1,1.0000,1.0000,2.0000,701,3558
2025-12-15T07:11:47.505+00:00,2025-12-15T07:12:03.038+00:00,short,-1,79029.0000,79023.0000,6.0000,4.0000,0.00007592,0.00005061,ExitCluster,maker,maker,78981.0000,1,1.0000,1.0000,2.0000,86,15533
2025-12-15T07:12:04.282+00:00,2025-12-15T07:12:08.423+00:00,short,-1,79029.0000,79021.0000,8.0000,6.0000,0.00010123,0.00007592,ExitCluster,maker,maker,78981.0000,1,1.0000,1.0000,2.0000,117,4141
2025-12-15T07:12:08.716+00:00,2025-12-15T07:12:18.706+00:00,short,-1,79029.0000,79017.0000,12.0000,10.0000,0.00015184,0.00012654,ExitCluster,maker,maker,78981.0000,1,1.0000,1.0000,2.0000,267,9990
2025-12-15T07:12:26.949+00:00,2025-12-15T07:12:51.519+00:00,short,-1,79029.0000,79016.0000,13.0000,11.0000,0.00016450,0.00013919,ExitCluster,maker,maker,78981.0000,1,1.0000,1.0000,2.0000,462,24570
2025-12-15T07:12:55.522+00:00,2025-12-15T07:13:09.516+00:00,long,1,79001.0000,78995.0000,-6.0000,-8.0000,-0.00007595,-0.00010126,ExitAdverse,maker,maker,79049.0000,0,1.0000,1.0000,2.0000,158,13994
2025-12-15T07:13:09.623+00:00,2025-12-15T07:13:21.073+00:00,short,-1,79003.0000,79003.0000,-0.0000,-2.0000,-0.00000000,-0.00002532,ExitAdverse,maker,maker,78955.0000,0,1.0000,1.0000,2.0000,90,11450
2025-12-15T07:14:05.111+00:00,2025-12-15T07:14:07.027+00:00,short,-1,79063.0000,79054.0000,9.0000,7.0000,0.00011383,0.00008854,ExitCluster,maker,maker,79015.0000,1,1.0000,1.0000,2.0000,33,1916
2025-12-15T07:14:07.784+00:00,2025-12-15T07:14:08.886+00:00,short,-1,79063.0000,79054.0000,9.0000,7.0000,0.00011383,0.00008854,ExitCluster,maker,maker,79015.0000,1,1.0000,1.0000,2.0000,6,1102
2025-12-15T07:14:15.481+00:00,2025-12-15T07:14:20.808+00:00,short,-1,79063.0000,79052.0000,11.0000,9.0000,0.00013913,0.00011383,ExitCluster,maker,maker,79015.0000,1,1.0000,1.0000,2.0000,538,5327
2025-12-15T07:14:24.874+00:00,2025-12-15T07:14:28.673+00:00,short,-1,79063.0000,79048.0000,15.0000,13.0000,0.00018972,0.00016443,ExitCluster,maker,maker,79015.0000,1,1.0000,1.0000,2.0000,12,3799
2025-12-15T07:14:35.778+00:00,2025-12-15T07:14:37.779+00:00,long,1,79032.0000,79037.0000,5.0000,3.0000,0.00006327,0.00003796,ExitCluster,maker,maker,79080.0000,1,1.0000,1.0000,2.0000,266,2001
2025-12-15T07:15:02.346+00:00,2025-12-15T07:15:03.392+00:00,short,-1,79012.0000,79006.0000,6.0000,4.0000,0.00007594,0.00005063,ExitCluster,maker,maker,78964.0000,1,1.0000,1.0000,2.0000,66,1046
2025-12-15T07:15:03.615+00:00,2025-12-15T07:15:08.375+00:00,short,-1,79012.0000,79005.0000,7.0000,5.0000,0.00008859,0.00006328,ExitCluster,maker,maker,78964.0000,1,1.0000,1.0000,2.0000,111,4760
2025-12-15T07:15:08.479+00:00,2025-12-15T07:15:09.166+00:00,short,-1,79012.0000,79001.0000,11.0000,9.0000,0.00013922,0.00011391,ExitCluster,maker,maker,78964.0000,1,1.0000,1.0000,2.0000,74,687
2025-12-15T07:15:09.694+00:00,2025-12-15T07:15:11.294+00:00,short,-1,79007.0000,78996.0000,11.0000,9.0000,0.00013923,0.00011391,ExitCluster,maker,maker,78959.0000,1,1.0000,1.0000,2.0000,414,1600
2025-12-15T07:15:11.347+00:00,2025-12-15T07:15:14.797+00:00,short,-1,79007.0000,79004.0000,3.0000,1.0000,0.00003797,0.00001266,ExitCluster,maker,maker,78959.0000,1,1.0000,1.0000,2.0000,12,3450
2025-12-15T07:15:14.931+00:00,2025-12-15T07:15:15.665+00:00,short,-1,79012.0000,79000.0000,12.0000,10.0000,0.00015188,0.00012656,ExitCluster,maker,maker,78964.0000,1,1.0000,1.0000,2.0000,126,734
2025-12-15T07:15:15.797+00:00,2025-12-15T07:15:16.387+00:00,short,-1,79002.0000,78992.0000,10.0000,8.0000,0.00012658,0.00010126,ExitCluster,maker,maker,78954.0000,1,1.0000,1.0000,2.0000,16,590
2025-12-15T07:15:16.698+00:00,2025-12-15T07:15:25.137+00:00,short,-1,79002.0000,79066.0000,-64.0000,-66.0000,-0.00081011,-0.00083542,ExitAdverse,maker,maker,78954.0000,0,1.0000,1.0000,2.0000,215,8439
2025-12-15T07:16:10.329+00:00,2025-12-15T07:16:11.738+00:00,short,-1,79081.0000,79072.0000,9.0000,7.0000,0.00011381,0.00008852,ExitCluster,maker,maker,79033.0000,1,1.0000,1.0000,2.0000,177,1409
2025-12-15T07:16:11.828+00:00,2025-12-15T07:16:16.723+00:00,short,-1,79081.0000,79076.0000,5.0000,3.0000,0.00006323,0.00003794,ExitCluster,maker,maker,79033.0000,1,1.0000,1.0000,2.0000,32,4895
2025-12-15T07:16:16.830+00:00,2025-12-15T07:16:23.124+00:00,short,-1,79081.0000,79053.0000,28.0000,26.0000,0.00035407,0.00032878,ExitCluster,maker,maker,79033.0000,1,1.0000,1.0000,2.0000,52,6294
2025-12-15T07:16:36.018+00:00,2025-12-15T07:16:42.005+00:00,short,-1,79112.0000,79109.0000,3.0000,1.0000,0.00003792,0.00001264,ExitCluster,maker,maker,79064.0000,1,1.0000,1.0000,2.0000,88,5987
2025-12-15T07:16:42.449+00:00,2025-12-15T07:16:44.754+00:00,short,-1,79117.0000,79113.0000,4.0000,2.0000,0.00005056,0.00002528,ExitCluster,maker,maker,79069.0000,1,1.0000,1.0000,2.0000,366,2305
2025-12-15T07:16:44.844+00:00,2025-12-15T07:16:56.761+00:00,short,-1,79122.0000,79091.0000,31.0000,29.0000,0.00039180,0.00036652,ExitCluster,maker,maker,79074.0000,1,1.0000,1.0000,2.0000,76,11917
2025-12-15T07:17:01.774+00:00,2025-12-15T07:17:08.854+00:00,short,-1,79099.0000,79079.0000,20.0000,18.0000,0.00025285,0.00022756,ExitCluster,maker,maker,79051.0000,1,1.0000,1.0000,2.0000,26,7080
2025-12-15T07:17:12.512+00:00,2025-12-15T07:17:13.576+00:00,short,-1,79080.0000,79073.0000,7.0000,5.0000,0.00008852,0.00006323,ExitCluster,maker,maker,79032.0000,1,1.0000,1.0000,2.0000,130,1064
2025-12-15T07:17:13.727+00:00,2025-12-15T07:17:25.775+00:00,short,-1,79080.0000,79086.0000,-6.0000,-8.0000,-0.00007587,-0.00010116,ExitAdverse,maker,maker,79032.0000,0,1.0000,1.0000,2.0000,102,12048
2025-12-15T07:17:25.824+00:00,2025-12-15T07:17:38.782+00:00,short,-1,79094.0000,79091.0000,3.0000,1.0000,0.00003793,0.00001264,ExitCluster,maker,maker,79046.0000,1,1.0000,1.0000,2.0000,20,12958
2025-12-15T07:17:46.030+00:00,2025-12-15T07:17:50.257+00:00,short,-1,79098.0000,79086.0000,12.0000,10.0000,0.00015171,0.00012643,ExitCluster,maker,maker,79050.0000,1,1.0000,1.0000,2.0000,23,4227
2025-12-15T07:18:03.876+00:00,2025-12-15T07:18:26.318+00:00,short,-1,79079.0000,79062.0000,17.0000,15.0000,0.00021497,0.00018968,ExitCluster,maker,maker,79031.0000,1,1.0000,1.0000,2.0000,256,22442
2025-12-15T07:18:41.600+00:00,2025-12-15T07:18:42.826+00:00,short,-1,79082.0000,79072.0000,10.0000,8.0000,0.00012645,0.00010116,ExitCluster,maker,maker,79034.0000,1,1.0000,1.0000,2.0000,151,1226
2025-12-15T07:18:46.828+00:00,2025-12-15T07:18:47.997+00:00,short,-1,79082.0000,79062.0000,20.0000,18.0000,0.00025290,0.00022761,ExitCluster,maker,maker,79034.0000,1,1.0000,1.0000,2.0000,219,1169
2025-12-15T07:18:53.357+00:00,2025-12-15T07:19:01.837+00:00,short,-1,79081.0000,79077.0000,4.0000,2.0000,0.00005058,0.00002529,ExitCluster,maker,maker,79033.0000,1,1.0000,1.0000,2.0000,78,8480
2025-12-15T07:19:04.904+00:00,2025-12-15T07:19:40.484+00:00,short,-1,79081.0000,79070.0000,11.0000,9.0000,0.00013910,0.00011381,ExitCluster,maker,maker,79033.0000,1,1.0000,1.0000,2.0000,73,35580
2025-12-15T07:19:40.921+00:00,2025-12-15T07:19:41.700+00:00,short,-1,79081.0000,79069.0000,12.0000,10.0000,0.00015174,0.00012645,ExitCluster,maker,maker,79033.0000,1,1.0000,1.0000,2.0000,100,779
2025-12-15T07:19:42.922+00:00,2025-12-15T07:19:53.219+00:00,short,-1,79081.0000,79067.0000,14.0000,12.0000,0.00017703,0.00015174,ExitCluster,maker,maker,79033.0000,1,1.0000,1.0000,2.0000,120,10297
2025-12-15T07:20:02.930+00:00,2025-12-15T07:20:10.446+00:00,short,-1,79065.0000,79056.0000,9.0000,7.0000,0.00011383,0.00008853,ExitCluster,maker,maker,79017.0000,1,1.0000,1.0000,2.0000,433,7516
2025-12-15T07:20:10.933+00:00,2025-12-15T07:20:17.082+00:00,short,-1,79065.0000,79055.0000,10.0000,8.0000,0.00012648,0.00010118,ExitCluster,maker,maker,79017.0000,1,1.0000,1.0000,2.0000,148,6149
2025-12-15T07:20:19.513+00:00,2025-12-15T07:20:21.641+00:00,short,-1,79065.0000,79077.0000,-12.0000,-14.0000,-0.00015177,-0.00017707,ExitAdverse,maker,maker,79017.0000,0,1.0000,1.0000,2.0000,138,2128
2025-12-15T07:20:33.558+00:00,2025-12-15T07:20:40.949+00:00,long,1,79091.0000,79086.0000,-5.0000,-7.0000,-0.00006322,-0.00008851,ExitAdverse,maker,maker,79139.0000,0,1.0000,1.0000,2.0000,152,7391
2025-12-15T07:20:51.954+00:00,2025-12-15T07:20:54.126+00:00,short,-1,79119.0000,79102.0000,17.0000,15.0000,0.00021487,0.00018959,ExitCluster,maker,maker,79071.0000,1,1.0000,1.0000,2.0000,530,2172
2025-12-15T07:20:56.006+00:00,2025-12-15T07:21:04.099+00:00,short,-1,79119.0000,79113.0000,6.0000,4.0000,0.00007584,0.00005056,ExitCluster,maker,maker,79071.0000,1,1.0000,1.0000,2.0000,73,8093
2025-12-15T07:21:04.959+00:00,2025-12-15T07:21:09.409+00:00,short,-1,79118.0000,79101.0000,17.0000,15.0000,0.00021487,0.00018959,ExitCluster,maker,maker,79070.0000,1,1.0000,1.0000,2.0000,42,4450
2025-12-15T07:21:10.127+00:00,2025-12-15T07:21:43.801+00:00,short,-1,79115.0000,79112.0000,3.0000,1.0000,0.00003792,0.00001264,ExitCluster,maker,maker,79067.0000,1,1.0000,1.0000,2.0000,134,33674
2025-12-15T07:21:43.925+00:00,2025-12-15T07:21:50.928+00:00,short,-1,79117.0000,79104.0000,13.0000,11.0000,0.00016431,0.00013903,ExitCluster,maker,maker,79069.0000,1,1.0000,1.0000,2.0000,78,7003
2025-12-15T07:22:04.418+00:00,2025-12-15T07:22:04.904+00:00,short,-1,79098.0000,79093.0000,5.0000,3.0000,0.00006321,0.00003793,ExitCluster,maker,maker,79050.0000,1,1.0000,1.0000,2.0000,313,486
2025-12-15T07:22:04.988+00:00,2025-12-15T07:22:06.123+00:00,short,-1,79098.0000,79093.0000,5.0000,3.0000,0.00006321,0.00003793,ExitCluster,maker,maker,79050.0000,1,1.0000,1.0000,2.0000,35,1135
2025-12-15T07:22:06.490+00:00,2025-12-15T07:22:18.242+00:00,short,-1,79098.0000,79097.0000,1.0000,-1.0000,0.00001264,-0.00001264,ExitAdverse,maker,maker,79050.0000,0,1.0000,1.0000,2.0000,381,11752
2025-12-15T07:22:21.683+00:00,2025-12-15T07:22:24.995+00:00,long,1,79090.0000,79098.0000,8.0000,6.0000,0.00010115,0.00007586,ExitCluster,maker,maker,79138.0000,1,1.0000,1.0000,2.0000,334,3312
2025-12-15T07:22:25.996+00:00,2025-12-15T07:22:26.671+00:00,long,1,79092.0000,79098.0000,6.0000,4.0000,0.00007586,0.00005057,ExitCluster,maker,maker,79140.0000,1,1.0000,1.0000,2.0000,36,675
2025-12-15T07:22:26.945+00:00,2025-12-15T07:22:37+00:00,long,1,79092.0000,79103.0000,11.0000,9.0000,0.00013908,0.00011379,ExitCluster,maker,maker,79140.0000,1,1.0000,1.0000,2.0000,263,10055
2025-12-15T07:22:54.008+00:00,2025-12-15T07:23:01.502+00:00,short,-1,79117.0000,79119.0000,-2.0000,-4.0000,-0.00002528,-0.00005056,ExitAdverse,maker,maker,79069.0000,0,1.0000,1.0000,2.0000,21,7494
2025-12-15T07:23:03.964+00:00,2025-12-15T07:23:08.967+00:00,short,-1,79118.0000,79106.0000,12.0000,10.0000,0.00015167,0.00012639,ExitCluster,maker,maker,79070.0000,1,1.0000,1.0000,2.0000,120,5003
2025-12-15T07:23:10.968+00:00,2025-12-15T07:23:21.974+00:00,short,-1,79116.0000,79145.0000,-29.0000,-31.0000,-0.00036655,-0.00039183,ExitAdverse,maker,maker,79068.0000,0,1.0000,1.0000,2.0000,225,11006
2025-12-15T07:24:00.995+00:00,2025-12-15T07:24:03.984+00:00,long,1,79134.0000,79142.0000,8.0000,6.0000,0.00010109,0.00007582,ExitCluster,maker,maker,79182.0000,1,1.0000,1.0000,2.0000,210,2989
2025-12-15T07:24:06.999+00:00,2025-12-15T07:24:17.912+00:00,short,-1,79142.0000,79155.0000,-13.0000,-15.0000,-0.00016426,-0.00018953,ExitAdverse,maker,maker,79094.0000,0,1.0000,1.0000,2.0000,162,10913
2025-12-15T07:24:24.006+00:00,2025-12-15T07:24:26.095+00:00,short,-1,79158.0000,79148.0000,10.0000,8.0000,0.00012633,0.00010106,ExitCluster,maker,maker,79110.0000,1,1.0000,1.0000,2.0000,118,2089
2025-12-15T07:24:26.877+00:00,2025-12-15T07:24:29.008+00:00,short,-1,79158.0000,79148.0000,10.0000,8.0000,0.00012633,0.00010106,ExitCluster,maker,maker,79110.0000,1,1.0000,1.0000,2.0000,44,2131
2025-12-15T07:24:29.563+00:00,2025-12-15T07:24:30.009+00:00,short,-1,79158.0000,79148.0000,10.0000,8.0000,0.00012633,0.00010106,ExitCluster,maker,maker,79110.0000,1,1.0000,1.0000,2.0000,495,446
2025-12-15T07:24:30.052+00:00,2025-12-15T07:24:32.010+00:00,short,-1,79158.0000,79150.0000,8.0000,6.0000,0.00010106,0.00007580,ExitCluster,maker,maker,79110.0000,1,1.0000,1.0000,2.0000,34,1958
2025-12-15T07:24:33.010+00:00,2025-12-15T07:24:42.230+00:00,short,-1,79158.0000,79175.0000,-17.0000,-19.0000,-0.00021476,-0.00024003,ExitAdverse,maker,maker,79110.0000,0,1.0000,1.0000,2.0000,247,9220
2025-12-15T07:24:49.309+00:00,2025-12-15T07:24:50.019+00:00,short,-1,79199.0000,79188.0000,11.0000,9.0000,0.00013889,0.00011364,ExitCluster,maker,maker,79151.0000,1,1.0000,1.0000,2.0000,219,710
2025-12-15T07:24:50.710+00:00,2025-12-15T07:24:56.500+00:00,short,-1,79199.0000,79192.0000,7.0000,5.0000,0.00008838,0.00006313,ExitCluster,maker,maker,79151.0000,1,1.0000,1.0000,2.0000,29,5790
2025-12-15T07:25:02.002+00:00,2025-12-15T07:25:02.467+00:00,long,1,79192.0000,79198.0000,6.0000,4.0000,0.00007577,0.00005051,ExitCluster,maker,maker,79240.0000,1,1.0000,1.0000,2.0000,172,465
2025-12-15T07:25:08.029+00:00,2025-12-15T07:25:12.069+00:00,long,1,79192.0000,79193.0000,1.0000,-1.0000,0.00001263,-0.00001263,ExitAdverse,maker,maker,79240.0000,0,1.0000,1.0000,2.0000,148,4040
2025-12-15T07:25:30.736+00:00,2025-12-15T07:25:33.774+00:00,short,-1,79199.0000,79189.0000,10.0000,8.0000,0.00012626,0.00010101,ExitCluster,maker,maker,79151.0000,1,1.0000,1.0000,2.0000,473,3038
2025-12-15T07:25:34.045+00:00,2025-12-15T07:25:57.058+00:00,short,-1,79199.0000,79189.0000,10.0000,8.0000,0.00012626,0.00010101,ExitCluster,maker,maker,79151.0000,1,1.0000,1.0000,2.0000,236,23013
2025-12-15T07:25:57.446+00:00,2025-12-15T07:26:02.130+00:00,short,-1,79199.0000,79189.0000,10.0000,8.0000,0.00012626,0.00010101,ExitCluster,maker,maker,79151.0000,1,1.0000,1.0000,2.0000,279,4684
2025-12-15T07:26:05.096+00:00,2025-12-15T07:26:08.080+00:00,short,-1,79190.0000,79224.0000,-34.0000,-36.0000,-0.00042935,-0.00045460,ExitAdverse,maker,maker,79142.0000,0,1.0000,1.0000,2.0000,44,2984
2025-12-15T07:26:23.395+00:00,2025-12-15T07:26:24.107+00:00,long,1,79248.0000,79267.0000,19.0000,17.0000,0.00023975,0.00021452,ExitCluster,maker,maker,79296.0000,1,1.0000,1.0000,2.0000,72,712
2025-12-15T07:30:01.996+00:00,2025-12-15T07:30:09.740+00:00,short,-1,79151.0000,79119.0000,32.0000,30.0000,0.00040429,0.00037902,ExitCluster,maker,maker,79103.0000,1,1.0000,1.0000,2.0000,9,7744
2025-12-15T07:30:10.198+00:00,2025-12-15T07:30:12.198+00:00,short,-1,79128.0000,79142.0000,-14.0000,-16.0000,-0.00017693,-0.00020220,ExitAdverse,maker,maker,79080.0000,0,1.0000,1.0000,2.0000,81,2000
2025-12-15T07:30:12.680+00:00,2025-12-15T07:30:20.556+00:00,short,-1,79151.0000,79163.0000,-12.0000,-14.0000,-0.00015161,-0.00017688,ExitAdverse,maker,maker,79103.0000,0,1.0000,1.0000,2.0000,522,7876
2025-12-15T07:31:04.228+00:00,2025-12-15T07:31:22.238+00:00,short,-1,79185.0000,79168.0000,17.0000,15.0000,0.00021469,0.00018943,ExitCluster,maker,maker,79137.0000,1,1.0000,1.0000,2.0000,187,18010
2025-12-15T07:31:29.400+00:00,2025-12-15T07:31:31.385+00:00,short,-1,79185.0000,79173.0000,12.0000,10.0000,0.00015154,0.00012629,ExitCluster,maker,maker,79137.0000,1,1.0000,1.0000,2.0000,135,1985
2025-12-15T07:31:33.802+00:00,2025-12-15T07:31:37.423+00:00,short,-1,79185.0000,79175.0000,10.0000,8.0000,0.00012629,0.00010103,ExitCluster,maker,maker,79137.0000,1,1.0000,1.0000,2.0000,523,3621
2025-12-15T07:31:43.939+00:00,2025-12-15T07:32:01.762+00:00,short,-1,79174.0000,79181.0000,-7.0000,-9.0000,-0.00008841,-0.00011367,ExitAdverse,maker,maker,79126.0000,0,1.0000,1.0000,2.0000,581,17823
2025-12-15T07:32:08.759+00:00,2025-12-15T07:32:11.296+00:00,short,-1,79184.0000,79197.0000,-13.0000,-15.0000,-0.00016417,-0.00018943,ExitAdverse,maker,maker,79136.0000,0,1.0000,1.0000,2.0000,6,2537
2025-12-15T07:32:21.278+00:00,2025-12-15T07:32:25.270+00:00,short,-1,79229.0000,79215.0000,14.0000,12.0000,0.00017670,0.00015146,ExitCluster,maker,maker,79181.0000,1,1.0000,1.0000,2.0000,105,3992
2025-12-15T07:32:28.271+00:00,2025-12-15T07:32:32.273+00:00,short,-1,79229.0000,79208.0000,21.0000,19.0000,0.00026505,0.00023981,ExitCluster,maker,maker,79181.0000,1,1.0000,1.0000,2.0000,623,4002
2025-12-15T07:33:16.031+00:00,2025-12-15T07:33:16.667+00:00,short,-1,79200.0000,79210.0000,-10.0000,-12.0000,-0.00012626,-0.00015152,ExitAdverse,maker,maker,79152.0000,0,1.0000,1.0000,2.0000,311,636
2025-12-15T07:33:50.314+00:00,2025-12-15T07:33:51.315+00:00,short,-1,79229.0000,79214.0000,15.0000,13.0000,0.00018932,0.00016408,ExitCluster,maker,maker,79181.0000,1,1.0000,1.0000,2.0000,256,1001
2025-12-15T07:33:58.586+00:00,2025-12-15T07:33:59.319+00:00,short,-1,79229.0000,79226.0000,3.0000,1.0000,0.00003786,0.00001262,ExitCluster,maker,maker,79181.0000,1,1.0000,1.0000,2.0000,252,733
2025-12-15T07:35:05.354+00:00,2025-12-15T07:35:06.797+00:00,long,1,79199.0000,79211.0000,12.0000,10.0000,0.00015152,0.00012626,ExitCluster,maker,maker,79247.0000,1,1.0000,1.0000,2.0000,436,1443
2025-12-15T07:35:08.644+00:00,2025-12-15T07:35:14.359+00:00,long,1,79199.0000,79208.0000,9.0000,7.0000,0.00011364,0.00008838,ExitCluster,maker,maker,79247.0000,1,1.0000,1.0000,2.0000,195,5715
2025-12-15T07:35:23.021+00:00,2025-12-15T07:35:27.667+00:00,long,1,79194.0000,79208.0000,14.0000,12.0000,0.00017678,0.00015153,ExitCluster,maker,maker,79242.0000,1,1.0000,1.0000,2.0000,357,4646
2025-12-15T07:35:36.537+00:00,2025-12-15T07:35:38.476+00:00,short,-1,79233.0000,79224.0000,9.0000,7.0000,0.00011359,0.00008835,ExitCluster,maker,maker,79185.0000,1,1.0000,1.0000,2.0000,112,1939
2025-12-15T07:36:03.384+00:00,2025-12-15T07:36:06.327+00:00,short,-1,79213.0000,79207.0000,6.0000,4.0000,0.00007575,0.00005050,ExitCluster,maker,maker,79165.0000,1,1.0000,1.0000,2.0000,547,2943
2025-12-15T07:36:09.387+00:00,2025-12-15T07:36:35.359+00:00,short,-1,79213.0000,79208.0000,5.0000,3.0000,0.00006312,0.00003787,ExitCluster,maker,maker,79165.0000,1,1.0000,1.0000,2.0000,461,25972
2025-12-15T07:36:57.413+00:00,2025-12-15T07:37:01.342+00:00,short,-1,79215.0000,79206.0000,9.0000,7.0000,0.00011361,0.00008837,ExitCluster,maker,maker,79167.0000,1,1.0000,1.0000,2.0000,174,3929
2025-12-15T07:37:02.415+00:00,2025-12-15T07:37:07.967+00:00,short,-1,79208.0000,79203.0000,5.0000,3.0000,0.00006312,0.00003787,ExitCluster,maker,maker,79160.0000,1,1.0000,1.0000,2.0000,303,5552
2025-12-15T07:37:09.419+00:00,2025-12-15T07:37:10.287+00:00,long,1,79193.0000,79209.0000,16.0000,14.0000,0.00020204,0.00017678,ExitCluster,maker,maker,79241.0000,1,1.0000,1.0000,2.0000,8,868
2025-12-15T07:37:26.426+00:00,2025-12-15T07:37:34.657+00:00,short,-1,79215.0000,79216.0000,-1.0000,-3.0000,-0.00001262,-0.00003787,ExitAdverse,maker,maker,79167.0000,0,1.0000,1.0000,2.0000,409,8231
2025-12-15T07:37:49.905+00:00,2025-12-15T07:37:50.437+00:00,short,-1,79229.0000,79219.0000,10.0000,8.0000,0.00012622,0.00010097,ExitCluster,maker,maker,79181.0000,1,1.0000,1.0000,2.0000,462,532
2025-12-15T07:37:51.437+00:00,2025-12-15T07:37:53.438+00:00,short,-1,79229.0000,79219.0000,10.0000,8.0000,0.00012622,0.00010097,ExitCluster,maker,maker,79181.0000,1,1.0000,1.0000,2.0000,986,2001
2025-12-15T07:37:55.050+00:00,2025-12-15T07:37:57.440+00:00,short,-1,79229.0000,79219.0000,10.0000,8.0000,0.00012622,0.00010097,ExitCluster,maker,maker,79181.0000,1,1.0000,1.0000,2.0000,596,2390
2025-12-15T07:37:58.440+00:00,2025-12-15T07:38:00.172+00:00,short,-1,79229.0000,79218.0000,11.0000,9.0000,0.00013884,0.00011359,ExitCluster,maker,maker,79181.0000,1,1.0000,1.0000,2.0000,76,1732
2025-12-15T07:38:03.443+00:00,2025-12-15T07:38:09.445+00:00,short,-1,79219.0000,79206.0000,13.0000,11.0000,0.00016410,0.00013886,ExitCluster,maker,maker,79171.0000,1,1.0000,1.0000,2.0000,179,6002
2025-12-15T07:38:11.446+00:00,2025-12-15T07:38:22.451+00:00,short,-1,79219.0000,79206.0000,13.0000,11.0000,0.00016410,0.00013886,ExitCluster,maker,maker,79171.0000,1,1.0000,1.0000,2.0000,281,11005
2025-12-15T07:38:24.794+00:00,2025-12-15T07:38:25.777+00:00,short,-1,79219.0000,79204.0000,15.0000,13.0000,0.00018935,0.00016410,ExitCluster,maker,maker,79171.0000,1,1.0000,1.0000,2.0000,154,983
2025-12-15T07:38:32.456+00:00,2025-12-15T07:38:36.458+00:00,long,1,79193.0000,79209.0000,16.0000,14.0000,0.00020204,0.00017678,ExitCluster,maker,maker,79241.0000,1,1.0000,1.0000,2.0000,229,4002
2025-12-15T07:38:41.460+00:00,2025-12-15T07:38:42.477+00:00,long,1,79203.0000,79210.0000,7.0000,5.0000,0.00008838,0.00006313,ExitCluster,maker,maker,79251.0000,1,1.0000,1.0000,2.0000,13,1017
2025-12-15T07:38:42.557+00:00,2025-12-15T07:38:51.465+00:00,short,-1,79219.0000,79228.0000,-9.0000,-11.0000,-0.00011361,-0.00013886,ExitAdverse,maker,maker,79171.0000,0,1.0000,1.0000,2.0000,14,8908
2025-12-15T07:39:05.912+00:00,2025-12-15T07:39:11.478+00:00,long,1,79203.0000,79208.0000,5.0000,3.0000,0.00006313,0.00003788,ExitCluster,maker,maker,79251.0000,1,1.0000,1.0000,2.0000,414,5566
2025-12-15T07:39:13.840+00:00,2025-12-15T07:39:17.481+00:00,short,-1,79209.0000,79231.0000,-22.0000,-24.0000,-0.00027775,-0.00030300,ExitAdverse,maker,maker,79161.0000,0,1.0000,1.0000,2.0000,264,3641
2025-12-15T07:39:20.422+00:00,2025-12-15T07:39:35.180+00:00,long,1,79234.0000,79252.0000,18.0000,16.0000,0.00022718,0.00020193,ExitCluster,maker,maker,79282.0000,1,1.0000,1.0000,2.0000,176,14758
2025-12-15T07:39:38.163+00:00,2025-12-15T07:39:41.042+00:00,long,1,79260.0000,79267.0000,7.0000,5.0000,0.00008832,0.00006308,ExitCluster,maker,maker,79308.0000,1,1.0000,1.0000,2.0000,140,2879
2025-12-15T07:39:41.128+00:00,2025-12-15T07:39:44.498+00:00,long,1,79260.0000,79228.0000,-32.0000,-34.0000,-0.00040373,-0.00042897,ExitAdverse,maker,maker,79308.0000,0,1.0000,1.0000,2.0000,7,3370
2025-12-15T07:40:03.509+00:00,2025-12-15T07:40:08.512+00:00,long,1,79247.0000,79254.0000,7.0000,5.0000,0.00008833,0.00006309,ExitCluster,maker,maker,79295.0000,1,1.0000,1.0000,2.0000,105,5003
2025-12-15T07:40:27.864+00:00,2025-12-15T07:40:46.922+00:00,long,1,79234.0000,79215.0000,-19.0000,-21.0000,-0.00023980,-0.00026504,ExitAdverse,maker,maker,79282.0000,0,1.0000,1.0000,2.0000,275,19058
2025-12-15T07:40:59.286+00:00,2025-12-15T07:41:00.967+00:00,long,1,79227.0000,79235.0000,8.0000,6.0000,0.00010098,0.00007573,ExitCluster,maker,maker,79275.0000,1,1.0000,1.0000,2.0000,575,1681
2025-12-15T07:41:01.451+00:00,2025-12-15T07:41:02.544+00:00,long,1,79227.0000,79234.0000,7.0000,5.0000,0.00008835,0.00006311,ExitCluster,maker,maker,79275.0000,1,1.0000,1.0000,2.0000,432,1093
2025-12-15T07:41:03.149+00:00,2025-12-15T07:41:04.545+00:00,long,1,79227.0000,79234.0000,7.0000,5.0000,0.00008835,0.00006311,ExitCluster,maker,maker,79275.0000,1,1.0000,1.0000,2.0000,135,1396
2025-12-15T07:41:08.012+00:00,2025-12-15T07:41:11.548+00:00,short,-1,79234.0000,79240.0000,-6.0000,-8.0000,-0.00007573,-0.00010097,ExitAdverse,maker,maker,79186.0000,0,1.0000,1.0000,2.0000,352,3536
2025-12-15T07:41:20.604+00:00,2025-12-15T07:41:21.553+00:00,long,1,79234.0000,79241.0000,7.0000,5.0000,0.00008835,0.00006310,ExitCluster,maker,maker,79282.0000,1,1.0000,1.0000,2.0000,36,949
2025-12-15T07:41:21.841+00:00,2025-12-15T07:41:39.563+00:00,long,1,79234.0000,79243.0000,9.0000,7.0000,0.00011359,0.00008835,ExitCluster,maker,maker,79282.0000,1,1.0000,1.0000,2.0000,270,17722
2025-12-15T07:41:42.564+00:00,2025-12-15T07:41:52.570+00:00,long,1,79233.0000,79222.0000,-11.0000,-13.0000,-0.00013883,-0.00016407,ExitAdverse,maker,maker,79281.0000,0,1.0000,1.0000,2.0000,124,10006
2025-12-15T07:42:11.409+00:00,2025-12-15T07:42:14.582+00:00,long,1,79208.0000,79220.0000,12.0000,10.0000,0.00015150,0.00012625,ExitCluster,maker,maker,79256.0000,1,1.0000,1.0000,2.0000,202,3173
2025-12-15T07:42:35.593+00:00,2025-12-15T07:42:38.595+00:00,short,-1,79243.0000,79231.0000,12.0000,10.0000,0.00015143,0.00012619,ExitCluster,maker,maker,79195.0000,1,1.0000,1.0000,2.0000,160,3002
2025-12-15T07:42:39.595+00:00,2025-12-15T07:42:44.598+00:00,short,-1,79243.0000,79234.0000,9.0000,7.0000,0.00011357,0.00008834,ExitCluster,maker,maker,79195.0000,1,1.0000,1.0000,2.0000,280,5003
2025-12-15T07:42:45.316+00:00,2025-12-15T07:42:48.601+00:00,short,-1,79243.0000,79234.0000,9.0000,7.0000,0.00011357,0.00008834,ExitCluster,maker,maker,79195.0000,1,1.0000,1.0000,2.0000,33,3285
2025-12-15T07:42:49.601+00:00,2025-12-15T07:42:55.605+00:00,short,-1,79243.0000,79233.0000,10.0000,8.0000,0.00012619,0.00010096,ExitCluster,maker,maker,79195.0000,1,1.0000,1.0000,2.0000,41,6004
2025-12-15T07:42:56.605+00:00,2025-12-15T07:43:03.416+00:00,short,-1,79243.0000,79235.0000,8.0000,6.0000,0.00010096,0.00007572,ExitCluster,maker,maker,79195.0000,1,1.0000,1.0000,2.0000,228,6811
2025-12-15T07:43:03.590+00:00,2025-12-15T07:43:10.364+00:00,short,-1,79243.0000,79212.0000,31.0000,29.0000,0.00039120,0.00036596,ExitCluster,maker,maker,79195.0000,1,1.0000,1.0000,2.0000,155,6774
2025-12-15T07:43:23.907+00:00,2025-12-15T07:43:35.191+00:00,short,-1,79243.0000,79236.0000,7.0000,5.0000,0.00008834,0.00006310,ExitCluster,maker,maker,79195.0000,1,1.0000,1.0000,2.0000,55,11284
2025-12-15T07:44:26.657+00:00,2025-12-15T07:44:29.923+00:00,short,-1,79259.0000,79248.0000,11.0000,9.0000,0.00013879,0.00011355,ExitCluster,maker,maker,79211.0000,1,1.0000,1.0000,2.0000,290,3266
2025-12-15T07:44:35.528+00:00,2025-12-15T07:44:37.664+00:00,short,-1,79278.0000,79270.0000,8.0000,6.0000,0.00010091,0.00007568,ExitCluster,maker,maker,79230.0000,1,1.0000,1.0000,2.0000,29,2136
2025-12-15T07:44:38.320+00:00,2025-12-15T07:45:07.678+00:00,short,-1,79278.0000,79263.0000,15.0000,13.0000,0.00018921,0.00016398,ExitCluster,maker,maker,79230.0000,1,1.0000,1.0000,2.0000,12,29358
2025-12-15T07:45:08.679+00:00,2025-12-15T07:45:11.680+00:00,short,-1,79274.0000,79263.0000,11.0000,9.0000,0.00013876,0.00011353,ExitCluster,maker,maker,79226.0000,1,1.0000,1.0000,2.0000,308,3001
2025-12-15T07:45:15.185+00:00,2025-12-15T07:45:25.744+00:00,long,1,79251.0000,79254.0000,3.0000,1.0000,0.00003785,0.00001262,ExitCluster,maker,maker,79299.0000,1,1.0000,1.0000,2.0000,470,10559
2025-12-15T07:45:26.687+00:00,2025-12-15T07:45:52.698+00:00,short,-1,79274.0000,79254.0000,20.0000,18.0000,0.00025229,0.00022706,ExitCluster,maker,maker,79226.0000,1,1.0000,1.0000,2.0000,49,26011
2025-12-15T07:46:01.579+00:00,2025-12-15T07:46:24.714+00:00,short,-1,79273.0000,79276.0000,-3.0000,-5.0000,-0.00003784,-0.00006307,ExitAdverse,maker,maker,79225.0000,0,1.0000,1.0000,2.0000,181,23135
2025-12-15T07:46:28.687+00:00,2025-12-15T07:46:55.909+00:00,short,-1,79299.0000,79331.0000,-32.0000,-34.0000,-0.00040354,-0.00042876,ExitAdverse,maker,maker,79251.0000,0,1.0000,1.0000,2.0000,5,27222
2025-12-15T07:47:03.451+00:00,2025-12-15T07:47:09.488+00:00,long,1,79326.0000,79348.0000,22.0000,20.0000,0.00027734,0.00025212,ExitCluster,maker,maker,79374.0000,1,1.0000,1.0000,2.0000,11,6037
2025-12-15T07:47:12.739+00:00,2025-12-15T07:47:13.863+00:00,long,1,79327.0000,79347.0000,20.0000,18.0000,0.00025212,0.00022691,ExitCluster,maker,maker,79375.0000,1,1.0000,1.0000,2.0000,422,1124
2025-12-15T07:47:16.708+00:00,2025-12-15T07:47:23.184+00:00,long,1,79327.0000,79319.0000,-8.0000,-10.0000,-0.00010085,-0.00012606,ExitAdverse,maker,maker,79375.0000,0,1.0000,1.0000,2.0000,210,6476
2025-12-15T07:47:35.194+00:00,2025-12-15T07:47:39.754+00:00,short,-1,79309.0000,79281.0000,28.0000,26.0000,0.00035305,0.00032783,ExitCluster,maker,maker,79261.0000,1,1.0000,1.0000,2.0000,146,4560
2025-12-15T07:47:40.190+00:00,2025-12-15T07:47:45.757+00:00,short,-1,79291.0000,79282.0000,9.0000,7.0000,0.00011351,0.00008828,ExitCluster,maker,maker,79243.0000,1,1.0000,1.0000,2.0000,122,5567
2025-12-15T07:47:45.978+00:00,2025-12-15T07:47:51.027+00:00,short,-1,79291.0000,79291.0000,-0.0000,-2.0000,-0.00000000,-0.00002522,ExitAdverse,maker,maker,79243.0000,0,1.0000,1.0000,2.0000,212,5049
2025-12-15T07:47:52.008+00:00,2025-12-15T07:48:19.312+00:00,short,-1,79280.0000,79261.0000,19.0000,17.0000,0.00023966,0.00021443,ExitCluster,maker,maker,79232.0000,1,1.0000,1.0000,2.0000,30,27304
2025-12-15T07:48:19.772+00:00,2025-12-15T07:48:29.321+00:00,short,-1,79267.0000,79261.0000,6.0000,4.0000,0.00007569,0.00005046,ExitCluster,maker,maker,79219.0000,1,1.0000,1.0000,2.0000,448,9549
2025-12-15T07:48:29.777+00:00,2025-12-15T07:48:47.485+00:00,short,-1,79267.0000,79255.0000,12.0000,10.0000,0.00015139,0.00012616,ExitCluster,maker,maker,79219.0000,1,1.0000,1.0000,2.0000,400,17708
2025-12-15T07:49:07.874+00:00,2025-12-15T07:49:13.798+00:00,short,-1,79267.0000,79253.0000,14.0000,12.0000,0.00017662,0.00015139,ExitCluster,maker,maker,79219.0000,1,1.0000,1.0000,2.0000,2,5924
2025-12-15T07:49:21.803+00:00,2025-12-15T07:49:23.226+00:00,short,-1,79243.0000,79232.0000,11.0000,9.0000,0.00013881,0.00011357,ExitCluster,maker,maker,79195.0000,1,1.0000,1.0000,2.0000,386,1423
2025-12-15T07:49:29.767+00:00,2025-12-15T07:49:30.773+00:00,short,-1,79226.0000,79208.0000,18.0000,16.0000,0.00022720,0.00020195,ExitCluster,maker,maker,79178.0000,1,1.0000,1.0000,2.0000,92,1006
2025-12-15T07:49:30.955+00:00,2025-12-15T07:50:06.175+00:00,short,-1,79217.0000,79218.0000,-1.0000,-3.0000,-0.00001262,-0.00003787,ExitAdverse,maker,maker,79169.0000,0,1.0000,1.0000,2.0000,136,35220
2025-12-15T07:50:06.430+00:00,2025-12-15T07:50:19.830+00:00,short,-1,79226.0000,79216.0000,10.0000,8.0000,0.00012622,0.00010098,ExitCluster,maker,maker,79178.0000,1,1.0000,1.0000,2.0000,185,13400
2025-12-15T07:50:20.995+00:00,2025-12-15T07:50:40.840+00:00,long,1,79204.0000,79212.0000,8.0000,6.0000,0.00010100,0.00007575,ExitCluster,maker,maker,79252.0000,1,1.0000,1.0000,2.0000,154,19845
2025-12-15T07:50:41.840+00:00,2025-12-15T07:50:44.465+00:00,long,1,79203.0000,79211.0000,8.0000,6.0000,0.00010101,0.00007575,ExitCluster,maker,maker,79251.0000,1,1.0000,1.0000,2.0000,532,2625
2025-12-15T07:50:44.546+00:00,2025-12-15T07:50:58.641+00:00,long,1,79203.0000,79226.0000,23.0000,21.0000,0.00029039,0.00026514,ExitCluster,maker,maker,79251.0000,1,1.0000,1.0000,2.0000,41,14095
2025-12-15T07:51:00.345+00:00,2025-12-15T07:51:37.869+00:00,short,-1,79243.0000,79256.0000,-13.0000,-15.0000,-0.00016405,-0.00018929,ExitAdverse,maker,maker,79195.0000,0,1.0000,1.0000,2.0000,431,37524
2025-12-15T07:51:38.870+00:00,2025-12-15T07:51:41.562+00:00,long,1,79242.0000,79259.0000,17.0000,15.0000,0.00021453,0.00018929,ExitCluster,maker,maker,79290.0000,1,1.0000,1.0000,2.0000,152,2692
2025-12-15T07:51:42.872+00:00,2025-12-15T07:51:47.693+00:00,short,-1,79259.0000,79259.0000,-0.0000,-2.0000,-0.00000000,-0.00002523,ExitAdverse,maker,maker,79211.0000,0,1.0000,1.0000,2.0000,372,4821
2025-12-15T07:51:48.328+00:00,2025-12-15T07:51:50.483+00:00,long,1,79235.0000,79244.0000,9.0000,7.0000,0.00011359,0.00008834,ExitCluster,maker,maker,79283.0000,1,1.0000,1.0000,2.0000,283,2155
2025-12-15T07:51:50.875+00:00,2025-12-15T07:51:56.154+00:00,short,-1,79259.0000,79256.0000,3.0000,1.0000,0.00003785,0.00001262,ExitCluster,maker,maker,79211.0000,1,1.0000,1.0000,2.0000,333,5279
2025-12-15T07:51:56.878+00:00,2025-12-15T07:52:01.429+00:00,long,1,79232.0000,79243.0000,11.0000,9.0000,0.00013883,0.00011359,ExitCluster,maker,maker,79280.0000,1,1.0000,1.0000,2.0000,57,4551
2025-12-15T07:52:01.496+00:00,2025-12-15T07:52:32.897+00:00,long,1,79232.0000,79223.0000,-9.0000,-11.0000,-0.00011359,-0.00013883,ExitAdverse,maker,maker,79280.0000,0,1.0000,1.0000,2.0000,142,31401
2025-12-15T07:52:38.900+00:00,2025-12-15T07:52:39.561+00:00,short,-1,79239.0000,79229.0000,10.0000,8.0000,0.00012620,0.00010096,ExitCluster,maker,maker,79191.0000,1,1.0000,1.0000,2.0000,72,661
2025-12-15T07:52:39.901+00:00,2025-12-15T07:52:41.902+00:00,short,-1,79239.0000,79229.0000,10.0000,8.0000,0.00012620,0.00010096,ExitCluster,maker,maker,79191.0000,1,1.0000,1.0000,2.0000,314,2001
2025-12-15T07:52:42.903+00:00,2025-12-15T07:52:43.507+00:00,short,-1,79238.0000,79229.0000,9.0000,7.0000,0.00011358,0.00008834,ExitCluster,maker,maker,79190.0000,1,1.0000,1.0000,2.0000,228,604
2025-12-15T07:52:45.510+00:00,2025-12-15T07:52:49.937+00:00,short,-1,79238.0000,79229.0000,9.0000,7.0000,0.00011358,0.00008834,ExitCluster,maker,maker,79190.0000,1,1.0000,1.0000,2.0000,435,4427
2025-12-15T07:52:58.440+00:00,2025-12-15T07:53:01.911+00:00,short,-1,79230.0000,79222.0000,8.0000,6.0000,0.00010097,0.00007573,ExitCluster,maker,maker,79182.0000,1,1.0000,1.0000,2.0000,90,3471
2025-12-15T07:53:03.736+00:00,2025-12-15T07:53:25.925+00:00,long,1,79222.0000,79239.0000,17.0000,15.0000,0.00021459,0.00018934,ExitCluster,maker,maker,79270.0000,1,1.0000,1.0000,2.0000,584,22189
2025-12-15T07:53:26.112+00:00,2025-12-15T07:53:38.060+00:00,long,1,79229.0000,79240.0000,11.0000,9.0000,0.00013884,0.00011359,ExitCluster,maker,maker,79277.0000,1,1.0000,1.0000,2.0000,165,11948
2025-12-15T07:53:43.933+00:00,2025-12-15T07:54:02.332+00:00,short,-1,79257.0000,79253.0000,4.0000,2.0000,0.00005047,0.00002523,ExitCluster,maker,maker,79209.0000,1,1.0000,1.0000,2.0000,581,18399
2025-12-15T07:54:02.407+00:00,2025-12-15T07:54:05.958+00:00,short,-1,79255.0000,79252.0000,3.0000,1.0000,0.00003785,0.00001262,ExitCluster,maker,maker,79207.0000,1,1.0000,1.0000,2.0000,31,3551
2025-12-15T07:54:13.584+00:00,2025-12-15T07:54:22.951+00:00,short,-1,79267.0000,79252.0000,15.0000,13.0000,0.00018923,0.00016400,ExitCluster,maker,maker,79219.0000,1,1.0000,1.0000,2.0000,133,9367
2025-12-15T07:54:35.957+00:00,2025-12-15T07:54:47.381+00:00,short,-1,79267.0000,79249.0000,18.0000,16.0000,0.00022708,0.00020185,ExitCluster,maker,maker,79219.0000,1,1.0000,1.0000,2.0000,237,11424
2025-12-15T07:54:49.963+00:00,2025-12-15T07:54:52.912+00:00,short,-1,79259.0000,79239.0000,20.0000,18.0000,0.00025234,0.00022710,ExitCluster,maker,maker,79211.0000,1,1.0000,1.0000,2.0000,146,2949
2025-12-15T07:54:53.743+00:00,2025-12-15T07:55:02.264+00:00,short,-1,79245.0000,79232.0000,13.0000,11.0000,0.00016405,0.00013881,ExitCluster,maker,maker,79197.0000,1,1.0000,1.0000,2.0000,484,8521
2025-12-15T07:55:02.343+00:00,2025-12-15T07:55:23.978+00:00,short,-1,79238.0000,79222.0000,16.0000,14.0000,0.00020192,0.00017668,ExitCluster,maker,maker,79190.0000,1,1.0000,1.0000,2.0000,31,21635
2025-12-15T07:55:29.982+00:00,2025-12-15T07:55:31.983+00:00,short,-1,79230.0000,79222.0000,8.0000,6.0000,0.00010097,0.00007573,ExitCluster,maker,maker,79182.0000,1,1.0000,1.0000,2.0000,119,2001
2025-12-15T07:55:33.984+00:00,2025-12-15T07:55:36.985+00:00,short,-1,79230.0000,79222.0000,8.0000,6.0000,0.00010097,0.00007573,ExitCluster,maker,maker,79182.0000,1,1.0000,1.0000,2.0000,989,3001
2025-12-15T07:55:42.761+00:00,2025-12-15T07:55:43.994+00:00,short,-1,79245.0000,79240.0000,5.0000,3.0000,0.00006310,0.00003786,ExitCluster,maker,maker,79197.0000,1,1.0000,1.0000,2.0000,52,1233
2025-12-15T07:55:59.995+00:00,2025-12-15T07:56:07.903+00:00,short,-1,79245.0000,79257.0000,-12.0000,-14.0000,-0.00015143,-0.00017667,ExitAdverse,maker,maker,79197.0000,0,1.0000,1.0000,2.0000,101,7908
2025-12-15T07:56:07.999+00:00,2025-12-15T07:57:12.807+00:00,short,-1,79263.0000,79251.0000,12.0000,10.0000,0.00015139,0.00012616,ExitCluster,maker,maker,79215.0000,1,1.0000,1.0000,2.0000,19,64808
2025-12-15T07:57:12.895+00:00,2025-12-15T07:57:23.812+00:00,short,-1,79263.0000,79244.0000,19.0000,17.0000,0.00023971,0.00021448,ExitCluster,maker,maker,79215.0000,1,1.0000,1.0000,2.0000,70,10917
2025-12-15T07:57:24.037+00:00,2025-12-15T07:57:37.804+00:00,short,-1,79249.0000,79250.0000,-1.0000,-3.0000,-0.00001262,-0.00003786,ExitAdverse,maker,maker,79201.0000,0,1.0000,1.0000,2.0000,209,13767
2025-12-15T07:57:38.044+00:00,2025-12-15T07:57:55.052+00:00,short,-1,79263.0000,79248.0000,15.0000,13.0000,0.00018924,0.00016401,ExitCluster,maker,maker,79215.0000,1,1.0000,1.0000,2.0000,237,17008
2025-12-15T07:57:57.053+00:00,2025-12-15T07:57:59.198+00:00,short,-1,79253.0000,79235.0000,18.0000,16.0000,0.00022712,0.00020189,ExitCluster,maker,maker,79205.0000,1,1.0000,1.0000,2.0000,90,2145
2025-12-15T07:58:00.054+00:00,2025-12-15T07:58:12.054+00:00,short,-1,79243.0000,79242.0000,1.0000,-1.0000,0.00001262,-0.00001262,ExitAdverse,maker,maker,79195.0000,0,1.0000,1.0000,2.0000,189,12000
2025-12-15T07:58:13.060+00:00,2025-12-15T07:58:35.407+00:00,short,-1,79253.0000,79250.0000,3.0000,1.0000,0.00003785,0.00001262,ExitCluster,maker,maker,79205.0000,1,1.0000,1.0000,2.0000,298,22347
2025-12-15T07:58:39.649+00:00,2025-12-15T07:58:40.519+00:00,short,-1,79239.0000,79222.0000,17.0000,15.0000,0.00021454,0.00018930,ExitCluster,maker,maker,79191.0000,1,1.0000,1.0000,2.0000,469,870
2025-12-15T07:59:04.082+00:00,2025-12-15T07:59:07.509+00:00,short,-1,79235.0000,79226.0000,9.0000,7.0000,0.00011359,0.00008834,ExitCluster,maker,maker,79187.0000,1,1.0000,1.0000,2.0000,194,3427
2025-12-15T07:59:08.084+00:00,2025-12-15T07:59:13.904+00:00,short,-1,79235.0000,79231.0000,4.0000,2.0000,0.00005048,0.00002524,ExitCluster,maker,maker,79187.0000,1,1.0000,1.0000,2.0000,315,5820
2025-12-15T07:59:14.086+00:00,2025-12-15T07:59:30.919+00:00,short,-1,79235.0000,79231.0000,4.0000,2.0000,0.00005048,0.00002524,ExitCluster,maker,maker,79187.0000,1,1.0000,1.0000,2.0000,68,16833
2025-12-15T07:59:36.566+00:00,2025-12-15T07:59:37.358+00:00,short,-1,79239.0000,79230.0000,9.0000,7.0000,0.00011358,0.00008834,ExitCluster,maker,maker,79191.0000,1,1.0000,1.0000,2.0000,57,792
2025-12-15T07:59:37.513+00:00,2025-12-15T07:59:41.395+00:00,short,-1,79229.0000,79222.0000,7.0000,5.0000,0.00008835,0.00006311,ExitCluster,maker,maker,79181.0000,1,1.0000,1.0000,2.0000,99,3882
2025-12-15T07:59:49.751+00:00,2025-12-15T08:00:00.548+00:00,short,-1,79235.0000,79232.0000,3.0000,1.0000,0.00003786,0.00001262,ExitCluster,maker,maker,79187.0000,1,1.0000,1.0000,2.0000,587,10797
2025-12-15T08:00:13.111+00:00,2025-12-15T08:00:22.836+00:00,short,-1,79253.0000,79232.0000,21.0000,19.0000,0.00026497,0.00023974,ExitCluster,maker,maker,79205.0000,1,1.0000,1.0000,2.0000,230,9725
2025-12-15T08:00:25.116+00:00,2025-12-15T08:00:26.500+00:00,long,1,79212.0000,79218.0000,6.0000,4.0000,0.00007575,0.00005050,ExitCluster,maker,maker,79260.0000,1,1.0000,1.0000,2.0000,80,1384
2025-12-15T08:00:26.596+00:00,2025-12-15T08:00:31.121+00:00,long,1,79211.0000,79217.0000,6.0000,4.0000,0.00007575,0.00005050,ExitCluster,maker,maker,79259.0000,1,1.0000,1.0000,2.0000,73,4525
2025-12-15T08:00:32.118+00:00,2025-12-15T08:00:34.119+00:00,long,1,79211.0000,79218.0000,7.0000,5.0000,0.00008837,0.00006312,ExitCluster,maker,maker,79259.0000,1,1.0000,1.0000,2.0000,322,2001
2025-12-15T08:00:35.120+00:00,2025-12-15T08:00:37.537+00:00,long,1,79211.0000,79218.0000,7.0000,5.0000,0.00008837,0.00006312,ExitCluster,maker,maker,79259.0000,1,1.0000,1.0000,2.0000,222,2417
2025-12-15T08:00:37.673+00:00,2025-12-15T08:00:44.733+00:00,short,-1,79253.0000,79243.0000,10.0000,8.0000,0.00012618,0.00010094,ExitCluster,maker,maker,79205.0000,1,1.0000,1.0000,2.0000,0,7060
2025-12-15T08:00:45.123+00:00,2025-12-15T08:00:53.191+00:00,short,-1,79253.0000,79233.0000,20.0000,18.0000,0.00025236,0.00022712,ExitCluster,maker,maker,79205.0000,1,1.0000,1.0000,2.0000,375,8068
2025-12-15T08:00:54.100+00:00,2025-12-15T08:00:56.128+00:00,short,-1,79239.0000,79233.0000,6.0000,4.0000,0.00007572,0.00005048,ExitCluster,maker,maker,79191.0000,1,1.0000,1.0000,2.0000,162,2028
2025-12-15T08:00:57.129+00:00,2025-12-15T08:00:57.988+00:00,short,-1,79239.0000,79233.0000,6.0000,4.0000,0.00007572,0.00005048,ExitCluster,maker,maker,79191.0000,1,1.0000,1.0000,2.0000,270,859
2025-12-15T08:00:58.129+00:00,2025-12-15T08:00:58.683+00:00,short,-1,79239.0000,79233.0000,6.0000,4.0000,0.00007572,0.00005048,ExitCluster,maker,maker,79191.0000,1,1.0000,1.0000,2.0000,88,554
2025-12-15T08:00:59.130+00:00,2025-12-15T08:01:07.133+00:00,short,-1,79239.0000,79235.0000,4.0000,2.0000,0.00005048,0.00002524,ExitCluster,maker,maker,79191.0000,1,1.0000,1.0000,2.0000,420,8003
2025-12-15T08:01:23.142+00:00,2025-12-15T08:01:30.077+00:00,short,-1,79253.0000,79233.0000,20.0000,18.0000,0.00025236,0.00022712,ExitCluster,maker,maker,79205.0000,1,1.0000,1.0000,2.0000,157,6935
2025-12-15T08:01:54.537+00:00,2025-12-15T08:02:03.081+00:00,short,-1,79232.0000,79218.0000,14.0000,12.0000,0.00017670,0.00015145,ExitCluster,maker,maker,79184.0000,1,1.0000,1.0000,2.0000,15,8544
2025-12-15T08:02:22.802+00:00,2025-12-15T08:02:30.170+00:00,long,1,79200.0000,79199.0000,-1.0000,-3.0000,-0.00001263,-0.00003788,ExitAdverse,maker,maker,79248.0000,0,1.0000,1.0000,2.0000,435,7368
2025-12-15T08:02:30.424+00:00,2025-12-15T08:02:32.171+00:00,long,1,79190.0000,79200.0000,10.0000,8.0000,0.00012628,0.00010102,ExitCluster,maker,maker,79238.0000,1,1.0000,1.0000,2.0000,173,1747
2025-12-15T08:02:33.171+00:00,2025-12-15T08:02:34.172+00:00,long,1,79190.0000,79201.0000,11.0000,9.0000,0.00013891,0.00011365,ExitCluster,maker,maker,79238.0000,1,1.0000,1.0000,2.0000,417,1001
2025-12-15T08:02:34.264+00:00,2025-12-15T08:02:36.172+00:00,long,1,79190.0000,79197.0000,7.0000,5.0000,0.00008839,0.00006314,ExitCluster,maker,maker,79238.0000,1,1.0000,1.0000,2.0000,81,1908
2025-12-15T08:02:38.581+00:00,2025-12-15T08:02:40.174+00:00,long,1,79190.0000,79199.0000,9.0000,7.0000,0.00011365,0.00008839,ExitCluster,maker,maker,79238.0000,1,1.0000,1.0000,2.0000,106,1593
2025-12-15T08:02:40.694+00:00,2025-12-15T08:02:43.175+00:00,long,1,79191.0000,79201.0000,10.0000,8.0000,0.00012628,0.00010102,ExitCluster,maker,maker,79239.0000,1,1.0000,1.0000,2.0000,219,2481
2025-12-15T08:02:43.357+00:00,2025-12-15T08:02:44.176+00:00,long,1,79191.0000,79215.0000,24.0000,22.0000,0.00030306,0.00027781,ExitCluster,maker,maker,79239.0000,1,1.0000,1.0000,2.0000,168,819
2025-12-15T08:02:51.179+00:00,2025-12-15T08:03:01.734+00:00,long,1,79210.0000,79199.0000,-11.0000,-13.0000,-0.00013887,-0.00016412,ExitAdverse,maker,maker,79258.0000,0,1.0000,1.0000,2.0000,268,10555
2025-12-15T08:03:05.429+00:00,2025-12-15T08:03:14.081+00:00,short,-1,79232.0000,79222.0000,10.0000,8.0000,0.00012621,0.00010097,ExitCluster,maker,maker,79184.0000,1,1.0000,1.0000,2.0000,110,8652
2025-12-15T08:03:27.605+00:00,2025-12-15T08:03:28.915+00:00,short,-1,79232.0000,79220.0000,12.0000,10.0000,0.00015145,0.00012621,ExitCluster,maker,maker,79184.0000,1,1.0000,1.0000,2.0000,390,1310
2025-12-15T08:03:37.669+00:00,2025-12-15T08:03:46.328+00:00,short,-1,79201.0000,79227.0000,-26.0000,-28.0000,-0.00032828,-0.00035353,ExitAdverse,maker,maker,79153.0000,0,1.0000,1.0000,2.0000,221,8659
2025-12-15T08:03:53.204+00:00,2025-12-15T08:03:58.727+00:00,short,-1,79232.0000,79226.0000,6.0000,4.0000,0.00007573,0.00005048,ExitCluster,maker,maker,79184.0000,1,1.0000,1.0000,2.0000,37,5523
2025-12-15T08:04:13.704+00:00,2025-12-15T08:04:16.591+00:00,long,1,79226.0000,79233.0000,7.0000,5.0000,0.00008835,0.00006311,ExitCluster,maker,maker,79274.0000,1,1.0000,1.0000,2.0000,484,2887
2025-12-15T08:04:21.090+00:00,2025-12-15T08:04:30.003+00:00,long,1,79197.0000,79194.0000,-3.0000,-5.0000,-0.00003788,-0.00006313,ExitAdverse,maker,maker,79245.0000,0,1.0000,1.0000,2.0000,28,8913
2025-12-15T08:04:49.228+00:00,2025-12-15T08:05:00.497+00:00,short,-1,79200.0000,79211.0000,-11.0000,-13.0000,-0.00013889,-0.00016414,ExitAdverse,maker,maker,79152.0000,0,1.0000,1.0000,2.0000,220,11269
2025-12-15T08:05:08.236+00:00,2025-12-15T08:05:13.303+00:00,short,-1,79214.0000,79202.0000,12.0000,10.0000,0.00015149,0.00012624,ExitCluster,maker,maker,79166.0000,1,1.0000,1.0000,2.0000,415,5067
2025-12-15T08:05:14.238+00:00,2025-12-15T08:05:23.082+00:00,long,1,79186.0000,79199.0000,13.0000,11.0000,0.00016417,0.00013891,ExitCluster,maker,maker,79234.0000,1,1.0000,1.0000,2.0000,152,8844
2025-12-15T08:05:25.785+00:00,2025-12-15T08:05:35.704+00:00,short,-1,79199.0000,79186.0000,13.0000,11.0000,0.00016414,0.00013889,ExitCluster,maker,maker,79151.0000,1,1.0000,1.0000,2.0000,253,9919
2025-12-15T08:05:35.866+00:00,2025-12-15T08:05:55.506+00:00,short,-1,79199.0000,79193.0000,6.0000,4.0000,0.00007576,0.00005051,ExitCluster,maker,maker,79151.0000,1,1.0000,1.0000,2.0000,125,19640
2025-12-15T08:06:01.257+00:00,2025-12-15T08:06:02.610+00:00,long,1,79181.0000,79199.0000,18.0000,16.0000,0.00022733,0.00020207,ExitCluster,maker,maker,79229.0000,1,1.0000,1.0000,2.0000,205,1353
2025-12-15T08:06:06.260+00:00,2025-12-15T08:06:15.264+00:00,short,-1,79199.0000,79181.0000,18.0000,16.0000,0.00022728,0.00020202,ExitCluster,maker,maker,79151.0000,1,1.0000,1.0000,2.0000,149,9004
2025-12-15T08:07:34.298+00:00,2025-12-15T08:07:36.298+00:00,short,-1,79219.0000,79211.0000,8.0000,6.0000,0.00010099,0.00007574,ExitCluster,maker,maker,79171.0000,1,1.0000,1.0000,2.0000,143,2000
2025-12-15T08:07:36.560+00:00,2025-12-15T08:07:39.802+00:00,short,-1,79219.0000,79211.0000,8.0000,6.0000,0.00010099,0.00007574,ExitCluster,maker,maker,79171.0000,1,1.0000,1.0000,2.0000,247,3242
2025-12-15T08:08:02.310+00:00,2025-12-15T08:08:09.492+00:00,short,-1,79218.0000,79215.0000,3.0000,1.0000,0.00003787,0.00001262,ExitCluster,maker,maker,79170.0000,1,1.0000,1.0000,2.0000,39,7182
2025-12-15T08:08:10.455+00:00,2025-12-15T08:08:15.894+00:00,short,-1,79207.0000,79207.0000,-0.0000,-2.0000,-0.00000000,-0.00002525,ExitAdverse,maker,maker,79159.0000,0,1.0000,1.0000,2.0000,138,5439
2025-12-15T08:08:16.035+00:00,2025-12-15T08:08:17.470+00:00,short,-1,79207.0000,79193.0000,14.0000,12.0000,0.00017675,0.00015150,ExitCluster,maker,maker,79159.0000,1,1.0000,1.0000,2.0000,79,1435
2025-12-15T08:08:18.236+00:00,2025-12-15T08:08:27.283+00:00,short,-1,79207.0000,79188.0000,19.0000,17.0000,0.00023988,0.00021463,ExitCluster,maker,maker,79159.0000,1,1.0000,1.0000,2.0000,749,9047
2025-12-15T08:08:48.652+00:00,2025-12-15T08:09:24.757+00:00,short,-1,79199.0000,79181.0000,18.0000,16.0000,0.00022728,0.00020202,ExitCluster,maker,maker,79151.0000,1,1.0000,1.0000,2.0000,304,36105
2025-12-15T08:09:33.671+00:00,2025-12-15T08:09:43.355+00:00,long,1,79162.0000,79170.0000,8.0000,6.0000,0.00010106,0.00007579,ExitCluster,maker,maker,79210.0000,1,1.0000,1.0000,2.0000,258,9684
2025-12-15T08:09:44.355+00:00,2025-12-15T08:11:40.796+00:00,long,1,79162.0000,79175.0000,13.0000,11.0000,0.00016422,0.00013896,ExitCluster,maker,maker,79210.0000,1,1.0000,1.0000,2.0000,280,116441
2025-12-15T08:11:41.223+00:00,2025-12-15T08:11:49.413+00:00,short,-1,79181.0000,79187.0000,-6.0000,-8.0000,-0.00007578,-0.00010103,ExitAdverse,maker,maker,79133.0000,0,1.0000,1.0000,2.0000,375,8190
2025-12-15T08:11:51.758+00:00,2025-12-15T08:12:01.818+00:00,long,1,79177.0000,79193.0000,16.0000,14.0000,0.00020208,0.00017682,ExitCluster,maker,maker,79225.0000,1,1.0000,1.0000,2.0000,80,10060
2025-12-15T08:12:01.905+00:00,2025-12-15T08:12:05.162+00:00,short,-1,79207.0000,79201.0000,6.0000,4.0000,0.00007575,0.00005050,ExitCluster,maker,maker,79159.0000,1,1.0000,1.0000,2.0000,45,3257
2025-12-15T08:12:05.710+00:00,2025-12-15T08:12:37.488+00:00,short,-1,79207.0000,79224.0000,-17.0000,-19.0000,-0.00021463,-0.00023988,ExitAdverse,maker,maker,79159.0000,0,1.0000,1.0000,2.0000,280,31778
2025-12-15T08:13:10.922+00:00,2025-12-15T08:13:15.450+00:00,long,1,79211.0000,79216.0000,5.0000,3.0000,0.00006312,0.00003787,ExitCluster,maker,maker,79259.0000,1,1.0000,1.0000,2.0000,109,4528
2025-12-15T08:13:16.451+00:00,2025-12-15T08:13:18.050+00:00,long,1,79211.0000,79216.0000,5.0000,3.0000,0.00006312,0.00003787,ExitCluster,maker,maker,79259.0000,1,1.0000,1.0000,2.0000,203,1599
2025-12-15T08:13:18.451+00:00,2025-12-15T08:13:33.927+00:00,long,1,79211.0000,79225.0000,14.0000,12.0000,0.00017674,0.00015149,ExitCluster,maker,maker,79259.0000,1,1.0000,1.0000,2.0000,397,15476
2025-12-15T08:13:47.463+00:00,2025-12-15T08:13:52.052+00:00,short,-1,79239.0000,79216.0000,23.0000,21.0000,0.00029026,0.00026502,ExitCluster,maker,maker,79191.0000,1,1.0000,1.0000,2.0000,590,4589
2025-12-15T08:14:00.468+00:00,2025-12-15T08:14:04.470+00:00,long,1,79216.0000,79224.0000,8.0000,6.0000,0.00010099,0.00007574,ExitCluster,maker,maker,79264.0000,1,1.0000,1.0000,2.0000,314,4002
2025-12-15T08:14:05.471+00:00,2025-12-15T08:14:09.472+00:00,long,1,79216.0000,79230.0000,14.0000,12.0000,0.00017673,0.00015148,ExitCluster,maker,maker,79264.0000,1,1.0000,1.0000,2.0000,359,4001
2025-12-15T08:14:10.473+00:00,2025-12-15T08:14:12.474+00:00,long,1,79221.0000,79231.0000,10.0000,8.0000,0.00012623,0.00010098,ExitCluster,maker,maker,79269.0000,1,1.0000,1.0000,2.0000,258,2001
2025-12-15T08:14:12.587+00:00,2025-12-15T08:14:15.475+00:00,long,1,79221.0000,79232.0000,11.0000,9.0000,0.00013885,0.00011361,ExitCluster,maker,maker,79269.0000,1,1.0000,1.0000,2.0000,103,2888
2025-12-15T08:14:15.825+00:00,2025-12-15T08:14:18.476+00:00,long,1,79221.0000,79233.0000,12.0000,10.0000,0.00015147,0.00012623,ExitCluster,maker,maker,79269.0000,1,1.0000,1.0000,2.0000,335,2651
2025-12-15T08:14:28.480+00:00,2025-12-15T08:16:37.930+00:00,long,1,79231.0000,79243.0000,12.0000,10.0000,0.00015146,0.00012621,ExitCluster,maker,maker,79279.0000,1,1.0000,1.0000,2.0000,329,129450
2025-12-15T08:16:38.041+00:00,2025-12-15T08:16:51.456+00:00,short,-1,79253.0000,79245.0000,8.0000,6.0000,0.00010094,0.00007571,ExitCluster,maker,maker,79205.0000,1,1.0000,1.0000,2.0000,45,13415
2025-12-15T08:17:02.542+00:00,2025-12-15T08:17:37.558+00:00,long,1,79236.0000,79241.0000,5.0000,3.0000,0.00006310,0.00003786,ExitCluster,maker,maker,79284.0000,1,1.0000,1.0000,2.0000,32,35016
2025-12-15T08:17:39.558+00:00,2025-12-15T08:17:41.259+00:00,long,1,79231.0000,79245.0000,14.0000,12.0000,0.00017670,0.00015146,ExitCluster,maker,maker,79279.0000,1,1.0000,1.0000,2.0000,468,1701
2025-12-15T08:18:03.571+00:00,2025-12-15T08:18:11.085+00:00,short,-1,79243.0000,79219.0000,24.0000,22.0000,0.00030287,0.00027763,ExitCluster,maker,maker,79195.0000,1,1.0000,1.0000,2.0000,261,7514
2025-12-15T08:18:11.575+00:00,2025-12-15T08:18:20.012+00:00,long,1,79216.0000,79207.0000,-9.0000,-11.0000,-0.00011361,-0.00013886,ExitAdverse,maker,maker,79264.0000,0,1.0000,1.0000,2.0000,294,8437
2025-12-15T08:18:20.200+00:00,2025-12-15T08:18:20.734+00:00,long,1,79196.0000,79215.0000,19.0000,17.0000,0.00023991,0.00021466,ExitCluster,maker,maker,79244.0000,1,1.0000,1.0000,2.0000,91,534
2025-12-15T08:18:21.339+00:00,2025-12-15T08:18:28.753+00:00,short,-1,79215.0000,79197.0000,18.0000,16.0000,0.00022723,0.00020198,ExitCluster,maker,maker,79167.0000,1,1.0000,1.0000,2.0000,10,7414
2025-12-15T08:18:47.591+00:00,2025-12-15T08:18:57.924+00:00,long,1,79190.0000,79197.0000,7.0000,5.0000,0.00008839,0.00006314,ExitCluster,maker,maker,79238.0000,1,1.0000,1.0000,2.0000,202,10333
2025-12-15T08:19:00.596+00:00,2025-12-15T08:19:01.597+00:00,short,-1,79215.0000,79202.0000,13.0000,11.0000,0.00016411,0.00013886,ExitCluster,maker,maker,79167.0000,1,1.0000,1.0000,2.0000,563,1001
2025-12-15T08:19:04.598+00:00,2025-12-15T08:19:08.600+00:00,short,-1,79215.0000,79202.0000,13.0000,11.0000,0.00016411,0.00013886,ExitCluster,maker,maker,79167.0000,1,1.0000,1.0000,2.0000,586,4002
2025-12-15T08:19:16.139+00:00,2025-12-15T08:19:32.047+00:00,long,1,79211.0000,79222.0000,11.0000,9.0000,0.00013887,0.00011362,ExitCluster,maker,maker,79259.0000,1,1.0000,1.0000,2.0000,314,15908
2025-12-15T08:19:36.169+00:00,2025-12-15T08:20:05.624+00:00,long,1,79221.0000,79192.0000,-29.0000,-31.0000,-0.00036606,-0.00039131,ExitAdverse,maker,maker,79269.0000,0,1.0000,1.0000,2.0000,117,29455
2025-12-15T08:20:06.625+00:00,2025-12-15T08:20:26.634+00:00,short,-1,79197.0000,79202.0000,-5.0000,-7.0000,-0.00006313,-0.00008839,ExitAdverse,maker,maker,79149.0000,0,1.0000,1.0000,2.0000,300,20009
2025-12-15T08:20:33.321+00:00,2025-12-15T08:20:39.326+00:00,long,1,79201.0000,79225.0000,24.0000,22.0000,0.00030303,0.00027777,ExitCluster,maker,maker,79249.0000,1,1.0000,1.0000,2.0000,677,6005
2025-12-15T08:20:39.448+00:00,2025-12-15T08:20:49.329+00:00,short,-1,79243.0000,79221.0000,22.0000,20.0000,0.00027763,0.00025239,ExitCluster,maker,maker,79195.0000,1,1.0000,1.0000,2.0000,18,9881
2025-12-15T08:20:49.875+00:00,2025-12-15T08:21:07.654+00:00,long,1,79221.0000,79245.0000,24.0000,22.0000,0.00030295,0.00027770,ExitCluster,maker,maker,79269.0000,1,1.0000,1.0000,2.0000,103,17779
2025-12-15T08:21:08.353+00:00,2025-12-15T08:21:12.525+00:00,short,-1,79253.0000,79241.0000,12.0000,10.0000,0.00015141,0.00012618,ExitCluster,maker,maker,79205.0000,1,1.0000,1.0000,2.0000,33,4172
2025-12-15T08:21:12.656+00:00,2025-12-15T08:21:41.668+00:00,short,-1,79253.0000,79241.0000,12.0000,10.0000,0.00015141,0.00012618,ExitCluster,maker,maker,79205.0000,1,1.0000,1.0000,2.0000,103,29012
2025-12-15T08:21:41.926+00:00,2025-12-15T08:21:48.651+00:00,short,-1,79253.0000,79240.0000,13.0000,11.0000,0.00016403,0.00013880,ExitCluster,maker,maker,79205.0000,1,1.0000,1.0000,2.0000,243,6725
2025-12-15T08:21:48.757+00:00,2025-12-15T08:21:59.887+00:00,short,-1,79253.0000,79240.0000,13.0000,11.0000,0.00016403,0.00013880,ExitCluster,maker,maker,79205.0000,1,1.0000,1.0000,2.0000,52,11130
2025-12-15T08:22:25.557+00:00,2025-12-15T08:25:38.773+00:00,short,-1,79253.0000,79281.0000,-28.0000,-30.0000,-0.00035330,-0.00037853,ExitAdverse,maker,maker,79205.0000,0,1.0000,1.0000,2.0000,259,193216
2025-12-15T08:25:39.153+00:00,2025-12-15T08:25:49.814+00:00,long,1,79271.0000,79279.0000,8.0000,6.0000,0.00010092,0.00007569,ExitCluster,maker,maker,79319.0000,1,1.0000,1.0000,2.0000,366,10661
2025-12-15T08:25:50.814+00:00,2025-12-15T08:25:51.802+00:00,long,1,79271.0000,79279.0000,8.0000,6.0000,0.00010092,0.00007569,ExitCluster,maker,maker,79319.0000,1,1.0000,1.0000,2.0000,326,988
2025-12-15T08:25:51.815+00:00,2025-12-15T08:25:56.011+00:00,long,1,79271.0000,79279.0000,8.0000,6.0000,0.00010092,0.00007569,ExitCluster,maker,maker,79319.0000,1,1.0000,1.0000,2.0000,4,4196
2025-12-15T08:25:56.223+00:00,2025-12-15T08:25:56.817+00:00,long,1,79271.0000,79279.0000,8.0000,6.0000,0.00010092,0.00007569,ExitCluster,maker,maker,79319.0000,1,1.0000,1.0000,2.0000,200,594
2025-12-15T08:25:57.521+00:00,2025-12-15T08:26:00.982+00:00,long,1,79271.0000,79279.0000,8.0000,6.0000,0.00010092,0.00007569,ExitCluster,maker,maker,79319.0000,1,1.0000,1.0000,2.0000,78,3461
2025-12-15T08:26:01+00:00,2025-12-15T08:26:04.469+00:00,long,1,79271.0000,79288.0000,17.0000,15.0000,0.00021445,0.00018922,ExitCluster,maker,maker,79319.0000,1,1.0000,1.0000,2.0000,2,3469
2025-12-15T08:26:04.603+00:00,2025-12-15T08:26:17.827+00:00,short,-1,79291.0000,79297.0000,-6.0000,-8.0000,-0.00007567,-0.00010089,ExitAdverse,maker,maker,79243.0000,0,1.0000,1.0000,2.0000,70,13224
2025-12-15T08:27:01.655+00:00,2025-12-15T08:27:04.745+00:00,short,-1,79309.0000,79301.0000,8.0000,6.0000,0.00010087,0.00007565,ExitCluster,maker,maker,79261.0000,1,1.0000,1.0000,2.0000,28,3090
2025-12-15T08:27:05.847+00:00,2025-12-15T08:27:06.345+00:00,long,1,79301.0000,79309.0000,8.0000,6.0000,0.00010088,0.00007566,ExitCluster,maker,maker,79349.0000,1,1.0000,1.0000,2.0000,370,498
2025-12-15T08:27:06.830+00:00,2025-12-15T08:27:07.872+00:00,long,1,79301.0000,79310.0000,9.0000,7.0000,0.00011349,0.00008827,ExitCluster,maker,maker,79349.0000,1,1.0000,1.0000,2.0000,216,1042
2025-12-15T08:27:07.936+00:00,2025-12-15T08:27:08.416+00:00,long,1,79301.0000,79316.0000,15.0000,13.0000,0.00018915,0.00016393,ExitCluster,maker,maker,79349.0000,1,1.0000,1.0000,2.0000,46,480
2025-12-15T08:27:08.641+00:00,2025-12-15T08:27:38.160+00:00,long,1,79302.0000,79313.0000,11.0000,9.0000,0.00013871,0.00011349,ExitCluster,maker,maker,79350.0000,1,1.0000,1.0000,2.0000,188,29519
2025-12-15T08:27:38.787+00:00,2025-12-15T08:27:46.819+00:00,long,1,79302.0000,79316.0000,14.0000,12.0000,0.00017654,0.00015132,ExitCluster,maker,maker,79350.0000,1,1.0000,1.0000,2.0000,614,8032
2025-12-15T08:27:47.866+00:00,2025-12-15T08:27:49.668+00:00,long,1,79301.0000,79313.0000,12.0000,10.0000,0.00015132,0.00012610,ExitCluster,maker,maker,79349.0000,1,1.0000,1.0000,2.0000,111,1802
2025-12-15T08:27:50.867+00:00,2025-12-15T08:28:01.859+00:00,long,1,79302.0000,79315.0000,13.0000,11.0000,0.00016393,0.00013871,ExitCluster,maker,maker,79350.0000,1,1.0000,1.0000,2.0000,127,10992
2025-12-15T08:28:02.312+00:00,2025-12-15T08:28:09.877+00:00,long,1,79304.0000,79312.0000,8.0000,6.0000,0.00010088,0.00007566,ExitCluster,maker,maker,79352.0000,1,1.0000,1.0000,2.0000,404,7565
2025-12-15T08:28:10.847+00:00,2025-12-15T08:28:12.879+00:00,long,1,79305.0000,79312.0000,7.0000,5.0000,0.00008827,0.00006305,ExitCluster,maker,maker,79353.0000,1,1.0000,1.0000,2.0000,204,2032
2025-12-15T08:28:13.879+00:00,2025-12-15T08:28:24.884+00:00,short,-1,79322.0000,79314.0000,8.0000,6.0000,0.00010085,0.00007564,ExitCluster,maker,maker,79274.0000,1,1.0000,1.0000,2.0000,325,11005
2025-12-15T08:28:29.161+00:00,2025-12-15T08:28:34.592+00:00,long,1,79287.0000,79273.0000,-14.0000,-16.0000,-0.00017657,-0.00020180,ExitAdverse,maker,maker,79335.0000,0,1.0000,1.0000,2.0000,116,5431
2025-12-15T08:29:27.775+00:00,2025-12-15T08:29:30.651+00:00,short,-1,79320.0000,79309.0000,11.0000,9.0000,0.00013868,0.00011346,ExitCluster,maker,maker,79272.0000,1,1.0000,1.0000,2.0000,12,2876
2025-12-15T08:29:38.108+00:00,2025-12-15T08:29:47.266+00:00,long,1,79313.0000,79308.0000,-5.0000,-7.0000,-0.00006304,-0.00008826,ExitAdverse,maker,maker,79361.0000,0,1.0000,1.0000,2.0000,99,9158
2025-12-15T08:29:47.383+00:00,2025-12-15T08:30:03.550+00:00,long,1,79301.0000,79312.0000,11.0000,9.0000,0.00013871,0.00011349,ExitCluster,maker,maker,79349.0000,1,1.0000,1.0000,2.0000,21,16167
2025-12-15T08:30:06.720+00:00,2025-12-15T08:31:23.981+00:00,long,1,79308.0000,79313.0000,5.0000,3.0000,0.00006305,0.00003783,ExitCluster,maker,maker,79356.0000,1,1.0000,1.0000,2.0000,58,77261
2025-12-15T08:31:44.609+00:00,2025-12-15T08:31:56.995+00:00,long,1,79301.0000,79313.0000,12.0000,10.0000,0.00015132,0.00012610,ExitCluster,maker,maker,79349.0000,1,1.0000,1.0000,2.0000,56,12386
2025-12-15T08:31:57.996+00:00,2025-12-15T08:31:59.996+00:00,long,1,79301.0000,79313.0000,12.0000,10.0000,0.00015132,0.00012610,ExitCluster,maker,maker,79349.0000,1,1.0000,1.0000,2.0000,170,2000
2025-12-15T08:32:00.387+00:00,2025-12-15T08:32:04.266+00:00,long,1,79301.0000,79313.0000,12.0000,10.0000,0.00015132,0.00012610,ExitCluster,maker,maker,79349.0000,1,1.0000,1.0000,2.0000,125,3879
2025-12-15T08:32:05.999+00:00,2025-12-15T08:33:05.023+00:00,long,1,79301.0000,79292.0000,-9.0000,-11.0000,-0.00011349,-0.00013871,ExitAdverse,maker,maker,79349.0000,0,1.0000,1.0000,2.0000,241,59024
2025-12-15T08:33:05.836+00:00,2025-12-15T08:33:08.052+00:00,short,-1,79298.0000,79292.0000,6.0000,4.0000,0.00007566,0.00005044,ExitCluster,maker,maker,79250.0000,1,1.0000,1.0000,2.0000,157,2216
2025-12-15T08:33:09.929+00:00,2025-12-15T08:33:25.059+00:00,short,-1,79298.0000,79294.0000,4.0000,2.0000,0.00005044,0.00002522,ExitCluster,maker,maker,79250.0000,1,1.0000,1.0000,2.0000,894,15130
2025-12-15T08:33:25.118+00:00,2025-12-15T08:33:57.109+00:00,short,-1,79303.0000,79281.0000,22.0000,20.0000,0.00027742,0.00025220,ExitCluster,maker,maker,79255.0000,1,1.0000,1.0000,2.0000,0,31991
2025-12-15T08:33:57.226+00:00,2025-12-15T08:34:32.084+00:00,short,-1,79289.0000,79272.0000,17.0000,15.0000,0.00021441,0.00018918,ExitCluster,maker,maker,79241.0000,1,1.0000,1.0000,2.0000,3,34858
2025-12-15T08:34:33.062+00:00,2025-12-15T08:34:43.190+00:00,short,-1,79279.0000,79266.0000,13.0000,11.0000,0.00016398,0.00013875,ExitCluster,maker,maker,79231.0000,1,1.0000,1.0000,2.0000,315,10128
2025-12-15T08:34:43.433+00:00,2025-12-15T08:35:09.204+00:00,long,1,79258.0000,79243.0000,-15.0000,-17.0000,-0.00018926,-0.00021449,ExitAdverse,maker,maker,79306.0000,0,1.0000,1.0000,2.0000,141,25771
2025-12-15T08:35:10.079+00:00,2025-12-15T08:35:18.304+00:00,short,-1,79251.0000,79254.0000,-3.0000,-5.0000,-0.00003785,-0.00006309,ExitAdverse,maker,maker,79203.0000,0,1.0000,1.0000,2.0000,843,8225
2025-12-15T08:35:18.943+00:00,2025-12-15T08:35:20.002+00:00,short,-1,79259.0000,79269.0000,-10.0000,-12.0000,-0.00012617,-0.00015140,ExitAdverse,maker,maker,79211.0000,0,1.0000,1.0000,2.0000,0,1059
2025-12-15T08:35:20.002+00:00,2025-12-15T08:35:25.510+00:00,short,-1,79279.0000,79267.0000,12.0000,10.0000,0.00015136,0.00012614,ExitCluster,maker,maker,79231.0000,1,1.0000,1.0000,2.0000,37,5508
2025-12-15T08:35:30.042+00:00,2025-12-15T08:35:38.808+00:00,long,1,79260.0000,79289.0000,29.0000,27.0000,0.00036588,0.00034065,ExitCluster,maker,maker,79308.0000,1,1.0000,1.0000,2.0000,231,8766
2025-12-15T08:35:40.045+00:00,2025-12-15T08:35:41.092+00:00,long,1,79280.0000,79289.0000,9.0000,7.0000,0.00011352,0.00008829,ExitCluster,maker,maker,79328.0000,1,1.0000,1.0000,2.0000,582,1047
2025-12-15T08:35:42.093+00:00,2025-12-15T08:35:42.681+00:00,long,1,79280.0000,79289.0000,9.0000,7.0000,0.00011352,0.00008829,ExitCluster,maker,maker,79328.0000,1,1.0000,1.0000,2.0000,118,588
2025-12-15T08:35:44.308+00:00,2025-12-15T08:35:47.564+00:00,long,1,79280.0000,79289.0000,9.0000,7.0000,0.00011352,0.00008829,ExitCluster,maker,maker,79328.0000,1,1.0000,1.0000,2.0000,207,3256
2025-12-15T08:35:48.543+00:00,2025-12-15T08:35:53.256+00:00,short,-1,79289.0000,79301.0000,-12.0000,-14.0000,-0.00015135,-0.00017657,ExitAdverse,maker,maker,79241.0000,0,1.0000,1.0000,2.0000,36,4713
2025-12-15T08:36:36.905+00:00,2025-12-15T08:36:39.678+00:00,long,1,79292.0000,79274.0000,-18.0000,-20.0000,-0.00022701,-0.00025223,ExitAdverse,maker,maker,79340.0000,0,1.0000,1.0000,2.0000,49,2773
2025-12-15T08:36:44.106+00:00,2025-12-15T08:36:50.274+00:00,short,-1,79285.0000,79254.0000,31.0000,29.0000,0.00039099,0.00036577,ExitCluster,maker,maker,79237.0000,1,1.0000,1.0000,2.0000,39,6168
2025-12-15T08:36:51.120+00:00,2025-12-15T08:37:01.461+00:00,short,-1,79263.0000,79240.0000,23.0000,21.0000,0.00029017,0.00026494,ExitCluster,maker,maker,79215.0000,1,1.0000,1.0000,2.0000,239,10341
2025-12-15T08:37:02.131+00:00,2025-12-15T08:37:06.148+00:00,short,-1,79253.0000,79242.0000,11.0000,9.0000,0.00013880,0.00011356,ExitCluster,maker,maker,79205.0000,1,1.0000,1.0000,2.0000,627,4017
2025-12-15T08:37:06.222+00:00,2025-12-15T08:37:12.280+00:00,short,-1,79245.0000,79230.0000,15.0000,13.0000,0.00018929,0.00016405,ExitCluster,maker,maker,79197.0000,1,1.0000,1.0000,2.0000,9,6058
2025-12-15T08:37:12.539+00:00,2025-12-15T08:37:17.164+00:00,short,-1,79242.0000,79231.0000,11.0000,9.0000,0.00013882,0.00011358,ExitCluster,maker,maker,79194.0000,1,1.0000,1.0000,2.0000,199,4625
2025-12-15T08:37:17.206+00:00,2025-12-15T08:37:18.178+00:00,short,-1,79235.0000,79221.0000,14.0000,12.0000,0.00017669,0.00015145,ExitCluster,maker,maker,79187.0000,1,1.0000,1.0000,2.0000,10,972
2025-12-15T08:37:19.270+00:00,2025-12-15T08:37:23.664+00:00,short,-1,79235.0000,79221.0000,14.0000,12.0000,0.00017669,0.00015145,ExitCluster,maker,maker,79187.0000,1,1.0000,1.0000,2.0000,118,4394
2025-12-15T08:37:23.781+00:00,2025-12-15T08:37:28.179+00:00,short,-1,79235.0000,79221.0000,14.0000,12.0000,0.00017669,0.00015145,ExitCluster,maker,maker,79187.0000,1,1.0000,1.0000,2.0000,15,4398
2025-12-15T08:37:28.214+00:00,2025-12-15T08:37:34.851+00:00,short,-1,79235.0000,79224.0000,11.0000,9.0000,0.00013883,0.00011359,ExitCluster,maker,maker,79187.0000,1,1.0000,1.0000,2.0000,9,6637
2025-12-15T08:37:34.921+00:00,2025-12-15T08:37:39.195+00:00,short,-1,79227.0000,79212.0000,15.0000,13.0000,0.00018933,0.00016409,ExitCluster,maker,maker,79179.0000,1,1.0000,1.0000,2.0000,24,4274
2025-12-15T08:37:39.258+00:00,2025-12-15T08:37:40.562+00:00,short,-1,79219.0000,79201.0000,18.0000,16.0000,0.00022722,0.00020197,ExitCluster,maker,maker,79171.0000,1,1.0000,1.0000,2.0000,4,1304
2025-12-15T08:37:41.296+00:00,2025-12-15T08:37:45.149+00:00,long,1,79187.0000,79193.0000,6.0000,4.0000,0.00007577,0.00005051,ExitCluster,maker,maker,79235.0000,1,1.0000,1.0000,2.0000,117,3853
2025-12-15T08:37:46.050+00:00,2025-12-15T08:37:46.559+00:00,short,-1,79194.0000,79181.0000,13.0000,11.0000,0.00016415,0.00013890,ExitCluster,maker,maker,79146.0000,1,1.0000,1.0000,2.0000,55,509
2025-12-15T08:37:46.682+00:00,2025-12-15T08:37:50.226+00:00,short,-1,79192.0000,79189.0000,3.0000,1.0000,0.00003788,0.00001263,ExitCluster,maker,maker,79144.0000,1,1.0000,1.0000,2.0000,46,3544
2025-12-15T08:37:50.692+00:00,2025-12-15T08:37:57.212+00:00,short,-1,79194.0000,79181.0000,13.0000,11.0000,0.00016415,0.00013890,ExitCluster,maker,maker,79146.0000,1,1.0000,1.0000,2.0000,425,6520
2025-12-15T08:37:57.362+00:00,2025-12-15T08:38:01.242+00:00,short,-1,79194.0000,79181.0000,13.0000,11.0000,0.00016415,0.00013890,ExitCluster,maker,maker,79146.0000,1,1.0000,1.0000,2.0000,58,3880
2025-12-15T08:38:01.432+00:00,2025-12-15T08:38:06.161+00:00,long,1,79175.0000,79185.0000,10.0000,8.0000,0.00012630,0.00010104,ExitCluster,maker,maker,79223.0000,1,1.0000,1.0000,2.0000,107,4729
2025-12-15T08:38:07.158+00:00,2025-12-15T08:38:11.117+00:00,long,1,79171.0000,79181.0000,10.0000,8.0000,0.00012631,0.00010105,ExitCluster,maker,maker,79219.0000,1,1.0000,1.0000,2.0000,69,3959
2025-12-15T08:38:11.440+00:00,2025-12-15T08:38:13.465+00:00,long,1,79170.0000,79157.0000,-13.0000,-15.0000,-0.00016420,-0.00018947,ExitAdverse,maker,maker,79218.0000,0,1.0000,1.0000,2.0000,265,2025
2025-12-15T08:38:13.551+00:00,2025-12-15T08:38:15.161+00:00,long,1,79148.0000,79155.0000,7.0000,5.0000,0.00008844,0.00006317,ExitCluster,maker,maker,79196.0000,1,1.0000,1.0000,2.0000,74,1610
2025-12-15T08:38:15.259+00:00,2025-12-15T08:38:16.870+00:00,long,1,79148.0000,79172.0000,24.0000,22.0000,0.00030323,0.00027796,ExitCluster,maker,maker,79196.0000,1,1.0000,1.0000,2.0000,85,1611
2025-12-15T08:38:20.164+00:00,2025-12-15T08:38:29.168+00:00,long,1,79155.0000,79166.0000,11.0000,9.0000,0.00013897,0.00011370,ExitCluster,maker,maker,79203.0000,1,1.0000,1.0000,2.0000,532,9004
2025-12-15T08:38:31.169+00:00,2025-12-15T08:38:33.170+00:00,long,1,79148.0000,79158.0000,10.0000,8.0000,0.00012635,0.00010108,ExitCluster,maker,maker,79196.0000,1,1.0000,1.0000,2.0000,625,2001
2025-12-15T08:38:33.234+00:00,2025-12-15T08:38:34.303+00:00,short,-1,79164.0000,79148.0000,16.0000,14.0000,0.00020211,0.00017685,ExitCluster,maker,maker,79116.0000,1,1.0000,1.0000,2.0000,47,1069
2025-12-15T08:38:41.585+00:00,2025-12-15T08:38:42.452+00:00,long,1,79151.0000,79164.0000,13.0000,11.0000,0.00016424,0.00013897,ExitCluster,maker,maker,79199.0000,1,1.0000,1.0000,2.0000,72,867
2025-12-15T08:38:42.496+00:00,2025-12-15T08:38:43.738+00:00,long,1,79151.0000,79181.0000,30.0000,28.0000,0.00037902,0.00035375,ExitCluster,maker,maker,79199.0000,1,1.0000,1.0000,2.0000,13,1242
2025-12-15T08:38:49.860+00:00,2025-12-15T08:39:04.185+00:00,long,1,79167.0000,79177.0000,10.0000,8.0000,0.00012632,0.00010105,ExitCluster,maker,maker,79215.0000,1,1.0000,1.0000,2.0000,16,14325
2025-12-15T08:39:05.185+00:00,2025-12-15T08:39:06.318+00:00,long,1,79166.0000,79182.0000,16.0000,14.0000,0.00020211,0.00017684,ExitCluster,maker,maker,79214.0000,1,1.0000,1.0000,2.0000,369,1133
2025-12-15T08:39:06.753+00:00,2025-12-15T08:39:38.087+00:00,long,1,79181.0000,79173.0000,-8.0000,-10.0000,-0.00010103,-0.00012629,ExitAdverse,maker,maker,79229.0000,0,1.0000,1.0000,2.0000,62,31334
2025-12-15T08:39:47.204+00:00,2025-12-15T08:39:49.205+00:00,long,1,79171.0000,79188.0000,17.0000,15.0000,0.00021473,0.00018946,ExitCluster,maker,maker,79219.0000,1,1.0000,1.0000,2.0000,124,2001
2025-12-15T08:39:50.205+00:00,2025-12-15T08:39:51.206+00:00,long,1,79176.0000,79190.0000,14.0000,12.0000,0.00017682,0.00015156,ExitCluster,maker,maker,79224.0000,1,1.0000,1.0000,2.0000,402,1001
2025-12-15T08:39:51.532+00:00,2025-12-15T08:39:54.110+00:00,long,1,79171.0000,79160.0000,-11.0000,-13.0000,-0.00013894,-0.00016420,ExitAdverse,maker,maker,79219.0000,0,1.0000,1.0000,2.0000,66,2578
2025-12-15T08:39:54.207+00:00,2025-12-15T08:39:59.568+00:00,short,-1,79169.0000,79140.0000,29.0000,27.0000,0.00036630,0.00034104,ExitCluster,maker,maker,79121.0000,1,1.0000,1.0000,2.0000,38,5361
2025-12-15T08:40:20.394+00:00,2025-12-15T08:40:21.802+00:00,short,-1,79155.0000,79142.0000,13.0000,11.0000,0.00016423,0.00013897,ExitCluster,maker,maker,79107.0000,1,1.0000,1.0000,2.0000,108,1408
2025-12-15T08:40:24.505+00:00,2025-12-15T08:40:24.896+00:00,long,1,79122.0000,79124.0000,2.0000,0.0000,0.00002528,0.00000000,ExitAdverse,maker,maker,79170.0000,0,1.0000,1.0000,2.0000,46,391
2025-12-15T08:40:25.115+00:00,2025-12-15T08:40:25.661+00:00,long,1,79111.0000,79126.0000,15.0000,13.0000,0.00018961,0.00016433,ExitCluster,maker,maker,79159.0000,1,1.0000,1.0000,2.0000,61,546
2025-12-15T08:40:25.878+00:00,2025-12-15T08:40:32.227+00:00,long,1,79120.0000,79134.0000,14.0000,12.0000,0.00017695,0.00015167,ExitCluster,maker,maker,79168.0000,1,1.0000,1.0000,2.0000,46,6349
2025-12-15T08:40:32.734+00:00,2025-12-15T08:40:36.942+00:00,long,1,79120.0000,79134.0000,14.0000,12.0000,0.00017695,0.00015167,ExitCluster,maker,maker,79168.0000,1,1.0000,1.0000,2.0000,493,4208
2025-12-15T08:40:44.233+00:00,2025-12-15T08:40:48.070+00:00,long,1,79123.0000,79122.0000,-1.0000,-3.0000,-0.00001264,-0.00003792,ExitAdverse,maker,maker,79171.0000,0,1.0000,1.0000,2.0000,188,3837
2025-12-15T08:40:48.235+00:00,2025-12-15T08:40:58.240+00:00,long,1,79111.0000,79107.0000,-4.0000,-6.0000,-0.00005056,-0.00007584,ExitAdverse,maker,maker,79159.0000,0,1.0000,1.0000,2.0000,144,10005
2025-12-15T08:41:00.861+00:00,2025-12-15T08:41:01.212+00:00,short,-1,79107.0000,79116.0000,-9.0000,-11.0000,-0.00011377,-0.00013905,ExitAdverse,maker,maker,79059.0000,0,1.0000,1.0000,2.0000,4,351
2025-12-15T08:41:01.537+00:00,2025-12-15T08:41:02.809+00:00,long,1,79101.0000,79118.0000,17.0000,15.0000,0.00021492,0.00018963,ExitCluster,maker,maker,79149.0000,1,1.0000,1.0000,2.0000,134,1272
2025-12-15T08:41:04.601+00:00,2025-12-15T08:41:11.247+00:00,long,1,79106.0000,79104.0000,-2.0000,-4.0000,-0.00002528,-0.00005057,ExitAdverse,maker,maker,79154.0000,0,1.0000,1.0000,2.0000,326,6646
2025-12-15T08:41:13.249+00:00,2025-12-15T08:41:15.599+00:00,long,1,79101.0000,79106.0000,5.0000,3.0000,0.00006321,0.00003793,ExitCluster,maker,maker,79149.0000,1,1.0000,1.0000,2.0000,387,2350
2025-12-15T08:41:20.550+00:00,2025-12-15T08:41:22.144+00:00,long,1,79101.0000,79112.0000,11.0000,9.0000,0.00013906,0.00011378,ExitCluster,maker,maker,79149.0000,1,1.0000,1.0000,2.0000,288,1594
2025-12-15T08:41:22.254+00:00,2025-12-15T08:41:36.263+00:00,long,1,79101.0000,79097.0000,-4.0000,-6.0000,-0.00005057,-0.00007585,ExitAdverse,maker,maker,79149.0000,0,1.0000,1.0000,2.0000,92,14009
2025-12-15T08:41:39.264+00:00,2025-12-15T08:41:40.019+00:00,long,1,79095.0000,79100.0000,5.0000,3.0000,0.00006322,0.00003793,ExitCluster,maker,maker,79143.0000,1,1.0000,1.0000,2.0000,234,755
2025-12-15T08:41:41.261+00:00,2025-12-15T08:41:46.268+00:00,long,1,79101.0000,79112.0000,11.0000,9.0000,0.00013906,0.00011378,ExitCluster,maker,maker,79149.0000,1,1.0000,1.0000,2.0000,150,5007
2025-12-15T08:41:46.684+00:00,2025-12-15T08:41:52.857+00:00,long,1,79104.0000,79116.0000,12.0000,10.0000,0.00015170,0.00012642,ExitCluster,maker,maker,79152.0000,1,1.0000,1.0000,2.0000,407,6173
2025-12-15T08:41:58.483+00:00,2025-12-15T08:42:02.375+00:00,long,1,79108.0000,79114.0000,6.0000,4.0000,0.00007585,0.00005056,ExitCluster,maker,maker,79156.0000,1,1.0000,1.0000,2.0000,196,3892
2025-12-15T08:42:03.276+00:00,2025-12-15T08:42:06.278+00:00,long,1,79101.0000,79109.0000,8.0000,6.0000,0.00010114,0.00007585,ExitCluster,maker,maker,79149.0000,1,1.0000,1.0000,2.0000,134,3002
2025-12-15T08:42:06.384+00:00,2025-12-15T08:42:07.324+00:00,long,1,79101.0000,79109.0000,8.0000,6.0000,0.00010114,0.00007585,ExitCluster,maker,maker,79149.0000,1,1.0000,1.0000,2.0000,96,940
2025-12-15T08:42:20.069+00:00,2025-12-15T08:42:25.916+00:00,long,1,79121.0000,79109.0000,-12.0000,-14.0000,-0.00015167,-0.00017694,ExitAdverse,maker,maker,79169.0000,0,1.0000,1.0000,2.0000,12,5847
2025-12-15T08:42:35.372+00:00,2025-12-15T08:42:37.188+00:00,long,1,79083.0000,79092.0000,9.0000,7.0000,0.00011380,0.00008851,ExitCluster,maker,maker,79131.0000,1,1.0000,1.0000,2.0000,10,1816
2025-12-15T08:42:46.749+00:00,2025-12-15T08:42:50.024+00:00,long,1,79091.0000,79098.0000,7.0000,5.0000,0.00008851,0.00006322,ExitCluster,maker,maker,79139.0000,1,1.0000,1.0000,2.0000,213,3275
2025-12-15T08:42:53.064+00:00,2025-12-15T08:43:13.420+00:00,long,1,79111.0000,79117.0000,6.0000,4.0000,0.00007584,0.00005056,ExitCluster,maker,maker,79159.0000,1,1.0000,1.0000,2.0000,103,20356
2025-12-15T08:43:16.329+00:00,2025-12-15T08:43:17.805+00:00,long,1,79126.0000,79137.0000,11.0000,9.0000,0.00013902,0.00011374,ExitCluster,maker,maker,79174.0000,1,1.0000,1.0000,2.0000,428,1476
2025-12-15T08:43:18.765+00:00,2025-12-15T08:43:37.529+00:00,long,1,79126.0000,79122.0000,-4.0000,-6.0000,-0.00005055,-0.00007583,ExitAdverse,maker,maker,79174.0000,0,1.0000,1.0000,2.0000,395,18764
2025-12-15T08:43:38.272+00:00,2025-12-15T08:43:39.338+00:00,long,1,79106.0000,79114.0000,8.0000,6.0000,0.00010113,0.00007585,ExitCluster,maker,maker,79154.0000,1,1.0000,1.0000,2.0000,47,1066
2025-12-15T08:43:51.934+00:00,2025-12-15T08:43:53.236+00:00,short,-1,79123.0000,79104.0000,19.0000,17.0000,0.00024013,0.00021486,ExitCluster,maker,maker,79075.0000,1,1.0000,1.0000,2.0000,494,1302
2025-12-15T08:43:53.892+00:00,2025-12-15T08:43:59.348+00:00,short,-1,79114.0000,79100.0000,14.0000,12.0000,0.00017696,0.00015168,ExitAdverse,maker,maker,79066.0000,0,1.0000,1.0000,2.0000,531,5456
2025-12-15T08:43:59.646+00:00,2025-12-15T08:44:00.549+00:00,short,-1,79110.0000,79099.0000,11.0000,9.0000,0.00013905,0.00011377,ExitCluster,maker,maker,79062.0000,1,1.0000,1.0000,2.0000,154,903
2025-12-15T08:44:00.662+00:00,2025-12-15T08:44:04.955+00:00,short,-1,79110.0000,79084.0000,26.0000,24.0000,0.00032866,0.00030338,ExitCluster,maker,maker,79062.0000,1,1.0000,1.0000,2.0000,87,4293
2025-12-15T08:44:05.120+00:00,2025-12-15T08:44:11.354+00:00,short,-1,79096.0000,79101.0000,-5.0000,-7.0000,-0.00006321,-0.00008850,ExitAdverse,maker,maker,79048.0000,0,1.0000,1.0000,2.0000,120,6234
2025-12-15T08:44:11.429+00:00,2025-12-15T08:44:11.932+00:00,short,-1,79110.0000,79101.0000,9.0000,7.0000,0.00011377,0.00008848,ExitCluster,maker,maker,79062.0000,1,1.0000,1.0000,2.0000,68,503
2025-12-15T08:44:12.867+00:00,2025-12-15T08:44:15.548+00:00,short,-1,79096.0000,79077.0000,19.0000,17.0000,0.00024021,0.00021493,ExitCluster,maker,maker,79048.0000,1,1.0000,1.0000,2.0000,132,2681
2025-12-15T08:44:15.779+00:00,2025-12-15T08:44:19.358+00:00,long,1,79071.0000,79076.0000,5.0000,3.0000,0.00006323,0.00003794,ExitCluster,maker,maker,79119.0000,1,1.0000,1.0000,2.0000,210,3579
2025-12-15T08:44:23.551+00:00,2025-12-15T08:44:26.626+00:00,short,-1,79110.0000,79106.0000,4.0000,2.0000,0.00005056,0.00002528,ExitCluster,maker,maker,79062.0000,1,1.0000,1.0000,2.0000,18,3075
2025-12-15T08:44:26.938+00:00,2025-12-15T08:44:33.955+00:00,short,-1,79119.0000,79087.0000,32.0000,30.0000,0.00040445,0.00037918,ExitCluster,maker,maker,79071.0000,1,1.0000,1.0000,2.0000,112,7017
2025-12-15T08:44:35.366+00:00,2025-12-15T08:44:38.367+00:00,long,1,79072.0000,79051.0000,-21.0000,-23.0000,-0.00026558,-0.00029087,ExitAdverse,maker,maker,79120.0000,0,1.0000,1.0000,2.0000,55,3001
2025-12-15T08:44:39.257+00:00,2025-12-15T08:44:40.425+00:00,short,-1,79076.0000,79059.0000,17.0000,15.0000,0.00021498,0.00018969,ExitCluster,maker,maker,79028.0000,1,1.0000,1.0000,2.0000,33,1168
2025-12-15T08:44:40.800+00:00,2025-12-15T08:44:48.891+00:00,short,-1,79076.0000,79046.0000,30.0000,28.0000,0.00037938,0.00035409,ExitCluster,maker,maker,79028.0000,1,1.0000,1.0000,2.0000,358,8091
2025-12-15T08:44:53.374+00:00,2025-12-15T08:44:53.983+00:00,long,1,79051.0000,79063.0000,12.0000,10.0000,0.00015180,0.00012650,ExitCluster,maker,maker,79099.0000,1,1.0000,1.0000,2.0000,27,609
2025-12-15T08:44:57.377+00:00,2025-12-15T08:44:59.377+00:00,long,1,79051.0000,79076.0000,25.0000,23.0000,0.00031625,0.00029095,ExitCluster,maker,maker,79099.0000,1,1.0000,1.0000,2.0000,254,2000
2025-12-15T08:45:00.447+00:00,2025-12-15T08:45:08.382+00:00,short,-1,79076.0000,79059.0000,17.0000,15.0000,0.00021498,0.00018969,ExitCluster,maker,maker,79028.0000,1,1.0000,1.0000,2.0000,25,7935
2025-12-15T08:45:08.588+00:00,2025-12-15T08:45:10.383+00:00,short,-1,79069.0000,79051.0000,18.0000,16.0000,0.00022765,0.00020235,ExitCluster,maker,maker,79021.0000,1,1.0000,1.0000,2.0000,122,1795
2025-12-15T08:45:13.385+00:00,2025-12-15T08:45:16.915+00:00,short,-1,79069.0000,79070.0000,-1.0000,-3.0000,-0.00001265,-0.00003794,ExitAdverse,maker,maker,79021.0000,0,1.0000,1.0000,2.0000,20,3530
2025-12-15T08:45:25.714+00:00,2025-12-15T08:45:30.340+00:00,short,-1,79097.0000,79082.0000,15.0000,13.0000,0.00018964,0.00016436,ExitCluster,maker,maker,79049.0000,1,1.0000,1.0000,2.0000,287,4626
2025-12-15T08:45:30.395+00:00,2025-12-15T08:45:37.399+00:00,short,-1,79097.0000,79112.0000,-15.0000,-17.0000,-0.00018964,-0.00021493,ExitAdverse,maker,maker,79049.0000,0,1.0000,1.0000,2.0000,287,7004
2025-12-15T08:45:37.635+00:00,2025-12-15T08:45:40.156+00:00,short,-1,79119.0000,79103.0000,16.0000,14.0000,0.00020223,0.00017695,ExitCluster,maker,maker,79071.0000,1,1.0000,1.0000,2.0000,216,2521
2025-12-15T08:46:04.162+00:00,2025-12-15T08:46:19.383+00:00,short,-1,79119.0000,79095.0000,24.0000,22.0000,0.00030334,0.00027806,ExitCluster,maker,maker,79071.0000,1,1.0000,1.0000,2.0000,63,15221
2025-12-15T08:46:37.622+00:00,2025-12-15T08:46:40.675+00:00,short,-1,79116.0000,79102.0000,14.0000,12.0000,0.00017696,0.00015168,ExitCluster,maker,maker,79068.0000,1,1.0000,1.0000,2.0000,178,3053
2025-12-15T08:46:40.742+00:00,2025-12-15T08:46:47.908+00:00,short,-1,79101.0000,79060.0000,41.0000,39.0000,0.00051832,0.00049304,ExitCluster,maker,maker,79053.0000,1,1.0000,1.0000,2.0000,28,7166
2025-12-15T08:46:53.484+00:00,2025-12-15T08:47:02.721+00:00,long,1,79051.0000,79031.0000,-20.0000,-22.0000,-0.00025300,-0.00027830,ExitAdverse,maker,maker,79099.0000,0,1.0000,1.0000,2.0000,0,9237
2025-12-15T08:47:02.778+00:00,2025-12-15T08:47:03.604+00:00,long,1,79028.0000,79042.0000,14.0000,12.0000,0.00017715,0.00015184,ExitCluster,maker,maker,79076.0000,1,1.0000,1.0000,2.0000,34,826
2025-12-15T08:47:04.441+00:00,2025-12-15T08:47:10.990+00:00,short,-1,79063.0000,79060.0000,3.0000,1.0000,0.00003794,0.00001265,ExitCluster,maker,maker,79015.0000,1,1.0000,1.0000,2.0000,141,6549
2025-12-15T08:47:11.444+00:00,2025-12-15T08:47:22.802+00:00,short,-1,79063.0000,79053.0000,10.0000,8.0000,0.00012648,0.00010119,ExitCluster,maker,maker,79015.0000,1,1.0000,1.0000,2.0000,426,11358
2025-12-15T08:47:23.450+00:00,2025-12-15T08:47:30.374+00:00,short,-1,79063.0000,79069.0000,-6.0000,-8.0000,-0.00007589,-0.00010119,ExitAdverse,maker,maker,79015.0000,0,1.0000,1.0000,2.0000,628,6924
2025-12-15T08:47:31.131+00:00,2025-12-15T08:47:42.011+00:00,short,-1,79086.0000,79071.0000,15.0000,13.0000,0.00018967,0.00016438,ExitCluster,maker,maker,79038.0000,1,1.0000,1.0000,2.0000,580,10880
2025-12-15T08:47:45.460+00:00,2025-12-15T08:47:52.463+00:00,long,1,79061.0000,79069.0000,8.0000,6.0000,0.00010119,0.00007589,ExitCluster,maker,maker,79109.0000,1,1.0000,1.0000,2.0000,346,7003
2025-12-15T08:48:19.697+00:00,2025-12-15T08:48:22.818+00:00,short,-1,79062.0000,79054.0000,8.0000,6.0000,0.00010119,0.00007589,ExitCluster,maker,maker,79014.0000,1,1.0000,1.0000,2.0000,82,3121
2025-12-15T08:48:23.034+00:00,2025-12-15T08:48:31.241+00:00,short,-1,79062.0000,79043.0000,19.0000,17.0000,0.00024032,0.00021502,ExitCluster,maker,maker,79014.0000,1,1.0000,1.0000,2.0000,122,8207
2025-12-15T08:48:33.233+00:00,2025-12-15T08:48:38.873+00:00,short,-1,79062.0000,79054.0000,8.0000,6.0000,0.00010119,0.00007589,ExitCluster,maker,maker,79014.0000,1,1.0000,1.0000,2.0000,231,5640
2025-12-15T08:48:38.987+00:00,2025-12-15T08:49:08.865+00:00,short,-1,79062.0000,79043.0000,19.0000,17.0000,0.00024032,0.00021502,ExitCluster,maker,maker,79014.0000,1,1.0000,1.0000,2.0000,45,29878
2025-12-15T08:49:09.390+00:00,2025-12-15T08:49:21.510+00:00,short,-1,79049.0000,79061.0000,-12.0000,-14.0000,-0.00015180,-0.00017711,ExitAdverse,maker,maker,79001.0000,0,1.0000,1.0000,2.0000,489,12120
2025-12-15T08:49:32.515+00:00,2025-12-15T08:49:48.506+00:00,short,-1,79086.0000,79086.0000,-0.0000,-2.0000,-0.00000000,-0.00002529,ExitAdverse,maker,maker,79038.0000,0,1.0000,1.0000,2.0000,368,15991
2025-12-15T08:49:48.836+00:00,2025-12-15T08:49:56.893+00:00,short,-1,79070.0000,79064.0000,6.0000,4.0000,0.00007588,0.00005059,ExitCluster,maker,maker,79022.0000,1,1.0000,1.0000,2.0000,25,8057
2025-12-15T08:50:00.481+00:00,2025-12-15T08:50:19.539+00:00,short,-1,79068.0000,79079.0000,-11.0000,-13.0000,-0.00013912,-0.00016442,ExitAdverse,maker,maker,79020.0000,0,1.0000,1.0000,2.0000,41,19058
2025-12-15T08:50:20.540+00:00,2025-12-15T08:50:51.566+00:00,long,1,79070.0000,79080.0000,10.0000,8.0000,0.00012647,0.00010118,ExitCluster,maker,maker,79118.0000,1,1.0000,1.0000,2.0000,533,31026
2025-12-15T08:50:52.565+00:00,2025-12-15T08:51:01.390+00:00,short,-1,79086.0000,79072.0000,14.0000,12.0000,0.00017702,0.00015173,ExitCluster,maker,maker,79038.0000,1,1.0000,1.0000,2.0000,276,8825
2025-12-15T08:51:01.426+00:00,2025-12-15T08:51:03.098+00:00,short,-1,79086.0000,79067.0000,19.0000,17.0000,0.00024024,0.00021496,ExitCluster,maker,maker,79038.0000,1,1.0000,1.0000,2.0000,14,1672
2025-12-15T08:51:03.570+00:00,2025-12-15T08:51:06.572+00:00,long,1,79051.0000,79047.0000,-4.0000,-6.0000,-0.00005060,-0.00007590,ExitAdverse,maker,maker,79099.0000,0,1.0000,1.0000,2.0000,334,3002
2025-12-15T08:51:20.272+00:00,2025-12-15T08:51:21.603+00:00,long,1,79046.0000,79055.0000,9.0000,7.0000,0.00011386,0.00008856,ExitCluster,maker,maker,79094.0000,1,1.0000,1.0000,2.0000,469,1331
2025-12-15T08:51:21.692+00:00,2025-12-15T08:51:24.580+00:00,long,1,79046.0000,79055.0000,9.0000,7.0000,0.00011386,0.00008856,ExitCluster,maker,maker,79094.0000,1,1.0000,1.0000,2.0000,66,2888
2025-12-15T08:51:24.642+00:00,2025-12-15T08:51:31.583+00:00,long,1,79046.0000,79052.0000,6.0000,4.0000,0.00007591,0.00005060,ExitCluster,maker,maker,79094.0000,1,1.0000,1.0000,2.0000,52,6941
2025-12-15T08:51:34.585+00:00,2025-12-15T08:51:35.585+00:00,long,1,79046.0000,79052.0000,6.0000,4.0000,0.00007591,0.00005060,ExitCluster,maker,maker,79094.0000,1,1.0000,1.0000,2.0000,155,1000
2025-12-15T08:51:36.586+00:00,2025-12-15T08:51:37.586+00:00,long,1,79046.0000,79052.0000,6.0000,4.0000,0.00007591,0.00005060,ExitCluster,maker,maker,79094.0000,1,1.0000,1.0000,2.0000,560,1000
2025-12-15T08:51:37.951+00:00,2025-12-15T08:51:55.593+00:00,long,1,79046.0000,79064.0000,18.0000,16.0000,0.00022772,0.00020241,ExitCluster,maker,maker,79094.0000,1,1.0000,1.0000,2.0000,346,17642
2025-12-15T08:52:04.188+00:00,2025-12-15T08:52:04.818+00:00,long,1,79046.0000,79055.0000,9.0000,7.0000,0.00011386,0.00008856,ExitCluster,maker,maker,79094.0000,1,1.0000,1.0000,2.0000,1,630
2025-12-15T08:52:26.447+00:00,2025-12-15T08:52:31.661+00:00,long,1,79028.0000,79034.0000,6.0000,4.0000,0.00007592,0.00005061,ExitCluster,maker,maker,79076.0000,1,1.0000,1.0000,2.0000,619,5214
2025-12-15T08:52:38.383+00:00,2025-12-15T08:52:42.678+00:00,short,-1,79086.0000,79071.0000,15.0000,13.0000,0.00018967,0.00016438,ExitCluster,maker,maker,79038.0000,1,1.0000,1.0000,2.0000,556,4295
2025-12-15T08:53:13.626+00:00,2025-12-15T08:53:29.633+00:00,long,1,79047.0000,79062.0000,15.0000,13.0000,0.00018976,0.00016446,ExitCluster,maker,maker,79095.0000,1,1.0000,1.0000,2.0000,235,16007
2025-12-15T08:53:30.634+00:00,2025-12-15T08:53:38.866+00:00,long,1,79051.0000,79064.0000,13.0000,11.0000,0.00016445,0.00013915,ExitCluster,maker,maker,79099.0000,1,1.0000,1.0000,2.0000,297,8232
2025-12-15T08:53:40.639+00:00,2025-12-15T08:53:41.639+00:00,long,1,79051.0000,79064.0000,13.0000,11.0000,0.00016445,0.00013915,ExitCluster,maker,maker,79099.0000,1,1.0000,1.0000,2.0000,328,1000
2025-12-15T08:53:41.848+00:00,2025-12-15T08:53:58.681+00:00,long,1,79051.0000,79079.0000,28.0000,26.0000,0.00035420,0.00032890,ExitCluster,maker,maker,79099.0000,1,1.0000,1.0000,2.0000,198,16833
2025-12-15T08:54:02.202+00:00,2025-12-15T08:54:04.575+00:00,short,-1,79116.0000,79103.0000,13.0000,11.0000,0.00016432,0.00013904,ExitCluster,maker,maker,79068.0000,1,1.0000,1.0000,2.0000,525,2373
2025-12-15T08:54:38.665+00:00,2025-12-15T08:54:40.666+00:00,long,1,79101.0000,79112.0000,11.0000,9.0000,0.00013906,0.00011378,ExitCluster,maker,maker,79149.0000,1,1.0000,1.0000,2.0000,371,2001
2025-12-15T08:54:41.667+00:00,2025-12-15T08:54:43.668+00:00,long,1,79101.0000,79110.0000,9.0000,7.0000,0.00011378,0.00008849,ExitCluster,maker,maker,79149.0000,1,1.0000,1.0000,2.0000,987,2001
2025-12-15T08:54:44.290+00:00,2025-12-15T08:54:53.139+00:00,long,1,79101.0000,79099.0000,-2.0000,-4.0000,-0.00002528,-0.00005057,ExitAdverse,maker,maker,79149.0000,0,1.0000,1.0000,2.0000,598,8849
2025-12-15T08:55:59.701+00:00,2025-12-15T08:56:00.702+00:00,long,1,79121.0000,79126.0000,5.0000,3.0000,0.00006319,0.00003792,ExitCluster,maker,maker,79169.0000,1,1.0000,1.0000,2.0000,1,1001
2025-12-15T08:56:05.095+00:00,2025-12-15T08:56:09.005+00:00,long,1,79121.0000,79136.0000,15.0000,13.0000,0.00018958,0.00016431,ExitCluster,maker,maker,79169.0000,1,1.0000,1.0000,2.0000,120,3910
2025-12-15T08:56:22.400+00:00,2025-12-15T08:56:23.680+00:00,long,1,79100.0000,79110.0000,10.0000,8.0000,0.00012642,0.00010114,ExitCluster,maker,maker,79148.0000,1,1.0000,1.0000,2.0000,673,1280
2025-12-15T08:56:23.713+00:00,2025-12-15T08:56:39.218+00:00,long,1,79100.0000,79118.0000,18.0000,16.0000,0.00022756,0.00020228,ExitCluster,maker,maker,79148.0000,1,1.0000,1.0000,2.0000,24,15505
2025-12-15T08:56:39.720+00:00,2025-12-15T08:57:35.335+00:00,short,-1,79127.0000,79089.0000,38.0000,36.0000,0.00048024,0.00045496,ExitCluster,maker,maker,79079.0000,1,1.0000,1.0000,2.0000,459,55615
2025-12-15T08:58:24.772+00:00,2025-12-15T08:58:44.195+00:00,short,-1,79109.0000,79122.0000,-13.0000,-15.0000,-0.00016433,-0.00018961,ExitAdverse,maker,maker,79061.0000,0,1.0000,1.0000,2.0000,427,19423
2025-12-15T08:58:44.406+00:00,2025-12-15T08:58:45.164+00:00,long,1,79111.0000,79127.0000,16.0000,14.0000,0.00020225,0.00017697,ExitCluster,maker,maker,79159.0000,1,1.0000,1.0000,2.0000,83,758
2025-12-15T08:58:45.409+00:00,2025-12-15T08:58:56.785+00:00,long,1,79111.0000,79117.0000,6.0000,4.0000,0.00007584,0.00005056,ExitCluster,maker,maker,79159.0000,1,1.0000,1.0000,2.0000,150,11376
2025-12-15T08:58:57.786+00:00,2025-12-15T08:59:14.793+00:00,short,-1,79127.0000,79123.0000,4.0000,2.0000,0.00005055,0.00002528,ExitCluster,maker,maker,79079.0000,1,1.0000,1.0000,2.0000,789,17007
2025-12-15T08:59:25.800+00:00,2025-12-15T08:59:27.801+00:00,short,-1,79127.0000,79113.0000,14.0000,12.0000,0.00017693,0.00015165,ExitCluster,maker,maker,79079.0000,1,1.0000,1.0000,2.0000,63,2001
2025-12-15T08:59:28.294+00:00,2025-12-15T08:59:43.775+00:00,short,-1,79127.0000,79114.0000,13.0000,11.0000,0.00016429,0.00013902,ExitCluster,maker,maker,79079.0000,1,1.0000,1.0000,2.0000,478,15481
2025-12-15T08:59:43.857+00:00,2025-12-15T08:59:45.808+00:00,long,1,79101.0000,79109.0000,8.0000,6.0000,0.00010114,0.00007585,ExitCluster,maker,maker,79149.0000,1,1.0000,1.0000,2.0000,18,1951
2025-12-15T08:59:46.809+00:00,2025-12-15T08:59:47.409+00:00,long,1,79101.0000,79109.0000,8.0000,6.0000,0.00010114,0.00007585,ExitCluster,maker,maker,79149.0000,1,1.0000,1.0000,2.0000,60,600
2025-12-15T08:59:47.809+00:00,2025-12-15T08:59:49.810+00:00,long,1,79101.0000,79109.0000,8.0000,6.0000,0.00010114,0.00007585,ExitCluster,maker,maker,79149.0000,1,1.0000,1.0000,2.0000,391,2001
2025-12-15T08:59:50.810+00:00,2025-12-15T08:59:55.525+00:00,long,1,79101.0000,79109.0000,8.0000,6.0000,0.00010114,0.00007585,ExitCluster,maker,maker,79149.0000,1,1.0000,1.0000,2.0000,346,4715
2025-12-15T08:59:55.813+00:00,2025-12-15T09:00:15.822+00:00,long,1,79101.0000,79092.0000,-9.0000,-11.0000,-0.00011378,-0.00013906,ExitAdverse,maker,maker,79149.0000,0,1.0000,1.0000,2.0000,276,20009
2025-12-15T09:00:16.325+00:00,2025-12-15T09:00:26.810+00:00,short,-1,79101.0000,79096.0000,5.0000,3.0000,0.00006321,0.00003793,ExitCluster,maker,maker,79053.0000,1,1.0000,1.0000,2.0000,98,10485
2025-12-15T09:00:28.367+00:00,2025-12-15T09:00:34.830+00:00,short,-1,79095.0000,79076.0000,19.0000,17.0000,0.00024022,0.00021493,ExitCluster,maker,maker,79047.0000,1,1.0000,1.0000,2.0000,531,6463
2025-12-15T09:00:36.684+00:00,2025-12-15T09:00:44.835+00:00,long,1,79081.0000,79091.0000,10.0000,8.0000,0.00012645,0.00010116,ExitCluster,maker,maker,79129.0000,1,1.0000,1.0000,2.0000,63,8151
2025-12-15T09:00:45.120+00:00,2025-12-15T09:00:53.429+00:00,long,1,79081.0000,79091.0000,10.0000,8.0000,0.00012645,0.00010116,ExitCluster,maker,maker,79129.0000,1,1.0000,1.0000,2.0000,273,8309
2025-12-15T09:00:55.839+00:00,2025-12-15T09:01:19.016+00:00,long,1,79091.0000,79068.0000,-23.0000,-25.0000,-0.00029080,-0.00031609,ExitAdverse,maker,maker,79139.0000,0,1.0000,1.0000,2.0000,150,23177
2025-12-15T09:01:20.691+00:00,2025-12-15T09:01:23.014+00:00,long,1,79047.0000,79055.0000,8.0000,6.0000,0.00010121,0.00007590,ExitCluster,maker,maker,79095.0000,1,1.0000,1.0000,2.0000,53,2323
2025-12-15T09:01:32.857+00:00,2025-12-15T09:01:35.198+00:00,short,-1,79051.0000,79040.0000,11.0000,9.0000,0.00013915,0.00011385,ExitCluster,maker,maker,79003.0000,1,1.0000,1.0000,2.0000,588,2341
2025-12-15T09:01:44.726+00:00,2025-12-15T09:01:54.868+00:00,long,1,79043.0000,79035.0000,-8.0000,-10.0000,-0.00010121,-0.00012651,ExitAdverse,maker,maker,79091.0000,0,1.0000,1.0000,2.0000,134,10142
2025-12-15T09:02:09.538+00:00,2025-12-15T09:02:14.467+00:00,short,-1,79034.0000,79015.0000,19.0000,17.0000,0.00024040,0.00021510,ExitCluster,maker,maker,78986.0000,1,1.0000,1.0000,2.0000,129,4929
2025-12-15T09:02:15.449+00:00,2025-12-15T09:02:16.985+00:00,short,-1,79022.0000,79010.0000,12.0000,10.0000,0.00015186,0.00012655,ExitCluster,maker,maker,78974.0000,1,1.0000,1.0000,2.0000,20,1536
2025-12-15T09:02:17.097+00:00,2025-12-15T09:02:25.004+00:00,long,1,79001.0000,78991.0000,-10.0000,-12.0000,-0.00012658,-0.00015190,ExitAdverse,maker,maker,79049.0000,0,1.0000,1.0000,2.0000,34,7907
2025-12-15T09:02:25.209+00:00,2025-12-15T09:02:25.751+00:00,short,-1,79004.0000,78977.0000,27.0000,25.0000,0.00034175,0.00031644,ExitCluster,maker,maker,78956.0000,1,1.0000,1.0000,2.0000,195,542
2025-12-15T09:02:26.441+00:00,2025-12-15T09:02:28.281+00:00,short,-1,78975.0000,78969.0000,6.0000,4.0000,0.00007597,0.00005065,ExitCluster,maker,maker,78927.0000,1,1.0000,1.0000,2.0000,99,1840
2025-12-15T09:02:28.560+00:00,2025-12-15T09:02:32.052+00:00,short,-1,78975.0000,79027.0000,-52.0000,-54.0000,-0.00065844,-0.00068376,ExitAdverse,maker,maker,78927.0000,0,1.0000,1.0000,2.0000,32,3492
2025-12-15T09:02:32.191+00:00,2025-12-15T09:02:35.885+00:00,short,-1,79034.0000,79039.0000,-5.0000,-7.0000,-0.00006326,-0.00008857,ExitAdverse,maker,maker,78986.0000,0,1.0000,1.0000,2.0000,94,3694
2025-12-15T09:02:39.393+00:00,2025-12-15T09:02:48.890+00:00,long,1,79028.0000,79003.0000,-25.0000,-27.0000,-0.00031634,-0.00034165,ExitAdverse,maker,maker,79076.0000,0,1.0000,1.0000,2.0000,128,9497
2025-12-15T09:03:00.857+00:00,2025-12-15T09:03:02.571+00:00,short,-1,78990.0000,78975.0000,15.0000,13.0000,0.00018990,0.00016458,ExitCluster,maker,maker,78942.0000,1,1.0000,1.0000,2.0000,71,1714
2025-12-15T09:03:10.812+00:00,2025-12-15T09:03:15.854+00:00,long,1,78991.0000,79025.0000,34.0000,32.0000,0.00043043,0.00040511,ExitCluster,maker,maker,79039.0000,1,1.0000,1.0000,2.0000,87,5042
2025-12-15T09:03:20.258+00:00,2025-12-15T09:03:22.187+00:00,short,-1,79025.0000,79011.0000,14.0000,12.0000,0.00017716,0.00015185,ExitCluster,maker,maker,78977.0000,1,1.0000,1.0000,2.0000,199,1929
2025-12-15T09:03:22.369+00:00,2025-12-15T09:03:22.906+00:00,short,-1,79024.0000,79010.0000,14.0000,12.0000,0.00017716,0.00015185,ExitCluster,maker,maker,78976.0000,1,1.0000,1.0000,2.0000,55,537
2025-12-15T09:03:23.223+00:00,2025-12-15T09:03:28.453+00:00,short,-1,79024.0000,78999.0000,25.0000,23.0000,0.00031636,0.00029105,ExitCluster,maker,maker,78976.0000,1,1.0000,1.0000,2.0000,359,5230
2025-12-15T09:03:28.866+00:00,2025-12-15T09:03:30.401+00:00,long,1,78991.0000,78998.0000,7.0000,5.0000,0.00008862,0.00006330,ExitCluster,maker,maker,79039.0000,1,1.0000,1.0000,2.0000,118,1535
2025-12-15T09:03:34.911+00:00,2025-12-15T09:03:46.073+00:00,long,1,78991.0000,78983.0000,-8.0000,-10.0000,-0.00010128,-0.00012660,ExitAdverse,maker,maker,79039.0000,0,1.0000,1.0000,2.0000,45,11162
2025-12-15T09:03:46.917+00:00,2025-12-15T09:03:56.440+00:00,short,-1,78991.0000,79016.0000,-25.0000,-27.0000,-0.00031649,-0.00034181,ExitAdverse,maker,maker,78943.0000,0,1.0000,1.0000,2.0000,224,9523
2025-12-15T09:03:56.521+00:00,2025-12-15T09:04:07.750+00:00,short,-1,79025.0000,79009.0000,16.0000,14.0000,0.00020247,0.00017716,ExitCluster,maker,maker,78977.0000,1,1.0000,1.0000,2.0000,48,11229
2025-12-15T09:04:07.891+00:00,2025-12-15T09:04:26.763+00:00,long,1,79001.0000,78975.0000,-26.0000,-28.0000,-0.00032911,-0.00035443,ExitAdverse,maker,maker,79049.0000,0,1.0000,1.0000,2.0000,107,18872
2025-12-15T09:04:43.963+00:00,2025-12-15T09:04:49.863+00:00,long,1,78984.0000,78976.0000,-8.0000,-10.0000,-0.00010129,-0.00012661,ExitAdverse,maker,maker,79032.0000,0,1.0000,1.0000,2.0000,267,5900
2025-12-15T09:04:59.639+00:00,2025-12-15T09:05:01.009+00:00,long,1,78951.0000,78943.0000,-8.0000,-10.0000,-0.00010133,-0.00012666,ExitAdverse,maker,maker,78999.0000,0,1.0000,1.0000,2.0000,172,1370
2025-12-15T09:05:26.931+00:00,2025-12-15T09:05:30.985+00:00,long,1,78931.0000,78941.0000,10.0000,8.0000,0.00012669,0.00010135,ExitCluster,maker,maker,78979.0000,1,1.0000,1.0000,2.0000,306,4054
2025-12-15T09:05:31.481+00:00,2025-12-15T09:05:33.986+00:00,long,1,78931.0000,78934.0000,3.0000,1.0000,0.00003801,0.00001267,ExitCluster,maker,maker,78979.0000,1,1.0000,1.0000,2.0000,266,2505
2025-12-15T09:05:38.400+00:00,2025-12-15T09:05:39.920+00:00,long,1,78931.0000,78944.0000,13.0000,11.0000,0.00016470,0.00013936,ExitCluster,maker,maker,78979.0000,1,1.0000,1.0000,2.0000,247,1520
2025-12-15T09:05:39.989+00:00,2025-12-15T09:05:43.991+00:00,long,1,78934.0000,78945.0000,11.0000,9.0000,0.00013936,0.00011402,ExitCluster,maker,maker,78982.0000,1,1.0000,1.0000,2.0000,18,4002
2025-12-15T09:05:44.366+00:00,2025-12-15T09:05:47.699+00:00,long,1,78931.0000,78949.0000,18.0000,16.0000,0.00022805,0.00020271,ExitCluster,maker,maker,78979.0000,1,1.0000,1.0000,2.0000,337,3333
2025-12-15T09:05:52.438+00:00,2025-12-15T09:05:52.913+00:00,long,1,78948.0000,78959.0000,11.0000,9.0000,0.00013933,0.00011400,ExitCluster,maker,maker,78996.0000,1,1.0000,1.0000,2.0000,308,475
2025-12-15T09:05:52.996+00:00,2025-12-15T09:05:56.998+00:00,long,1,78948.0000,78960.0000,12.0000,10.0000,0.00015200,0.00012667,ExitCluster,maker,maker,78996.0000,1,1.0000,1.0000,2.0000,48,4002
2025-12-15T09:05:59.999+00:00,2025-12-15T09:06:02.221+00:00,long,1,78957.0000,78974.0000,17.0000,15.0000,0.00021531,0.00018998,ExitCluster,maker,maker,79005.0000,1,1.0000,1.0000,2.0000,342,2222
2025-12-15T09:06:16.842+00:00,2025-12-15T09:06:18.914+00:00,long,1,78981.0000,78997.0000,16.0000,14.0000,0.00020258,0.00017726,ExitCluster,maker,maker,79029.0000,1,1.0000,1.0000,2.0000,10,2072
2025-12-15T09:06:29.013+00:00,2025-12-15T09:06:35.061+00:00,long,1,78982.0000,78987.0000,5.0000,3.0000,0.00006331,0.00003798,ExitCluster,maker,maker,79030.0000,1,1.0000,1.0000,2.0000,233,6048
2025-12-15T09:06:35.138+00:00,2025-12-15T09:06:37.596+00:00,short,-1,79025.0000,79060.0000,-35.0000,-37.0000,-0.00044290,-0.00046821,ExitAdverse,maker,maker,78977.0000,0,1.0000,1.0000,2.0000,3,2458
2025-12-15T09:06:53.464+00:00,2025-12-15T09:06:54.886+00:00,short,-1,79049.0000,79029.0000,20.0000,18.0000,0.00025301,0.00022771,ExitCluster,maker,maker,79001.0000,1,1.0000,1.0000,2.0000,231,1422
2025-12-15T09:07:01.683+00:00,2025-12-15T09:07:04.634+00:00,short,-1,79049.0000,79034.0000,15.0000,13.0000,0.00018976,0.00016445,ExitCluster,maker,maker,79001.0000,1,1.0000,1.0000,2.0000,491,2951
2025-12-15T09:07:05.559+00:00,2025-12-15T09:07:06.609+00:00,short,-1,79049.0000,79035.0000,14.0000,12.0000,0.00017711,0.00015180,ExitCluster,maker,maker,79001.0000,1,1.0000,1.0000,2.0000,250,1050
2025-12-15T09:07:09.036+00:00,2025-12-15T09:07:09.442+00:00,short,-1,79049.0000,79028.0000,21.0000,19.0000,0.00026566,0.00024036,ExitCluster,maker,maker,79001.0000,1,1.0000,1.0000,2.0000,1,406
2025-12-15T09:07:10.036+00:00,2025-12-15T09:07:18.068+00:00,short,-1,79029.0000,79034.0000,-5.0000,-7.0000,-0.00006327,-0.00008858,ExitAdverse,maker,maker,78981.0000,0,1.0000,1.0000,2.0000,21,8032
2025-12-15T09:07:19.541+00:00,2025-12-15T09:07:20.325+00:00,long,1,79024.0000,79041.0000,17.0000,15.0000,0.00021512,0.00018982,ExitCluster,maker,maker,79072.0000,1,1.0000,1.0000,2.0000,485,784
2025-12-15T09:07:33.229+00:00,2025-12-15T09:07:34.048+00:00,short,-1,79012.0000,79001.0000,11.0000,9.0000,0.00013922,0.00011391,ExitCluster,maker,maker,78964.0000,1,1.0000,1.0000,2.0000,24,819
2025-12-15T09:07:34.094+00:00,2025-12-15T09:07:34.955+00:00,short,-1,79012.0000,79001.0000,11.0000,9.0000,0.00013922,0.00011391,ExitCluster,maker,maker,78964.0000,1,1.0000,1.0000,2.0000,30,861
2025-12-15T09:07:35.395+00:00,2025-12-15T09:07:44.952+00:00,short,-1,79013.0000,79006.0000,7.0000,5.0000,0.00008859,0.00006328,ExitCluster,maker,maker,78965.0000,1,1.0000,1.0000,2.0000,102,9557
2025-12-15T09:07:54.894+00:00,2025-12-15T09:07:55.990+00:00,long,1,78982.0000,78999.0000,17.0000,15.0000,0.00021524,0.00018992,ExitCluster,maker,maker,79030.0000,1,1.0000,1.0000,2.0000,140,1096
2025-12-15T09:08:03.060+00:00,2025-12-15T09:08:14.928+00:00,long,1,78982.0000,79000.0000,18.0000,16.0000,0.00022790,0.00020258,ExitCluster,maker,maker,79030.0000,1,1.0000,1.0000,2.0000,644,11868
2025-12-15T09:08:15.052+00:00,2025-12-15T09:08:22.483+00:00,short,-1,79022.0000,79006.0000,16.0000,14.0000,0.00020248,0.00017717,ExitCluster,maker,maker,78974.0000,1,1.0000,1.0000,2.0000,1,7431
2025-12-15T09:08:22.685+00:00,2025-12-15T09:08:26.118+00:00,long,1,78993.0000,78999.0000,6.0000,4.0000,0.00007596,0.00005064,ExitCluster,maker,maker,79041.0000,1,1.0000,1.0000,2.0000,142,3433
2025-12-15T09:08:26.995+00:00,2025-12-15T09:08:45.080+00:00,long,1,78991.0000,79008.0000,17.0000,15.0000,0.00021521,0.00018990,ExitCluster,maker,maker,79039.0000,1,1.0000,1.0000,2.0000,213,18085
2025-12-15T09:08:47.080+00:00,2025-12-15T09:09:00.086+00:00,long,1,79001.0000,78996.0000,-5.0000,-7.0000,-0.00006329,-0.00008861,ExitAdverse,maker,maker,79049.0000,0,1.0000,1.0000,2.0000,361,13006
2025-12-15T09:09:00.596+00:00,2025-12-15T09:09:01.086+00:00,short,-1,79022.0000,79011.0000,11.0000,9.0000,0.00013920,0.00011389,ExitCluster,maker,maker,78974.0000,1,1.0000,1.0000,2.0000,61,490
2025-12-15T09:09:02.087+00:00,2025-12-15T09:09:11.185+00:00,long,1,79011.0000,79022.0000,11.0000,9.0000,0.00013922,0.00011391,ExitCluster,maker,maker,79059.0000,1,1.0000,1.0000,2.0000,246,9098
2025-12-15T09:09:12.091+00:00,2025-12-15T09:09:12.852+00:00,long,1,79011.0000,79022.0000,11.0000,9.0000,0.00013922,0.00011391,ExitCluster,maker,maker,79059.0000,1,1.0000,1.0000,2.0000,209,761
2025-12-15T09:09:12.958+00:00,2025-12-15T09:09:14.092+00:00,long,1,79011.0000,79022.0000,11.0000,9.0000,0.00013922,0.00011391,ExitCluster,maker,maker,79059.0000,1,1.0000,1.0000,2.0000,88,1134
2025-12-15T09:09:14.179+00:00,2025-12-15T09:09:16.018+00:00,long,1,79011.0000,79029.0000,18.0000,16.0000,0.00022782,0.00020250,ExitCluster,maker,maker,79059.0000,1,1.0000,1.0000,2.0000,78,1839
2025-12-15T09:09:23.097+00:00,2025-12-15T09:09:39.936+00:00,long,1,79021.0000,79014.0000,-7.0000,-9.0000,-0.00008858,-0.00011389,ExitAdverse,maker,maker,79069.0000,0,1.0000,1.0000,2.0000,316,16839
2025-12-15T09:09:42.104+00:00,2025-12-15T09:09:44.105+00:00,long,1,79011.0000,79018.0000,7.0000,5.0000,0.00008860,0.00006328,ExitCluster,maker,maker,79059.0000,1,1.0000,1.0000,2.0000,138,2001
2025-12-15T09:09:44.891+00:00,2025-12-15T09:10:33.126+00:00,long,1,79011.0000,79016.0000,5.0000,3.0000,0.00006328,0.00003797,ExitCluster,maker,maker,79059.0000,1,1.0000,1.0000,2.0000,135,48235
2025-12-15T09:10:59.136+00:00,2025-12-15T09:11:03.832+00:00,long,1,78991.0000,78981.0000,-10.0000,-12.0000,-0.00012660,-0.00015192,ExitAdverse,maker,maker,79039.0000,0,1.0000,1.0000,2.0000,549,4696
2025-12-15T09:11:22.131+00:00,2025-12-15T09:11:42.999+00:00,long,1,78980.0000,78976.0000,-4.0000,-6.0000,-0.00005065,-0.00007597,ExitAdverse,maker,maker,79028.0000,0,1.0000,1.0000,2.0000,65,20868
2025-12-15T09:11:47.167+00:00,2025-12-15T09:11:52.412+00:00,short,-1,78980.0000,78982.0000,-2.0000,-4.0000,-0.00002532,-0.00005065,ExitAdverse,maker,maker,78932.0000,0,1.0000,1.0000,2.0000,298,5245
2025-12-15T09:11:55.170+00:00,2025-12-15T09:12:07.923+00:00,long,1,78956.0000,78938.0000,-18.0000,-20.0000,-0.00022798,-0.00025331,ExitAdverse,maker,maker,79004.0000,0,1.0000,1.0000,2.0000,222,12753
2025-12-15T09:12:08.175+00:00,2025-12-15T09:12:09.939+00:00,long,1,78931.0000,78944.0000,13.0000,11.0000,0.00016470,0.00013936,ExitCluster,maker,maker,78979.0000,1,1.0000,1.0000,2.0000,227,1764
2025-12-15T09:12:10.176+00:00,2025-12-15T09:12:10.881+00:00,long,1,78931.0000,78944.0000,13.0000,11.0000,0.00016470,0.00013936,ExitCluster,maker,maker,78979.0000,1,1.0000,1.0000,2.0000,229,705
2025-12-15T09:12:10.983+00:00,2025-12-15T09:12:15.178+00:00,long,1,78934.0000,78946.0000,12.0000,10.0000,0.00015203,0.00012669,ExitCluster,maker,maker,78982.0000,1,1.0000,1.0000,2.0000,89,4195
2025-12-15T09:12:16.284+00:00,2025-12-15T09:12:22.304+00:00,short,-1,78953.0000,78948.0000,5.0000,3.0000,0.00006333,0.00003800,ExitCluster,maker,maker,78905.0000,1,1.0000,1.0000,2.0000,87,6020
2025-12-15T09:12:35.187+00:00,2025-12-15T09:13:00.197+00:00,short,-1,78960.0000,78966.0000,-6.0000,-8.0000,-0.00007599,-0.00010132,ExitAdverse,maker,maker,78912.0000,0,1.0000,1.0000,2.0000,0,25010
2025-12-15T09:13:00.533+00:00,2025-12-15T09:13:28.209+00:00,short,-1,78974.0000,78977.0000,-3.0000,-5.0000,-0.00003799,-0.00006331,ExitAdverse,maker,maker,78926.0000,0,1.0000,1.0000,2.0000,192,27676
2025-12-15T09:13:53.426+00:00,2025-12-15T09:14:02.349+00:00,short,-1,78999.0000,78992.0000,7.0000,5.0000,0.00008861,0.00006329,ExitCluster,maker,maker,78951.0000,1,1.0000,1.0000,2.0000,69,8923
2025-12-15T09:14:03.223+00:00,2025-12-15T09:14:19.319+00:00,short,-1,78999.0000,78985.0000,14.0000,12.0000,0.00017722,0.00015190,ExitCluster,maker,maker,78951.0000,1,1.0000,1.0000,2.0000,103,16096
2025-12-15T09:14:25.480+00:00,2025-12-15T09:14:37.237+00:00,long,1,78966.0000,78969.0000,3.0000,1.0000,0.00003799,0.00001266,ExitCluster,maker,maker,79014.0000,1,1.0000,1.0000,2.0000,2,11757
2025-12-15T09:14:38.237+00:00,2025-12-15T09:14:58.247+00:00,long,1,78958.0000,78978.0000,20.0000,18.0000,0.00025330,0.00022797,ExitCluster,maker,maker,79006.0000,1,1.0000,1.0000,2.0000,961,20010
2025-12-15T09:14:58.519+00:00,2025-12-15T09:14:59.248+00:00,long,1,78970.0000,78982.0000,12.0000,10.0000,0.00015196,0.00012663,ExitCluster,maker,maker,79018.0000,1,1.0000,1.0000,2.0000,203,729
2025-12-15T09:14:59.908+00:00,2025-12-15T09:15:00.384+00:00,long,1,78970.0000,78982.0000,12.0000,10.0000,0.00015196,0.00012663,ExitCluster,maker,maker,79018.0000,1,1.0000,1.0000,2.0000,41,476
2025-12-15T09:15:00.542+00:00,2025-12-15T09:15:06.251+00:00,long,1,78970.0000,78984.0000,14.0000,12.0000,0.00017728,0.00015196,ExitCluster,maker,maker,79018.0000,1,1.0000,1.0000,2.0000,21,5709
2025-12-15T09:15:07.251+00:00,2025-12-15T09:15:08.252+00:00,long,1,78970.0000,78984.0000,14.0000,12.0000,0.00017728,0.00015196,ExitCluster,maker,maker,79018.0000,1,1.0000,1.0000,2.0000,300,1001
2025-12-15T09:15:09.253+00:00,2025-12-15T09:15:14.255+00:00,long,1,78970.0000,78976.0000,6.0000,4.0000,0.00007598,0.00005065,ExitCluster,maker,maker,79018.0000,1,1.0000,1.0000,2.0000,311,5002
2025-12-15T09:15:16.030+00:00,2025-12-15T09:15:27.261+00:00,long,1,78961.0000,78976.0000,15.0000,13.0000,0.00018997,0.00016464,ExitCluster,maker,maker,79009.0000,1,1.0000,1.0000,2.0000,412,11231
2025-12-15T09:15:27.396+00:00,2025-12-15T09:15:28.261+00:00,long,1,78963.0000,78977.0000,14.0000,12.0000,0.00017730,0.00015197,ExitCluster,maker,maker,79011.0000,1,1.0000,1.0000,2.0000,123,865
2025-12-15T09:15:28.404+00:00,2025-12-15T09:15:42.268+00:00,long,1,78963.0000,78976.0000,13.0000,11.0000,0.00016463,0.00013931,ExitCluster,maker,maker,79011.0000,1,1.0000,1.0000,2.0000,54,13864
2025-12-15T09:15:42.378+00:00,2025-12-15T09:15:43.299+00:00,long,1,78961.0000,78975.0000,14.0000,12.0000,0.00017730,0.00015197,ExitCluster,maker,maker,79009.0000,1,1.0000,1.0000,2.0000,12,921
2025-12-15T09:15:43.592+00:00,2025-12-15T09:15:50.324+00:00,short,-1,78999.0000,78999.0000,-0.0000,-2.0000,-0.00000000,-0.00002532,ExitAdverse,maker,maker,78951.0000,0,1.0000,1.0000,2.0000,61,6732
2025-12-15T09:15:54.274+00:00,2025-12-15T09:15:56.191+00:00,long,1,78991.0000,79006.0000,15.0000,13.0000,0.00018990,0.00016458,ExitCluster,maker,maker,79039.0000,1,1.0000,1.0000,2.0000,99,1917
2025-12-15T09:16:08.511+00:00,2025-12-15T09:16:15.815+00:00,long,1,79007.0000,78999.0000,-8.0000,-10.0000,-0.00010126,-0.00012657,ExitAdverse,maker,maker,79055.0000,0,1.0000,1.0000,2.0000,132,7304
2025-12-15T09:16:56.983+00:00,2025-12-15T09:16:58.303+00:00,long,1,79006.0000,79016.0000,10.0000,8.0000,0.00012657,0.00010126,ExitCluster,maker,maker,79054.0000,1,1.0000,1.0000,2.0000,100,1320
2025-12-15T09:16:58.724+00:00,2025-12-15T09:16:59.593+00:00,long,1,79006.0000,79024.0000,18.0000,16.0000,0.00022783,0.00020252,ExitCluster,maker,maker,79054.0000,1,1.0000,1.0000,2.0000,402,869
2025-12-15T09:17:24.293+00:00,2025-12-15T09:17:28.316+00:00,long,1,79006.0000,79011.0000,5.0000,3.0000,0.00006329,0.00003797,ExitCluster,maker,maker,79054.0000,1,1.0000,1.0000,2.0000,321,4023
2025-12-15T09:17:29.910+00:00,2025-12-15T09:17:42.323+00:00,long,1,79005.0000,79031.0000,26.0000,24.0000,0.00032909,0.00030378,ExitCluster,maker,maker,79053.0000,1,1.0000,1.0000,2.0000,576,12413
2025-12-15T09:17:43.324+00:00,2025-12-15T09:17:44.142+00:00,short,-1,79051.0000,79035.0000,16.0000,14.0000,0.00020240,0.00017710,ExitCluster,maker,maker,79003.0000,1,1.0000,1.0000,2.0000,69,818
2025-12-15T09:17:49.927+00:00,2025-12-15T09:18:31.704+00:00,short,-1,79056.0000,78996.0000,60.0000,58.0000,0.00075896,0.00073366,ExitCluster,maker,maker,79008.0000,1,1.0000,1.0000,2.0000,585,41777
2025-12-15T09:19:03.790+00:00,2025-12-15T09:19:27.988+00:00,long,1,78981.0000,78984.0000,3.0000,1.0000,0.00003798,0.00001266,ExitCluster,maker,maker,79029.0000,1,1.0000,1.0000,2.0000,324,24198
2025-12-15T09:19:39.097+00:00,2025-12-15T09:19:51.680+00:00,long,1,78981.0000,79000.0000,19.0000,17.0000,0.00024056,0.00021524,ExitCluster,maker,maker,79029.0000,1,1.0000,1.0000,2.0000,24,12583
2025-12-15T09:20:54.407+00:00,2025-12-15T09:21:04.026+00:00,short,-1,79040.0000,79046.0000,-6.0000,-8.0000,-0.00007591,-0.00010121,ExitAdverse,maker,maker,78992.0000,0,1.0000,1.0000,2.0000,311,9619
2025-12-15T09:21:06.116+00:00,2025-12-15T09:21:09.153+00:00,short,-1,79032.0000,79010.0000,22.0000,20.0000,0.00027837,0.00025306,ExitCluster,maker,maker,78984.0000,1,1.0000,1.0000,2.0000,138,3037
2025-12-15T09:21:39.518+00:00,2025-12-15T09:21:51.258+00:00,short,-1,79022.0000,78997.0000,25.0000,23.0000,0.00031637,0.00029106,ExitCluster,maker,maker,78974.0000,1,1.0000,1.0000,2.0000,44,11740
2025-12-15T09:21:51.461+00:00,2025-12-15T09:21:55.463+00:00,long,1,78981.0000,78998.0000,17.0000,15.0000,0.00021524,0.00018992,ExitCluster,maker,maker,79029.0000,1,1.0000,1.0000,2.0000,169,4002
2025-12-15T09:21:59.951+00:00,2025-12-15T09:22:28.571+00:00,short,-1,79016.0000,79001.0000,15.0000,13.0000,0.00018983,0.00016452,ExitCluster,maker,maker,78968.0000,1,1.0000,1.0000,2.0000,34,28620
2025-12-15T09:22:29.478+00:00,2025-12-15T09:22:59.653+00:00,short,-1,79000.0000,78981.0000,19.0000,17.0000,0.00024051,0.00021519,ExitCluster,maker,maker,78952.0000,1,1.0000,1.0000,2.0000,9,30175
2025-12-15T09:23:22.122+00:00,2025-12-15T09:23:36.432+00:00,short,-1,78999.0000,78991.0000,8.0000,6.0000,0.00010127,0.00007595,ExitCluster,maker,maker,78951.0000,1,1.0000,1.0000,2.0000,597,14310
2025-12-15T09:23:36.507+00:00,2025-12-15T09:23:57.831+00:00,short,-1,79000.0000,79011.0000,-11.0000,-13.0000,-0.00013924,-0.00016456,ExitAdverse,maker,maker,78952.0000,0,1.0000,1.0000,2.0000,57,21324
2025-12-15T09:23:59.400+00:00,2025-12-15T09:24:00.517+00:00,long,1,79003.0000,79017.0000,14.0000,12.0000,0.00017721,0.00015189,ExitCluster,maker,maker,79051.0000,1,1.0000,1.0000,2.0000,92,1117
2025-12-15T09:24:11.700+00:00,2025-12-15T09:24:13.853+00:00,long,1,79001.0000,79004.0000,3.0000,1.0000,0.00003797,0.00001266,ExitCluster,maker,maker,79049.0000,1,1.0000,1.0000,2.0000,167,2153
2025-12-15T09:25:00.801+00:00,2025-12-15T09:25:08.548+00:00,long,1,79004.0000,79010.0000,6.0000,4.0000,0.00007595,0.00005063,ExitCluster,maker,maker,79052.0000,1,1.0000,1.0000,2.0000,7,7747
2025-12-15T09:25:55.589+00:00,2025-12-15T09:26:04.593+00:00,long,1,79000.0000,79012.0000,12.0000,10.0000,0.00015190,0.00012658,ExitCluster,maker,maker,79048.0000,1,1.0000,1.0000,2.0000,56,9004
2025-12-15T09:26:05.593+00:00,2025-12-15T09:26:08.595+00:00,long,1,79000.0000,79012.0000,12.0000,10.0000,0.00015190,0.00012658,ExitCluster,maker,maker,79048.0000,1,1.0000,1.0000,2.0000,327,3002
2025-12-15T09:26:23.602+00:00,2025-12-15T09:26:45.613+00:00,short,-1,79050.0000,79040.0000,10.0000,8.0000,0.00012650,0.00010120,ExitCluster,maker,maker,79002.0000,1,1.0000,1.0000,2.0000,273,22011
2025-12-15T09:26:47.614+00:00,2025-12-15T09:26:52.525+00:00,short,-1,79056.0000,79068.0000,-12.0000,-14.0000,-0.00015179,-0.00017709,ExitAdverse,maker,maker,79008.0000,0,1.0000,1.0000,2.0000,176,4911
2025-12-15T09:26:53.027+00:00,2025-12-15T09:26:58.620+00:00,short,-1,79081.0000,79061.0000,20.0000,18.0000,0.00025291,0.00022761,ExitCluster,maker,maker,79033.0000,1,1.0000,1.0000,2.0000,161,5593
2025-12-15T09:27:06.248+00:00,2025-12-15T09:27:12.162+00:00,short,-1,79081.0000,79069.0000,12.0000,10.0000,0.00015174,0.00012645,ExitCluster,maker,maker,79033.0000,1,1.0000,1.0000,2.0000,618,5914
2025-12-15T09:27:58.500+00:00,2025-12-15T09:28:00.647+00:00,long,1,79016.0000,79026.0000,10.0000,8.0000,0.00012656,0.00010125,ExitCluster,maker,maker,79064.0000,1,1.0000,1.0000,2.0000,139,2147
2025-12-15T09:28:02.648+00:00,2025-12-15T09:28:14.653+00:00,long,1,79016.0000,79023.0000,7.0000,5.0000,0.00008859,0.00006328,ExitCluster,maker,maker,79064.0000,1,1.0000,1.0000,2.0000,249,12005
2025-12-15T09:28:25.588+00:00,2025-12-15T09:28:37.663+00:00,long,1,79001.0000,79010.0000,9.0000,7.0000,0.00011392,0.00008861,ExitCluster,maker,maker,79049.0000,1,1.0000,1.0000,2.0000,27,12075
2025-12-15T09:28:38.663+00:00,2025-12-15T09:29:40.692+00:00,long,1,79001.0000,79000.0000,-1.0000,-3.0000,-0.00001266,-0.00003797,ExitAdverse,maker,maker,79049.0000,0,1.0000,1.0000,2.0000,370,62029
2025-12-15T09:29:52.697+00:00,2025-12-15T09:29:57.699+00:00,short,-1,79012.0000,79000.0000,12.0000,10.0000,0.00015188,0.00012656,ExitCluster,maker,maker,78964.0000,1,1.0000,1.0000,2.0000,363,5002
2025-12-15T09:30:01.216+00:00,2025-12-15T09:30:18.815+00:00,short,-1,79009.0000,78998.0000,11.0000,9.0000,0.00013922,0.00011391,ExitCluster,maker,maker,78961.0000,1,1.0000,1.0000,2.0000,15,17599
2025-12-15T09:30:36.716+00:00,2025-12-15T09:30:53.725+00:00,long,1,78963.0000,78963.0000,0.0000,-2.0000,0.00000000,-0.00002533,ExitAdverse,maker,maker,79011.0000,0,1.0000,1.0000,2.0000,24,17009
2025-12-15T09:31:02.552+00:00,2025-12-15T09:31:08.732+00:00,long,1,78951.0000,78964.0000,13.0000,11.0000,0.00016466,0.00013933,ExitCluster,maker,maker,78999.0000,1,1.0000,1.0000,2.0000,0,6180
2025-12-15T09:31:09.733+00:00,2025-12-15T09:31:10.535+00:00,long,1,78951.0000,78964.0000,13.0000,11.0000,0.00016466,0.00013933,ExitCluster,maker,maker,78999.0000,1,1.0000,1.0000,2.0000,344,802
2025-12-15T09:31:10.746+00:00,2025-12-15T09:31:17.737+00:00,long,1,78951.0000,78957.0000,6.0000,4.0000,0.00007600,0.00005066,ExitCluster,maker,maker,78999.0000,1,1.0000,1.0000,2.0000,4,6991
2025-12-15T09:31:21.739+00:00,2025-12-15T09:31:25.773+00:00,long,1,78951.0000,78959.0000,8.0000,6.0000,0.00010133,0.00007600,ExitCluster,maker,maker,78999.0000,1,1.0000,1.0000,2.0000,210,4034
2025-12-15T09:31:26.774+00:00,2025-12-15T09:31:30.852+00:00,long,1,78951.0000,78960.0000,9.0000,7.0000,0.00011399,0.00008866,ExitCluster,maker,maker,78999.0000,1,1.0000,1.0000,2.0000,334,4078
2025-12-15T09:31:31.336+00:00,2025-12-15T09:31:34.777+00:00,long,1,78951.0000,78960.0000,9.0000,7.0000,0.00011399,0.00008866,ExitCluster,maker,maker,78999.0000,1,1.0000,1.0000,2.0000,256,3441
2025-12-15T09:31:35.155+00:00,2025-12-15T09:31:36.778+00:00,long,1,78951.0000,78960.0000,9.0000,7.0000,0.00011399,0.00008866,ExitCluster,maker,maker,78999.0000,1,1.0000,1.0000,2.0000,356,1623
2025-12-15T09:31:38.407+00:00,2025-12-15T09:31:46.704+00:00,long,1,78951.0000,78964.0000,13.0000,11.0000,0.00016466,0.00013933,ExitCluster,maker,maker,78999.0000,1,1.0000,1.0000,2.0000,604,8297
2025-12-15T09:32:16.797+00:00,2025-12-15T09:32:17.798+00:00,long,1,78988.0000,79000.0000,12.0000,10.0000,0.00015192,0.00012660,ExitCluster,maker,maker,79036.0000,1,1.0000,1.0000,2.0000,437,1001
2025-12-15T09:32:18.798+00:00,2025-12-15T09:32:44.810+00:00,long,1,78988.0000,78999.0000,11.0000,9.0000,0.00013926,0.00011394,ExitCluster,maker,maker,79036.0000,1,1.0000,1.0000,2.0000,367,26012
2025-12-15T09:33:30.784+00:00,2025-12-15T09:33:35.830+00:00,long,1,78972.0000,78980.0000,8.0000,6.0000,0.00010130,0.00007598,ExitCluster,maker,maker,79020.0000,1,1.0000,1.0000,2.0000,123,5046
2025-12-15T09:33:37.831+00:00,2025-12-15T09:33:41.833+00:00,long,1,78972.0000,78980.0000,8.0000,6.0000,0.00010130,0.00007598,ExitCluster,maker,maker,79020.0000,1,1.0000,1.0000,2.0000,305,4002
2025-12-15T09:33:42.833+00:00,2025-12-15T09:33:43.834+00:00,long,1,78972.0000,78980.0000,8.0000,6.0000,0.00010130,0.00007598,ExitCluster,maker,maker,79020.0000,1,1.0000,1.0000,2.0000,383,1001
2025-12-15T09:33:44.834+00:00,2025-12-15T09:33:45.835+00:00,long,1,78972.0000,78980.0000,8.0000,6.0000,0.00010130,0.00007598,ExitCluster,maker,maker,79020.0000,1,1.0000,1.0000,2.0000,279,1001
2025-12-15T09:33:46.835+00:00,2025-12-15T09:33:47.836+00:00,long,1,78972.0000,78980.0000,8.0000,6.0000,0.00010130,0.00007598,ExitCluster,maker,maker,79020.0000,1,1.0000,1.0000,2.0000,281,1001
2025-12-15T09:33:47.918+00:00,2025-12-15T09:33:54.926+00:00,long,1,78972.0000,78980.0000,8.0000,6.0000,0.00010130,0.00007598,ExitCluster,maker,maker,79020.0000,1,1.0000,1.0000,2.0000,68,7008
2025-12-15T09:33:55.840+00:00,2025-12-15T09:33:56.840+00:00,long,1,78972.0000,78980.0000,8.0000,6.0000,0.00010130,0.00007598,ExitCluster,maker,maker,79020.0000,1,1.0000,1.0000,2.0000,234,1000
2025-12-15T09:33:57.841+00:00,2025-12-15T09:34:03.844+00:00,long,1,78972.0000,78980.0000,8.0000,6.0000,0.00010130,0.00007598,ExitCluster,maker,maker,79020.0000,1,1.0000,1.0000,2.0000,440,6003
2025-12-15T09:34:24.854+00:00,2025-12-15T09:34:52.866+00:00,short,-1,79009.0000,79016.0000,-7.0000,-9.0000,-0.00008860,-0.00011391,ExitAdverse,maker,maker,78961.0000,0,1.0000,1.0000,2.0000,682,28012
2025-12-15T09:35:35.881+00:00,2025-12-15T09:35:44.146+00:00,long,1,78984.0000,78998.0000,14.0000,12.0000,0.00017725,0.00015193,ExitCluster,maker,maker,79032.0000,1,1.0000,1.0000,2.0000,622,8265
2025-12-15T09:36:59.921+00:00,2025-12-15T09:37:02.923+00:00,long,1,79002.0000,79010.0000,8.0000,6.0000,0.00010126,0.00007595,ExitCluster,maker,maker,79050.0000,1,1.0000,1.0000,2.0000,237,3002
2025-12-15T09:37:03.189+00:00,2025-12-15T09:37:03.687+00:00,long,1,79002.0000,79010.0000,8.0000,6.0000,0.00010126,0.00007595,ExitCluster,maker,maker,79050.0000,1,1.0000,1.0000,2.0000,249,498
2025-12-15T09:37:24.232+00:00,2025-12-15T09:37:43.914+00:00,short,-1,79010.0000,78997.0000,13.0000,11.0000,0.00016454,0.00013922,ExitCluster,maker,maker,78962.0000,1,1.0000,1.0000,2.0000,272,19682
2025-12-15T09:38:01.970+00:00,2025-12-15T09:38:03.971+00:00,long,1,78982.0000,78987.0000,5.0000,3.0000,0.00006331,0.00003798,ExitCluster,maker,maker,79030.0000,1,1.0000,1.0000,2.0000,67,2001
2025-12-15T09:38:24.668+00:00,2025-12-15T09:38:35.983+00:00,long,1,78971.0000,78988.0000,17.0000,15.0000,0.00021527,0.00018994,ExitCluster,maker,maker,79019.0000,1,1.0000,1.0000,2.0000,93,11315
2025-12-15T09:39:24.697+00:00,2025-12-15T09:39:29.004+00:00,long,1,78991.0000,79004.0000,13.0000,11.0000,0.00016458,0.00013926,ExitCluster,maker,maker,79039.0000,1,1.0000,1.0000,2.0000,23,4307
2025-12-15T09:39:34.006+00:00,2025-12-15T09:39:40.008+00:00,long,1,79001.0000,79016.0000,15.0000,13.0000,0.00018987,0.00016455,ExitCluster,maker,maker,79049.0000,1,1.0000,1.0000,2.0000,443,6002
2025-12-15T09:39:47.847+00:00,2025-12-15T09:39:57.015+00:00,short,-1,79049.0000,79050.0000,-1.0000,-3.0000,-0.00001265,-0.00003795,ExitAdverse,maker,maker,79001.0000,0,1.0000,1.0000,2.0000,432,9168
2025-12-15T09:42:10.077+00:00,2025-12-15T09:42:34.088+00:00,short,-1,79023.0000,79034.0000,-11.0000,-13.0000,-0.00013920,-0.00016451,ExitAdverse,maker,maker,78975.0000,0,1.0000,1.0000,2.0000,440,24011
2025-12-15T09:42:34.802+00:00,2025-12-15T09:42:45.094+00:00,short,-1,79041.0000,79048.0000,-7.0000,-9.0000,-0.00008856,-0.00011386,ExitAdverse,maker,maker,78993.0000,0,1.0000,1.0000,2.0000,0,10292
2025-12-15T09:43:06.108+00:00,2025-12-15T09:43:22.405+00:00,short,-1,79049.0000,79033.0000,16.0000,14.0000,0.00020241,0.00017711,ExitCluster,maker,maker,79001.0000,1,1.0000,1.0000,2.0000,470,16297
2025-12-15T09:43:27.115+00:00,2025-12-15T09:43:35.122+00:00,long,1,79044.0000,79053.0000,9.0000,7.0000,0.00011386,0.00008856,ExitCluster,maker,maker,79092.0000,1,1.0000,1.0000,2.0000,496,8007
2025-12-15T09:43:36.047+00:00,2025-12-15T09:43:41.858+00:00,long,1,79044.0000,79053.0000,9.0000,7.0000,0.00011386,0.00008856,ExitCluster,maker,maker,79092.0000,1,1.0000,1.0000,2.0000,345,5811
2025-12-15T09:43:43.125+00:00,2025-12-15T09:43:57.131+00:00,long,1,79042.0000,79053.0000,11.0000,9.0000,0.00013917,0.00011386,ExitCluster,maker,maker,79090.0000,1,1.0000,1.0000,2.0000,610,14006
2025-12-15T09:43:58.132+00:00,2025-12-15T09:44:14.141+00:00,long,1,79043.0000,79043.0000,0.0000,-2.0000,0.00000000,-0.00002530,ExitAdverse,maker,maker,79091.0000,0,1.0000,1.0000,2.0000,206,16009
2025-12-15T09:44:29.147+00:00,2025-12-15T09:44:44.156+00:00,long,1,79001.0000,79013.0000,12.0000,10.0000,0.00015190,0.00012658,ExitCluster,maker,maker,79049.0000,1,1.0000,1.0000,2.0000,10,15009
2025-12-15T09:45:06.165+00:00,2025-12-15T09:45:16.169+00:00,long,1,79011.0000,79019.0000,8.0000,6.0000,0.00010125,0.00007594,ExitCluster,maker,maker,79059.0000,1,1.0000,1.0000,2.0000,52,10004
2025-12-15T09:45:21.508+00:00,2025-12-15T09:45:22.528+00:00,long,1,79011.0000,79022.0000,11.0000,9.0000,0.00013922,0.00011391,ExitCluster,maker,maker,79059.0000,1,1.0000,1.0000,2.0000,73,1020
2025-12-15T09:45:23.172+00:00,2025-12-15T09:45:31.458+00:00,short,-1,79038.0000,79041.0000,-3.0000,-5.0000,-0.00003796,-0.00006326,ExitAdverse,maker,maker,78990.0000,0,1.0000,1.0000,2.0000,91,8286
2025-12-15T09:45:33.633+00:00,2025-12-15T09:45:35.866+00:00,short,-1,79053.0000,79041.0000,12.0000,10.0000,0.00015180,0.00012650,ExitCluster,maker,maker,79005.0000,1,1.0000,1.0000,2.0000,379,2233
2025-12-15T09:45:42.956+00:00,2025-12-15T09:45:55.188+00:00,long,1,79023.0000,79032.0000,9.0000,7.0000,0.00011389,0.00008858,ExitCluster,maker,maker,79071.0000,1,1.0000,1.0000,2.0000,107,12232
2025-12-15T09:46:09.194+00:00,2025-12-15T09:46:13.196+00:00,long,1,79025.0000,79029.0000,4.0000,2.0000,0.00005062,0.00002531,ExitCluster,maker,maker,79073.0000,1,1.0000,1.0000,2.0000,293,4002
2025-12-15T09:46:39.210+00:00,2025-12-15T09:46:41.228+00:00,short,-1,79039.0000,79020.0000,19.0000,17.0000,0.00024039,0.00021508,ExitCluster,maker,maker,78991.0000,1,1.0000,1.0000,2.0000,35,2018
2025-12-15T09:47:10.223+00:00,2025-12-15T09:47:33.933+00:00,short,-1,79025.0000,79012.0000,13.0000,11.0000,0.00016450,0.00013920,ExitCluster,maker,maker,78977.0000,1,1.0000,1.0000,2.0000,185,23710
2025-12-15T09:47:34.719+00:00,2025-12-15T09:47:51.241+00:00,short,-1,79019.0000,79025.0000,-6.0000,-8.0000,-0.00007593,-0.00010124,ExitAdverse,maker,maker,78971.0000,0,1.0000,1.0000,2.0000,127,16522
2025-12-15T09:47:55.236+00:00,2025-12-15T09:48:00.245+00:00,short,-1,79039.0000,79036.0000,3.0000,1.0000,0.00003796,0.00001265,ExitCluster,maker,maker,78991.0000,1,1.0000,1.0000,2.0000,143,5009
2025-12-15T09:48:02.246+00:00,2025-12-15T09:48:27.411+00:00,short,-1,79039.0000,79012.0000,27.0000,25.0000,0.00034160,0.00031630,ExitCluster,maker,maker,78991.0000,1,1.0000,1.0000,2.0000,308,25165
2025-12-15T09:48:28.437+00:00,2025-12-15T09:48:45.264+00:00,short,-1,79019.0000,79007.0000,12.0000,10.0000,0.00015186,0.00012655,ExitAdverse,maker,maker,78971.0000,0,1.0000,1.0000,2.0000,169,16827
2025-12-15T09:48:52.268+00:00,2025-12-15T09:49:02.324+00:00,short,-1,79019.0000,79007.0000,12.0000,10.0000,0.00015186,0.00012655,ExitCluster,maker,maker,78971.0000,1,1.0000,1.0000,2.0000,159,10056
2025-12-15T09:49:15.278+00:00,2025-12-15T09:49:48.292+00:00,short,-1,79019.0000,79025.0000,-6.0000,-8.0000,-0.00007593,-0.00010124,ExitAdverse,maker,maker,78971.0000,0,1.0000,1.0000,2.0000,3,33014
2025-12-15T09:50:17.710+00:00,2025-12-15T09:50:22.327+00:00,short,-1,79039.0000,79025.0000,14.0000,12.0000,0.00017713,0.00015182,ExitCluster,maker,maker,78991.0000,1,1.0000,1.0000,2.0000,390,4617
2025-12-15T09:50:30.312+00:00,2025-12-15T09:50:36.436+00:00,short,-1,79039.0000,79031.0000,8.0000,6.0000,0.00010122,0.00007591,ExitCluster,maker,maker,78991.0000,1,1.0000,1.0000,2.0000,287,6124
2025-12-15T09:51:48.637+00:00,2025-12-15T09:52:02.336+00:00,short,-1,79037.0000,79033.0000,4.0000,2.0000,0.00005061,0.00002530,ExitCluster,maker,maker,78989.0000,1,1.0000,1.0000,2.0000,258,13699
2025-12-15T09:52:04.333+00:00,2025-12-15T09:52:08.042+00:00,long,1,79021.0000,79054.0000,33.0000,31.0000,0.00041761,0.00039230,ExitCluster,maker,maker,79069.0000,1,1.0000,1.0000,2.0000,39,3709
2025-12-15T09:52:12.268+00:00,2025-12-15T09:52:14.155+00:00,short,-1,79077.0000,79070.0000,7.0000,5.0000,0.00008852,0.00006323,ExitCluster,maker,maker,79029.0000,1,1.0000,1.0000,2.0000,118,1887
2025-12-15T09:52:54.375+00:00,2025-12-15T09:53:06.253+00:00,short,-1,79083.0000,79086.0000,-3.0000,-5.0000,-0.00003793,-0.00006322,ExitAdverse,maker,maker,79035.0000,0,1.0000,1.0000,2.0000,115,11878
2025-12-15T09:53:16.384+00:00,2025-12-15T09:53:45.327+00:00,long,1,79081.0000,79067.0000,-14.0000,-16.0000,-0.00017703,-0.00020232,ExitAdverse,maker,maker,79129.0000,0,1.0000,1.0000,2.0000,449,28943
2025-12-15T09:54:41.732+00:00,2025-12-15T09:54:43.418+00:00,long,1,79051.0000,79063.0000,12.0000,10.0000,0.00015180,0.00012650,ExitCluster,maker,maker,79099.0000,1,1.0000,1.0000,2.0000,12,1686
2025-12-15T09:54:52.027+00:00,2025-12-15T09:54:54.036+00:00,short,-1,79083.0000,79082.0000,1.0000,-1.0000,0.00001264,-0.00001264,ExitAdverse,maker,maker,79035.0000,0,1.0000,1.0000,2.0000,75,2009
2025-12-15T09:56:31.385+00:00,2025-12-15T09:56:36.466+00:00,long,1,79091.0000,79095.0000,4.0000,2.0000,0.00005057,0.00002529,ExitCluster,maker,maker,79139.0000,1,1.0000,1.0000,2.0000,582,5081
2025-12-15T09:56:40.467+00:00,2025-12-15T09:56:45.907+00:00,long,1,79091.0000,79082.0000,-9.0000,-11.0000,-0.00011379,-0.00013908,ExitAdverse,maker,maker,79139.0000,0,1.0000,1.0000,2.0000,77,5440
2025-12-15T09:57:26.043+00:00,2025-12-15T09:57:27.756+00:00,short,-1,79109.0000,79091.0000,18.0000,16.0000,0.00022753,0.00020225,ExitCluster,maker,maker,79061.0000,1,1.0000,1.0000,2.0000,0,1713
2025-12-15T09:57:27.964+00:00,2025-12-15T09:57:29.041+00:00,short,-1,79109.0000,79117.0000,-8.0000,-10.0000,-0.00010113,-0.00012641,ExitAdverse,maker,maker,79061.0000,0,1.0000,1.0000,2.0000,117,1077
2025-12-15T09:57:29.259+00:00,2025-12-15T09:57:43.577+00:00,short,-1,79127.0000,79166.0000,-39.0000,-41.0000,-0.00049288,-0.00051815,ExitAdverse,maker,maker,79079.0000,0,1.0000,1.0000,2.0000,192,14318
2025-12-15T09:57:58+00:00,2025-12-15T09:57:58.973+00:00,short,-1,79189.0000,79176.0000,13.0000,11.0000,0.00016416,0.00013891,ExitCluster,maker,maker,79141.0000,1,1.0000,1.0000,2.0000,21,973
2025-12-15T09:57:59.012+00:00,2025-12-15T09:58:00.203+00:00,short,-1,79193.0000,79182.0000,11.0000,9.0000,0.00013890,0.00011365,ExitCluster,maker,maker,79145.0000,1,1.0000,1.0000,2.0000,45,1191
2025-12-15T09:58:00.397+00:00,2025-12-15T09:58:02.882+00:00,short,-1,79200.0000,79187.0000,13.0000,11.0000,0.00016414,0.00013889,ExitCluster,maker,maker,79152.0000,1,1.0000,1.0000,2.0000,40,2485
2025-12-15T09:58:02.996+00:00,2025-12-15T09:58:06.590+00:00,short,-1,79200.0000,79170.0000,30.0000,28.0000,0.00037879,0.00035354,ExitCluster,maker,maker,79152.0000,1,1.0000,1.0000,2.0000,44,3594
2025-12-15T09:58:30.394+00:00,2025-12-15T09:58:31.940+00:00,long,1,79166.0000,79175.0000,9.0000,7.0000,0.00011369,0.00008842,ExitCluster,maker,maker,79214.0000,1,1.0000,1.0000,2.0000,60,1546
2025-12-15T09:58:46.656+00:00,2025-12-15T09:58:49.525+00:00,long,1,79201.0000,79193.0000,-8.0000,-10.0000,-0.00010101,-0.00012626,ExitAdverse,maker,maker,79249.0000,0,1.0000,1.0000,2.0000,76,2869
2025-12-15T09:58:55.527+00:00,2025-12-15T09:58:57.464+00:00,long,1,79176.0000,79191.0000,15.0000,13.0000,0.00018945,0.00016419,ExitCluster,maker,maker,79224.0000,1,1.0000,1.0000,2.0000,19,1937
2025-12-15T09:59:12.536+00:00,2025-12-15T09:59:13.563+00:00,short,-1,79201.0000,79192.0000,9.0000,7.0000,0.00011363,0.00008838,ExitCluster,maker,maker,79153.0000,1,1.0000,1.0000,2.0000,1,1027
2025-12-15T09:59:33.544+00:00,2025-12-15T09:59:36.499+00:00,short,-1,79189.0000,79181.0000,8.0000,6.0000,0.00010102,0.00007577,ExitCluster,maker,maker,79141.0000,1,1.0000,1.0000,2.0000,298,2955
2025-12-15T09:59:45.362+00:00,2025-12-15T09:59:49.826+00:00,long,1,79192.0000,79201.0000,9.0000,7.0000,0.00011365,0.00008839,ExitCluster,maker,maker,79240.0000,1,1.0000,1.0000,2.0000,18,4464
2025-12-15T09:59:52.081+00:00,2025-12-15T09:59:53.378+00:00,long,1,79201.0000,79196.0000,-5.0000,-7.0000,-0.00006313,-0.00008838,ExitAdverse,maker,maker,79249.0000,0,1.0000,1.0000,2.0000,2,1297
2025-12-15T09:59:58.555+00:00,2025-12-15T10:00:01.086+00:00,long,1,79179.0000,79171.0000,-8.0000,-10.0000,-0.00010104,-0.00012630,ExitAdverse,maker,maker,79227.0000,0,1.0000,1.0000,2.0000,400,2531
2025-12-15T10:00:16.664+00:00,2025-12-15T10:00:25.568+00:00,long,1,79188.0000,79182.0000,-6.0000,-8.0000,-0.00007577,-0.00010103,ExitAdverse,maker,maker,79236.0000,0,1.0000,1.0000,2.0000,54,8904
2025-12-15T10:00:48.577+00:00,2025-12-15T10:01:50.268+00:00,long,1,79185.0000,79169.0000,-16.0000,-18.0000,-0.00020206,-0.00022732,ExitAdverse,maker,maker,79233.0000,0,1.0000,1.0000,2.0000,383,61691
2025-12-15T10:02:01.007+00:00,2025-12-15T10:02:03.769+00:00,long,1,79176.0000,79188.0000,12.0000,10.0000,0.00015156,0.00012630,ExitCluster,maker,maker,79224.0000,1,1.0000,1.0000,2.0000,88,2762
2025-12-15T10:02:28.112+00:00,2025-12-15T10:02:28.787+00:00,long,1,79174.0000,79180.0000,6.0000,4.0000,0.00007578,0.00005052,ExitCluster,maker,maker,79222.0000,1,1.0000,1.0000,2.0000,79,675
2025-12-15T10:02:34.456+00:00,2025-12-15T10:02:58.397+00:00,short,-1,79180.0000,79199.0000,-19.0000,-21.0000,-0.00023996,-0.00026522,ExitAdverse,maker,maker,79132.0000,0,1.0000,1.0000,2.0000,434,23941
2025-12-15T10:03:00.411+00:00,2025-12-15T10:03:19.444+00:00,long,1,79192.0000,79182.0000,-10.0000,-12.0000,-0.00012628,-0.00015153,ExitAdverse,maker,maker,79240.0000,0,1.0000,1.0000,2.0000,167,19033
2025-12-15T10:03:27.441+00:00,2025-12-15T10:03:34.628+00:00,long,1,79181.0000,79184.0000,3.0000,1.0000,0.00003789,0.00001263,ExitCluster,maker,maker,79229.0000,1,1.0000,1.0000,2.0000,81,7187
2025-12-15T10:03:48.655+00:00,2025-12-15T10:04:41.444+00:00,long,1,79181.0000,79191.0000,10.0000,8.0000,0.00012629,0.00010103,ExitCluster,maker,maker,79229.0000,1,1.0000,1.0000,2.0000,76,52789
2025-12-15T10:04:41.676+00:00,2025-12-15T10:05:00.288+00:00,long,1,79201.0000,79224.0000,23.0000,21.0000,0.00029040,0.00026515,ExitCluster,maker,maker,79249.0000,1,1.0000,1.0000,2.0000,46,18612
2025-12-15T10:05:00.462+00:00,2025-12-15T10:05:20.226+00:00,short,-1,79227.0000,79232.0000,-5.0000,-7.0000,-0.00006311,-0.00008835,ExitAdverse,maker,maker,79179.0000,0,1.0000,1.0000,2.0000,61,19764
2025-12-15T10:05:20.705+00:00,2025-12-15T10:05:33.536+00:00,long,1,79224.0000,79233.0000,9.0000,7.0000,0.00011360,0.00008836,ExitCluster,maker,maker,79272.0000,1,1.0000,1.0000,2.0000,429,12831
2025-12-15T10:05:34.097+00:00,2025-12-15T10:06:37.757+00:00,short,-1,79239.0000,79232.0000,7.0000,5.0000,0.00008834,0.00006310,ExitCluster,maker,maker,79191.0000,1,1.0000,1.0000,2.0000,163,63660
2025-12-15T10:06:38.061+00:00,2025-12-15T10:06:47.112+00:00,long,1,79219.0000,79208.0000,-11.0000,-13.0000,-0.00013886,-0.00016410,ExitAdverse,maker,maker,79267.0000,0,1.0000,1.0000,2.0000,116,9051
2025-12-15T10:06:47.745+00:00,2025-12-15T10:06:54.963+00:00,short,-1,79218.0000,79201.0000,17.0000,15.0000,0.00021460,0.00018935,ExitCluster,maker,maker,79170.0000,1,1.0000,1.0000,2.0000,491,7218
2025-12-15T10:06:55.252+00:00,2025-12-15T10:07:04.752+00:00,long,1,79192.0000,79190.0000,-2.0000,-4.0000,-0.00002526,-0.00005051,ExitAdverse,maker,maker,79240.0000,0,1.0000,1.0000,2.0000,276,9500
2025-12-15T10:07:05.007+00:00,2025-12-15T10:07:10.112+00:00,short,-1,79198.0000,79179.0000,19.0000,17.0000,0.00023991,0.00021465,ExitCluster,maker,maker,79150.0000,1,1.0000,1.0000,2.0000,184,5105
2025-12-15T10:07:10.165+00:00,2025-12-15T10:07:18.551+00:00,long,1,79165.0000,79168.0000,3.0000,1.0000,0.00003790,0.00001263,ExitCluster,maker,maker,79213.0000,1,1.0000,1.0000,2.0000,21,8386
2025-12-15T10:07:26.054+00:00,2025-12-15T10:07:27.125+00:00,short,-1,79168.0000,79159.0000,9.0000,7.0000,0.00011368,0.00008842,ExitCluster,maker,maker,79120.0000,1,1.0000,1.0000,2.0000,287,1071
2025-12-15T10:08:01.019+00:00,2025-12-15T10:08:17.092+00:00,short,-1,79164.0000,79167.0000,-3.0000,-5.0000,-0.00003790,-0.00006316,ExitAdverse,maker,maker,79116.0000,0,1.0000,1.0000,2.0000,197,16073
2025-12-15T10:09:08.267+00:00,2025-12-15T10:09:50.024+00:00,short,-1,79157.0000,79152.0000,5.0000,3.0000,0.00006317,0.00003790,ExitCluster,maker,maker,79109.0000,1,1.0000,1.0000,2.0000,67,41757
2025-12-15T10:09:54.721+00:00,2025-12-15T10:10:38.189+00:00,short,-1,79157.0000,79150.0000,7.0000,5.0000,0.00008843,0.00006317,ExitCluster,maker,maker,79109.0000,1,1.0000,1.0000,2.0000,885,43468
2025-12-15T10:10:41.841+00:00,2025-12-15T10:11:12.898+00:00,short,-1,79157.0000,79137.0000,20.0000,18.0000,0.00025266,0.00022740,ExitCluster,maker,maker,79109.0000,1,1.0000,1.0000,2.0000,312,31057
2025-12-15T10:11:13.360+00:00,2025-12-15T10:11:37.166+00:00,short,-1,79141.0000,79126.0000,15.0000,13.0000,0.00018954,0.00016426,ExitCluster,maker,maker,79093.0000,1,1.0000,1.0000,2.0000,48,23806
2025-12-15T10:11:41.868+00:00,2025-12-15T10:12:08.119+00:00,long,1,79126.0000,79140.0000,14.0000,12.0000,0.00017693,0.00015166,ExitCluster,maker,maker,79174.0000,1,1.0000,1.0000,2.0000,452,26251
2025-12-15T10:12:12.481+00:00,2025-12-15T10:12:45.658+00:00,short,-1,79157.0000,79165.0000,-8.0000,-10.0000,-0.00010106,-0.00012633,ExitAdverse,maker,maker,79109.0000,0,1.0000,1.0000,2.0000,27,33177
2025-12-15T10:13:01.232+00:00,2025-12-15T10:13:01.695+00:00,short,-1,79175.0000,79165.0000,10.0000,8.0000,0.00012630,0.00010104,ExitCluster,maker,maker,79127.0000,1,1.0000,1.0000,2.0000,260,463
2025-12-15T10:13:36.914+00:00,2025-12-15T10:14:39.932+00:00,short,-1,79174.0000,79148.0000,26.0000,24.0000,0.00032839,0.00030313,ExitCluster,maker,maker,79126.0000,1,1.0000,1.0000,2.0000,195,63018
2025-12-15T10:14:39.993+00:00,2025-12-15T10:14:43.131+00:00,short,-1,79158.0000,79137.0000,21.0000,19.0000,0.00026529,0.00024003,ExitCluster,maker,maker,79110.0000,1,1.0000,1.0000,2.0000,30,3138
2025-12-15T10:14:45.734+00:00,2025-12-15T10:14:51.944+00:00,long,1,79126.0000,79136.0000,10.0000,8.0000,0.00012638,0.00010110,ExitCluster,maker,maker,79174.0000,1,1.0000,1.0000,2.0000,523,6210
2025-12-15T10:14:52.945+00:00,2025-12-15T10:14:54.551+00:00,long,1,79126.0000,79136.0000,10.0000,8.0000,0.00012638,0.00010110,ExitCluster,maker,maker,79174.0000,1,1.0000,1.0000,2.0000,203,1606
2025-12-15T10:14:56.946+00:00,2025-12-15T10:14:58.947+00:00,long,1,79126.0000,79136.0000,10.0000,8.0000,0.00012638,0.00010110,ExitCluster,maker,maker,79174.0000,1,1.0000,1.0000,2.0000,334,2001
2025-12-15T10:15:09.951+00:00,2025-12-15T10:15:12.666+00:00,short,-1,79144.0000,79132.0000,12.0000,10.0000,0.00015162,0.00012635,ExitCluster,maker,maker,79096.0000,1,1.0000,1.0000,2.0000,541,2715
2025-12-15T10:15:12.952+00:00,2025-12-15T10:17:08.420+00:00,short,-1,79144.0000,79158.0000,-14.0000,-16.0000,-0.00017689,-0.00020216,ExitAdverse,maker,maker,79096.0000,0,1.0000,1.0000,2.0000,263,115468
2025-12-15T10:17:09.273+00:00,2025-12-15T10:17:28.236+00:00,short,-1,79158.0000,79153.0000,5.0000,3.0000,0.00006316,0.00003790,ExitCluster,maker,maker,79110.0000,1,1.0000,1.0000,2.0000,4,18963
2025-12-15T10:17:29.002+00:00,2025-12-15T10:18:09.061+00:00,short,-1,79158.0000,79194.0000,-36.0000,-38.0000,-0.00045479,-0.00048005,ExitAdverse,maker,maker,79110.0000,0,1.0000,1.0000,2.0000,718,40059
2025-12-15T10:18:09.735+00:00,2025-12-15T10:18:15.920+00:00,short,-1,79203.0000,79195.0000,8.0000,6.0000,0.00010101,0.00007575,ExitCluster,maker,maker,79155.0000,1,1.0000,1.0000,2.0000,28,6185
2025-12-15T10:18:16.032+00:00,2025-12-15T10:20:08.932+00:00,short,-1,79203.0000,79247.0000,-44.0000,-46.0000,-0.00055553,-0.00058079,ExitAdverse,maker,maker,79155.0000,0,1.0000,1.0000,2.0000,98,112900
2025-12-15T10:20:09.078+00:00,2025-12-15T10:20:27.479+00:00,short,-1,79249.0000,79269.0000,-20.0000,-22.0000,-0.00025237,-0.00027761,ExitAdverse,maker,maker,79201.0000,0,1.0000,1.0000,2.0000,62,18401
2025-12-15T10:20:27.709+00:00,2025-12-15T10:20:29.381+00:00,long,1,79261.0000,79276.0000,15.0000,13.0000,0.00018925,0.00016402,ExitCluster,maker,maker,79309.0000,1,1.0000,1.0000,2.0000,95,1672
2025-12-15T10:20:36.089+00:00,2025-12-15T10:20:41.770+00:00,short,-1,79292.0000,79273.0000,19.0000,17.0000,0.00023962,0.00021440,ExitCluster,maker,maker,79244.0000,1,1.0000,1.0000,2.0000,513,5681
2025-12-15T10:21:02.060+00:00,2025-12-15T10:21:03.814+00:00,short,-1,79264.0000,79255.0000,9.0000,7.0000,0.00011354,0.00008831,ExitCluster,maker,maker,79216.0000,1,1.0000,1.0000,2.0000,414,1754
2025-12-15T10:21:05.977+00:00,2025-12-15T10:21:12.587+00:00,short,-1,79246.0000,79228.0000,18.0000,16.0000,0.00022714,0.00020190,ExitCluster,maker,maker,79198.0000,1,1.0000,1.0000,2.0000,40,6610
2025-12-15T10:21:17.867+00:00,2025-12-15T10:21:23.359+00:00,short,-1,79224.0000,79204.0000,20.0000,18.0000,0.00025245,0.00022720,ExitCluster,maker,maker,79176.0000,1,1.0000,1.0000,2.0000,290,5492
2025-12-15T10:21:23.563+00:00,2025-12-15T10:21:31.113+00:00,long,1,79195.0000,79186.0000,-9.0000,-11.0000,-0.00011364,-0.00013890,ExitAdverse,maker,maker,79243.0000,0,1.0000,1.0000,2.0000,139,7550
2025-12-15T10:21:41.243+00:00,2025-12-15T10:21:53.779+00:00,long,1,79149.0000,79152.0000,3.0000,1.0000,0.00003790,0.00001263,ExitCluster,maker,maker,79197.0000,1,1.0000,1.0000,2.0000,2,12536
2025-12-15T10:22:28.290+00:00,2025-12-15T10:22:31.928+00:00,long,1,79129.0000,79125.0000,-4.0000,-6.0000,-0.00005055,-0.00007583,ExitAdverse,maker,maker,79177.0000,0,1.0000,1.0000,2.0000,144,3638
2025-12-15T10:22:41.527+00:00,2025-12-15T10:23:18.159+00:00,short,-1,79137.0000,79124.0000,13.0000,11.0000,0.00016427,0.00013900,ExitCluster,maker,maker,79089.0000,1,1.0000,1.0000,2.0000,79,36632
2025-12-15T10:23:37.167+00:00,2025-12-15T10:23:39.168+00:00,long,1,79121.0000,79127.0000,6.0000,4.0000,0.00007583,0.00005056,ExitCluster,maker,maker,79169.0000,1,1.0000,1.0000,2.0000,241,2001
2025-12-15T10:23:50.172+00:00,2025-12-15T10:24:00.534+00:00,short,-1,79137.0000,79132.0000,5.0000,3.0000,0.00006318,0.00003791,ExitCluster,maker,maker,79089.0000,1,1.0000,1.0000,2.0000,311,10362
2025-12-15T10:24:01.176+00:00,2025-12-15T10:24:04.357+00:00,short,-1,79137.0000,79130.0000,7.0000,5.0000,0.00008845,0.00006318,ExitCluster,maker,maker,79089.0000,1,1.0000,1.0000,2.0000,567,3181
2025-12-15T10:24:05.178+00:00,2025-12-15T10:24:45.225+00:00,short,-1,79137.0000,79121.0000,16.0000,14.0000,0.00020218,0.00017691,ExitCluster,maker,maker,79089.0000,1,1.0000,1.0000,2.0000,125,40047
2025-12-15T10:26:24.235+00:00,2025-12-15T10:26:49.502+00:00,short,-1,79124.0000,79116.0000,8.0000,6.0000,0.00010111,0.00007583,ExitCluster,maker,maker,79076.0000,1,1.0000,1.0000,2.0000,42,25267
2025-12-15T10:26:52.592+00:00,2025-12-15T10:27:06.678+00:00,long,1,79101.0000,79084.0000,-17.0000,-19.0000,-0.00021492,-0.00024020,ExitAdverse,maker,maker,79149.0000,0,1.0000,1.0000,2.0000,82,14086
2025-12-15T10:27:06.858+00:00,2025-12-15T10:27:14.938+00:00,long,1,79079.0000,79091.0000,12.0000,10.0000,0.00015175,0.00012646,ExitCluster,maker,maker,79127.0000,1,1.0000,1.0000,2.0000,151,8080
2025-12-15T10:27:15.255+00:00,2025-12-15T10:27:27.255+00:00,long,1,79079.0000,79091.0000,12.0000,10.0000,0.00015175,0.00012646,ExitCluster,maker,maker,79127.0000,1,1.0000,1.0000,2.0000,218,12000
2025-12-15T10:27:27.354+00:00,2025-12-15T10:27:50.476+00:00,short,-1,79101.0000,79091.0000,10.0000,8.0000,0.00012642,0.00010114,ExitCluster,maker,maker,79053.0000,1,1.0000,1.0000,2.0000,23,23122
2025-12-15T10:27:52.271+00:00,2025-12-15T10:27:57.706+00:00,short,-1,79101.0000,79088.0000,13.0000,11.0000,0.00016435,0.00013906,ExitCluster,maker,maker,79053.0000,1,1.0000,1.0000,2.0000,375,5435
2025-12-15T10:27:58.273+00:00,2025-12-15T10:28:07.328+00:00,short,-1,79096.0000,79079.0000,17.0000,15.0000,0.00021493,0.00018964,ExitCluster,maker,maker,79048.0000,1,1.0000,1.0000,2.0000,502,9055
2025-12-15T10:28:08.277+00:00,2025-12-15T10:28:10.513+00:00,short,-1,79086.0000,79079.0000,7.0000,5.0000,0.00008851,0.00006322,ExitCluster,maker,maker,79038.0000,1,1.0000,1.0000,2.0000,300,2236
2025-12-15T10:28:10.692+00:00,2025-12-15T10:28:17.161+00:00,short,-1,79086.0000,79074.0000,12.0000,10.0000,0.00015173,0.00012644,ExitCluster,maker,maker,79038.0000,1,1.0000,1.0000,2.0000,167,6469
2025-12-15T10:28:17.268+00:00,2025-12-15T10:28:40.697+00:00,short,-1,79086.0000,79073.0000,13.0000,11.0000,0.00016438,0.00013909,ExitCluster,maker,maker,79038.0000,1,1.0000,1.0000,2.0000,101,23429
2025-12-15T10:28:41.289+00:00,2025-12-15T10:29:06.240+00:00,short,-1,79085.0000,79096.0000,-11.0000,-13.0000,-0.00013909,-0.00016438,ExitAdverse,maker,maker,79037.0000,0,1.0000,1.0000,2.0000,493,24951
2025-12-15T10:29:10.286+00:00,2025-12-15T10:29:13.639+00:00,long,1,79092.0000,79101.0000,9.0000,7.0000,0.00011379,0.00008850,ExitCluster,maker,maker,79140.0000,1,1.0000,1.0000,2.0000,300,3353
2025-12-15T10:29:15.285+00:00,2025-12-15T10:29:16.932+00:00,long,1,79098.0000,79107.0000,9.0000,7.0000,0.00011378,0.00008850,ExitCluster,maker,maker,79146.0000,1,1.0000,1.0000,2.0000,46,1647
2025-12-15T10:29:17.055+00:00,2025-12-15T10:29:18.298+00:00,long,1,79101.0000,79120.0000,19.0000,17.0000,0.00024020,0.00021492,ExitCluster,maker,maker,79149.0000,1,1.0000,1.0000,2.0000,50,1243
2025-12-15T10:29:27.308+00:00,2025-12-15T10:29:31.297+00:00,short,-1,79137.0000,79108.0000,29.0000,27.0000,0.00036645,0.00034118,ExitCluster,maker,maker,79089.0000,1,1.0000,1.0000,2.0000,185,3989
2025-12-15T10:29:32.593+00:00,2025-12-15T10:29:43.048+00:00,long,1,79102.0000,79125.0000,23.0000,21.0000,0.00029076,0.00026548,ExitCluster,maker,maker,79150.0000,1,1.0000,1.0000,2.0000,165,10455
2025-12-15T10:29:44.084+00:00,2025-12-15T10:30:05.456+00:00,short,-1,79137.0000,79129.0000,8.0000,6.0000,0.00010109,0.00007582,ExitCluster,maker,maker,79089.0000,1,1.0000,1.0000,2.0000,152,21372
2025-12-15T10:30:05.523+00:00,2025-12-15T10:30:35.972+00:00,short,-1,79137.0000,79119.0000,18.0000,16.0000,0.00022745,0.00020218,ExitCluster,maker,maker,79089.0000,1,1.0000,1.0000,2.0000,22,30449
2025-12-15T10:30:37.611+00:00,2025-12-15T10:30:41.770+00:00,long,1,79109.0000,79125.0000,16.0000,14.0000,0.00020225,0.00017697,ExitCluster,maker,maker,79157.0000,1,1.0000,1.0000,2.0000,206,4159
2025-12-15T10:30:42.021+00:00,2025-12-15T10:30:47.725+00:00,long,1,79115.0000,79114.0000,-1.0000,-3.0000,-0.00001264,-0.00003792,ExitAdverse,maker,maker,79163.0000,0,1.0000,1.0000,2.0000,87,5704
2025-12-15T10:30:48.484+00:00,2025-12-15T10:30:49.981+00:00,short,-1,79117.0000,79098.0000,19.0000,17.0000,0.00024015,0.00021487,ExitCluster,maker,maker,79069.0000,1,1.0000,1.0000,2.0000,0,1497
2025-12-15T10:30:50.246+00:00,2025-12-15T10:30:55.755+00:00,long,1,79089.0000,79076.0000,-13.0000,-15.0000,-0.00016437,-0.00018966,ExitAdverse,maker,maker,79137.0000,0,1.0000,1.0000,2.0000,198,5509
2025-12-15T10:30:55.761+00:00,2025-12-15T10:30:58.348+00:00,long,1,79069.0000,79064.0000,-5.0000,-7.0000,-0.00006324,-0.00008853,ExitAdverse,maker,maker,79117.0000,0,1.0000,1.0000,2.0000,59,2587
2025-12-15T10:30:58.489+00:00,2025-12-15T10:30:59.657+00:00,short,-1,79077.0000,79061.0000,16.0000,14.0000,0.00020233,0.00017704,ExitCluster,maker,maker,79029.0000,1,1.0000,1.0000,2.0000,68,1168
2025-12-15T10:30:59.908+00:00,2025-12-15T10:31:00.508+00:00,short,-1,79077.0000,79061.0000,16.0000,14.0000,0.00020233,0.00017704,ExitCluster,maker,maker,79029.0000,1,1.0000,1.0000,2.0000,170,600
2025-12-15T10:31:00.896+00:00,2025-12-15T10:31:03.935+00:00,short,-1,79066.0000,79099.0000,-33.0000,-35.0000,-0.00041737,-0.00044267,ExitAdverse,maker,maker,79018.0000,0,1.0000,1.0000,2.0000,140,3039
2025-12-15T10:31:04.028+00:00,2025-12-15T10:31:04.548+00:00,short,-1,79099.0000,79089.0000,10.0000,8.0000,0.00012642,0.00010114,ExitCluster,maker,maker,79051.0000,1,1.0000,1.0000,2.0000,25,520
2025-12-15T10:31:04.795+00:00,2025-12-15T10:31:05.291+00:00,short,-1,79099.0000,79090.0000,9.0000,7.0000,0.00011378,0.00008850,ExitCluster,maker,maker,79051.0000,1,1.0000,1.0000,2.0000,17,496
2025-12-15T10:31:09.458+00:00,2025-12-15T10:31:10.199+00:00,long,1,79071.0000,79087.0000,16.0000,14.0000,0.00020235,0.00017706,ExitCluster,maker,maker,79119.0000,1,1.0000,1.0000,2.0000,100,741
2025-12-15T10:31:11.321+00:00,2025-12-15T10:31:13.439+00:00,short,-1,79099.0000,79094.0000,5.0000,3.0000,0.00006321,0.00003793,ExitCluster,maker,maker,79051.0000,1,1.0000,1.0000,2.0000,289,2118
2025-12-15T10:31:15.352+00:00,2025-12-15T10:31:17.712+00:00,long,1,79071.0000,79079.0000,8.0000,6.0000,0.00010117,0.00007588,ExitCluster,maker,maker,79119.0000,1,1.0000,1.0000,2.0000,189,2360
2025-12-15T10:31:22.302+00:00,2025-12-15T10:31:23.104+00:00,short,-1,79089.0000,79082.0000,7.0000,5.0000,0.00008851,0.00006322,ExitCluster,maker,maker,79041.0000,1,1.0000,1.0000,2.0000,59,802
2025-12-15T10:31:23.104+00:00,2025-12-15T10:31:33.245+00:00,short,-1,79089.0000,79075.0000,14.0000,12.0000,0.00017702,0.00015173,ExitCluster,maker,maker,79041.0000,1,1.0000,1.0000,2.0000,9,10141
2025-12-15T10:31:34.173+00:00,2025-12-15T10:31:36.254+00:00,long,1,79071.0000,79081.0000,10.0000,8.0000,0.00012647,0.00010117,ExitCluster,maker,maker,79119.0000,1,1.0000,1.0000,2.0000,154,2081
2025-12-15T10:31:36.362+00:00,2025-12-15T10:31:42.014+00:00,long,1,79071.0000,79066.0000,-5.0000,-7.0000,-0.00006323,-0.00008853,ExitAdverse,maker,maker,79119.0000,0,1.0000,1.0000,2.0000,68,5652
2025-12-15T10:31:50.144+00:00,2025-12-15T10:31:56.221+00:00,long,1,79051.0000,79071.0000,20.0000,18.0000,0.00025300,0.00022770,ExitCluster,maker,maker,79099.0000,1,1.0000,1.0000,2.0000,34,6077
2025-12-15T10:31:57.371+00:00,2025-12-15T10:32:09.054+00:00,long,1,79075.0000,79079.0000,4.0000,2.0000,0.00005058,0.00002529,ExitCluster,maker,maker,79123.0000,1,1.0000,1.0000,2.0000,60,11683
2025-12-15T10:32:25.519+00:00,2025-12-15T10:32:38.746+00:00,short,-1,79099.0000,79093.0000,6.0000,4.0000,0.00007585,0.00005057,ExitCluster,maker,maker,79051.0000,1,1.0000,1.0000,2.0000,503,13227
2025-12-15T10:32:39.825+00:00,2025-12-15T10:32:42.197+00:00,short,-1,79084.0000,79080.0000,4.0000,2.0000,0.00005058,0.00002529,ExitCluster,maker,maker,79036.0000,1,1.0000,1.0000,2.0000,116,2372
2025-12-15T10:32:45.974+00:00,2025-12-15T10:32:53.248+00:00,short,-1,79070.0000,79070.0000,-0.0000,-2.0000,-0.00000000,-0.00002529,ExitAdverse,maker,maker,79022.0000,0,1.0000,1.0000,2.0000,3,7274
2025-12-15T10:32:55.675+00:00,2025-12-15T10:33:02.570+00:00,short,-1,79084.0000,79067.0000,17.0000,15.0000,0.00021496,0.00018967,ExitCluster,maker,maker,79036.0000,1,1.0000,1.0000,2.0000,258,6895
2025-12-15T10:33:03.774+00:00,2025-12-15T10:33:08.079+00:00,long,1,79051.0000,79059.0000,8.0000,6.0000,0.00010120,0.00007590,ExitCluster,maker,maker,79099.0000,1,1.0000,1.0000,2.0000,102,4305
2025-12-15T10:33:10.174+00:00,2025-12-15T10:33:19.659+00:00,short,-1,79056.0000,79041.0000,15.0000,13.0000,0.00018974,0.00016444,ExitCluster,maker,maker,79008.0000,1,1.0000,1.0000,2.0000,180,9485
2025-12-15T10:33:20.124+00:00,2025-12-15T10:33:34.093+00:00,long,1,79032.0000,79030.0000,-2.0000,-4.0000,-0.00002531,-0.00005061,ExitAdverse,maker,maker,79080.0000,0,1.0000,1.0000,2.0000,159,13969
2025-12-15T10:33:34.258+00:00,2025-12-15T10:33:35.226+00:00,short,-1,79039.0000,79021.0000,18.0000,16.0000,0.00022774,0.00020243,ExitCluster,maker,maker,78991.0000,1,1.0000,1.0000,2.0000,119,968
2025-12-15T10:33:35.244+00:00,2025-12-15T10:34:02.596+00:00,short,-1,79039.0000,79031.0000,8.0000,6.0000,0.00010122,0.00007591,ExitCluster,maker,maker,78991.0000,1,1.0000,1.0000,2.0000,103,27352
2025-12-15T10:34:03.815+00:00,2025-12-15T10:34:12.958+00:00,short,-1,79039.0000,79034.0000,5.0000,3.0000,0.00006326,0.00003796,ExitCluster,maker,maker,78991.0000,1,1.0000,1.0000,2.0000,225,9143
2025-12-15T10:34:13.423+00:00,2025-12-15T10:34:14.557+00:00,short,-1,79039.0000,79031.0000,8.0000,6.0000,0.00010122,0.00007591,ExitCluster,maker,maker,78991.0000,1,1.0000,1.0000,2.0000,396,1134
2025-12-15T10:34:15.183+00:00,2025-12-15T10:35:00.810+00:00,short,-1,79037.0000,79031.0000,6.0000,4.0000,0.00007591,0.00005061,ExitCluster,maker,maker,78989.0000,1,1.0000,1.0000,2.0000,522,45627
2025-12-15T10:35:00.821+00:00,2025-12-15T10:35:50.635+00:00,short,-1,79039.0000,79036.0000,3.0000,1.0000,0.00003796,0.00001265,ExitCluster,maker,maker,78991.0000,1,1.0000,1.0000,2.0000,6,49814
2025-12-15T10:35:52.464+00:00,2025-12-15T10:36:02.299+00:00,long,1,79029.0000,79039.0000,10.0000,8.0000,0.00012654,0.00010123,ExitCluster,maker,maker,79077.0000,1,1.0000,1.0000,2.0000,54,9835
2025-12-15T10:36:02.374+00:00,2025-12-15T10:36:25.892+00:00,long,1,79030.0000,79039.0000,9.0000,7.0000,0.00011388,0.00008857,ExitCluster,maker,maker,79078.0000,1,1.0000,1.0000,2.0000,7,23518
2025-12-15T10:36:26.183+00:00,2025-12-15T10:36:57.613+00:00,long,1,79029.0000,79040.0000,11.0000,9.0000,0.00013919,0.00011388,ExitCluster,maker,maker,79077.0000,1,1.0000,1.0000,2.0000,244,31430
2025-12-15T10:36:57.680+00:00,2025-12-15T10:37:44.370+00:00,short,-1,79056.0000,79052.0000,4.0000,2.0000,0.00005060,0.00002530,ExitCluster,maker,maker,79008.0000,1,1.0000,1.0000,2.0000,13,46690
2025-12-15T10:37:47.980+00:00,2025-12-15T10:37:49.433+00:00,long,1,79028.0000,79034.0000,6.0000,4.0000,0.00007592,0.00005061,ExitCluster,maker,maker,79076.0000,1,1.0000,1.0000,2.0000,357,1453
2025-12-15T10:37:49.509+00:00,2025-12-15T10:38:01.970+00:00,long,1,79027.0000,79028.0000,1.0000,-1.0000,0.00001265,-0.00001265,ExitAdverse,maker,maker,79075.0000,0,1.0000,1.0000,2.0000,5,12461
2025-12-15T10:38:02.153+00:00,2025-12-15T10:38:03.912+00:00,short,-1,79056.0000,79041.0000,15.0000,13.0000,0.00018974,0.00016444,ExitCluster,maker,maker,79008.0000,1,1.0000,1.0000,2.0000,93,1759
2025-12-15T10:38:04.216+00:00,2025-12-15T10:38:07.561+00:00,short,-1,79056.0000,79036.0000,20.0000,18.0000,0.00025299,0.00022769,ExitCluster,maker,maker,79008.0000,1,1.0000,1.0000,2.0000,286,3345
2025-12-15T10:38:10.266+00:00,2025-12-15T10:38:17.737+00:00,long,1,79034.0000,79044.0000,10.0000,8.0000,0.00012653,0.00010122,ExitCluster,maker,maker,79082.0000,1,1.0000,1.0000,2.0000,177,7471
2025-12-15T10:38:18.521+00:00,2025-12-15T10:38:36.615+00:00,long,1,79035.0000,79048.0000,13.0000,11.0000,0.00016448,0.00013918,ExitCluster,maker,maker,79083.0000,1,1.0000,1.0000,2.0000,532,18094
2025-12-15T10:38:37.527+00:00,2025-12-15T10:38:39.174+00:00,short,-1,79056.0000,79044.0000,12.0000,10.0000,0.00015179,0.00012649,ExitCluster,maker,maker,79008.0000,1,1.0000,1.0000,2.0000,288,1647
2025-12-15T10:38:47.443+00:00,2025-12-15T10:40:08.932+00:00,short,-1,79038.0000,79031.0000,7.0000,5.0000,0.00008856,0.00006326,ExitCluster,maker,maker,78990.0000,1,1.0000,1.0000,2.0000,36,81489
2025-12-15T10:40:10.564+00:00,2025-12-15T10:40:33.487+00:00,long,1,79023.0000,79039.0000,16.0000,14.0000,0.00020247,0.00017716,ExitCluster,maker,maker,79071.0000,1,1.0000,1.0000,2.0000,413,22923
2025-12-15T10:40:33.572+00:00,2025-12-15T10:40:56.459+00:00,short,-1,79056.0000,79050.0000,6.0000,4.0000,0.00007590,0.00005060,ExitCluster,maker,maker,79008.0000,1,1.0000,1.0000,2.0000,12,22887
2025-12-15T10:40:56.580+00:00,2025-12-15T10:41:12.568+00:00,short,-1,79056.0000,79040.0000,16.0000,14.0000,0.00020239,0.00017709,ExitCluster,maker,maker,79008.0000,1,1.0000,1.0000,2.0000,90,15988
2025-12-15T10:41:34.597+00:00,2025-12-15T10:41:39.599+00:00,long,1,79027.0000,79040.0000,13.0000,11.0000,0.00016450,0.00013919,ExitCluster,maker,maker,79075.0000,1,1.0000,1.0000,2.0000,214,5002
2025-12-15T10:41:40.592+00:00,2025-12-15T10:41:50.817+00:00,long,1,79031.0000,79048.0000,17.0000,15.0000,0.00021511,0.00018980,ExitCluster,maker,maker,79079.0000,1,1.0000,1.0000,2.0000,133,10225
2025-12-15T10:41:51.134+00:00,2025-12-15T10:42:00.882+00:00,short,-1,79056.0000,79053.0000,3.0000,1.0000,0.00003795,0.00001265,ExitCluster,maker,maker,79008.0000,1,1.0000,1.0000,2.0000,270,9748
2025-12-15T10:42:01.572+00:00,2025-12-15T10:43:55.155+00:00,long,1,79040.0000,79049.0000,9.0000,7.0000,0.00011387,0.00008856,ExitCluster,maker,maker,79088.0000,1,1.0000,1.0000,2.0000,535,113583
2025-12-15T10:44:30.167+00:00,2025-12-15T10:45:12.156+00:00,long,1,79043.0000,79058.0000,15.0000,13.0000,0.00018977,0.00016447,ExitCluster,maker,maker,79091.0000,1,1.0000,1.0000,2.0000,62,41989
2025-12-15T10:45:15.259+00:00,2025-12-15T10:45:17.677+00:00,long,1,79052.0000,79061.0000,9.0000,7.0000,0.00011385,0.00008855,ExitCluster,maker,maker,79100.0000,1,1.0000,1.0000,2.0000,368,2418
2025-12-15T10:45:18.283+00:00,2025-12-15T10:45:21.679+00:00,long,1,79051.0000,79060.0000,9.0000,7.0000,0.00011385,0.00008855,ExitCluster,maker,maker,79099.0000,1,1.0000,1.0000,2.0000,527,3396
2025-12-15T10:45:22.254+00:00,2025-12-15T10:45:38.502+00:00,long,1,79049.0000,79060.0000,11.0000,9.0000,0.00013915,0.00011385,ExitCluster,maker,maker,79097.0000,1,1.0000,1.0000,2.0000,553,16248
2025-12-15T10:46:01.692+00:00,2025-12-15T10:46:21.309+00:00,long,1,79043.0000,79039.0000,-4.0000,-6.0000,-0.00005061,-0.00007591,ExitAdverse,maker,maker,79091.0000,0,1.0000,1.0000,2.0000,565,19617
2025-12-15T10:46:21.609+00:00,2025-12-15T10:46:28.407+00:00,long,1,79033.0000,79042.0000,9.0000,7.0000,0.00011388,0.00008857,ExitCluster,maker,maker,79081.0000,1,1.0000,1.0000,2.0000,270,6798
2025-12-15T10:46:35.627+00:00,2025-12-15T10:46:56.572+00:00,long,1,79032.0000,79036.0000,4.0000,2.0000,0.00005061,0.00002531,ExitCluster,maker,maker,79080.0000,1,1.0000,1.0000,2.0000,19,20945
2025-12-15T10:47:03.925+00:00,2025-12-15T10:47:10.223+00:00,long,1,79020.0000,79031.0000,11.0000,9.0000,0.00013921,0.00011390,ExitCluster,maker,maker,79068.0000,1,1.0000,1.0000,2.0000,166,6298
2025-12-15T10:47:10.717+00:00,2025-12-15T10:47:17.720+00:00,long,1,79019.0000,79031.0000,12.0000,10.0000,0.00015186,0.00012655,ExitCluster,maker,maker,79067.0000,1,1.0000,1.0000,2.0000,352,7003
2025-12-15T10:47:18.720+00:00,2025-12-15T10:47:58.046+00:00,long,1,79022.0000,79038.0000,16.0000,14.0000,0.00020248,0.00017717,ExitCluster,maker,maker,79070.0000,1,1.0000,1.0000,2.0000,268,39326
2025-12-15T10:47:59.735+00:00,2025-12-15T10:48:08.738+00:00,long,1,79027.0000,79040.0000,13.0000,11.0000,0.00016450,0.00013919,ExitCluster,maker,maker,79075.0000,1,1.0000,1.0000,2.0000,65,9003
2025-12-15T10:48:08.875+00:00,2025-12-15T10:48:32.734+00:00,long,1,79033.0000,79049.0000,16.0000,14.0000,0.00020245,0.00017714,ExitCluster,maker,maker,79081.0000,1,1.0000,1.0000,2.0000,121,23859
2025-12-15T10:48:52.753+00:00,2025-12-15T10:49:00.125+00:00,long,1,79034.0000,79039.0000,5.0000,3.0000,0.00006326,0.00003796,ExitCluster,maker,maker,79082.0000,1,1.0000,1.0000,2.0000,817,7372
2025-12-15T10:49:06.460+00:00,2025-12-15T10:49:08.761+00:00,long,1,79017.0000,79030.0000,13.0000,11.0000,0.00016452,0.00013921,ExitCluster,maker,maker,79065.0000,1,1.0000,1.0000,2.0000,368,2301
2025-12-15T10:49:09.124+00:00,2025-12-15T10:49:09.761+00:00,long,1,79017.0000,79032.0000,15.0000,13.0000,0.00018983,0.00016452,ExitCluster,maker,maker,79065.0000,1,1.0000,1.0000,2.0000,10,637
2025-12-15T10:49:10.237+00:00,2025-12-15T10:49:10.762+00:00,long,1,79017.0000,79032.0000,15.0000,13.0000,0.00018983,0.00016452,ExitCluster,maker,maker,79065.0000,1,1.0000,1.0000,2.0000,457,525
2025-12-15T10:49:11.762+00:00,2025-12-15T10:49:18.767+00:00,long,1,79017.0000,79022.0000,5.0000,3.0000,0.00006328,0.00003797,ExitCluster,maker,maker,79065.0000,1,1.0000,1.0000,2.0000,18,7005
2025-12-15T10:49:25.770+00:00,2025-12-15T10:49:26.942+00:00,short,-1,79020.0000,79013.0000,7.0000,5.0000,0.00008859,0.00006328,ExitCluster,maker,maker,78972.0000,1,1.0000,1.0000,2.0000,130,1172
2025-12-15T10:49:27.214+00:00,2025-12-15T10:49:39.502+00:00,short,-1,79020.0000,79032.0000,-12.0000,-14.0000,-0.00015186,-0.00017717,ExitAdverse,maker,maker,78972.0000,0,1.0000,1.0000,2.0000,333,12288
2025-12-15T10:49:39.777+00:00,2025-12-15T10:49:49.523+00:00,long,1,79023.0000,79037.0000,14.0000,12.0000,0.00017716,0.00015185,ExitCluster,maker,maker,79071.0000,1,1.0000,1.0000,2.0000,194,9746
2025-12-15T10:49:49.783+00:00,2025-12-15T10:49:55.787+00:00,long,1,79031.0000,79041.0000,10.0000,8.0000,0.00012653,0.00010123,ExitCluster,maker,maker,79079.0000,1,1.0000,1.0000,2.0000,232,6004
2025-12-15T10:49:56.787+00:00,2025-12-15T10:50:04.792+00:00,long,1,79032.0000,79035.0000,3.0000,1.0000,0.00003796,0.00001265,ExitCluster,maker,maker,79080.0000,1,1.0000,1.0000,2.0000,353,8005
2025-12-15T10:50:09.387+00:00,2025-12-15T10:50:10.796+00:00,long,1,79018.0000,79032.0000,14.0000,12.0000,0.00017717,0.00015186,ExitCluster,maker,maker,79066.0000,1,1.0000,1.0000,2.0000,232,1409
2025-12-15T10:50:15.381+00:00,2025-12-15T10:50:15.800+00:00,long,1,79017.0000,79031.0000,14.0000,12.0000,0.00017718,0.00015187,ExitCluster,maker,maker,79065.0000,1,1.0000,1.0000,2.0000,572,419
2025-12-15T10:50:18.522+00:00,2025-12-15T10:50:26.805+00:00,long,1,79017.0000,79025.0000,8.0000,6.0000,0.00010124,0.00007593,ExitCluster,maker,maker,79065.0000,1,1.0000,1.0000,2.0000,697,8283
2025-12-15T10:50:28.806+00:00,2025-12-15T10:50:29.807+00:00,long,1,79014.0000,79025.0000,11.0000,9.0000,0.00013922,0.00011390,ExitCluster,maker,maker,79062.0000,1,1.0000,1.0000,2.0000,571,1001
2025-12-15T10:50:30.500+00:00,2025-12-15T10:50:32.120+00:00,long,1,79014.0000,79026.0000,12.0000,10.0000,0.00015187,0.00012656,ExitCluster,maker,maker,79062.0000,1,1.0000,1.0000,2.0000,19,1620
2025-12-15T10:50:34.969+00:00,2025-12-15T10:50:37.454+00:00,long,1,79031.0000,79049.0000,18.0000,16.0000,0.00022776,0.00020245,ExitCluster,maker,maker,79079.0000,1,1.0000,1.0000,2.0000,120,2485
2025-12-15T10:50:37.580+00:00,2025-12-15T10:50:38.030+00:00,long,1,79038.0000,79049.0000,11.0000,9.0000,0.00013917,0.00011387,ExitCluster,maker,maker,79086.0000,1,1.0000,1.0000,2.0000,106,450
2025-12-15T10:50:38.625+00:00,2025-12-15T10:50:39.815+00:00,long,1,79040.0000,79049.0000,9.0000,7.0000,0.00011387,0.00008856,ExitCluster,maker,maker,79088.0000,1,1.0000,1.0000,2.0000,556,1190
2025-12-15T10:50:40.049+00:00,2025-12-15T10:50:43.561+00:00,long,1,79042.0000,79053.0000,11.0000,9.0000,0.00013917,0.00011386,ExitCluster,maker,maker,79090.0000,1,1.0000,1.0000,2.0000,223,3512
2025-12-15T10:50:45.817+00:00,2025-12-15T10:50:54.823+00:00,short,-1,79077.0000,79066.0000,11.0000,9.0000,0.00013910,0.00011381,ExitCluster,maker,maker,79029.0000,1,1.0000,1.0000,2.0000,615,9006
2025-12-15T10:50:55.824+00:00,2025-12-15T10:50:57.825+00:00,long,1,79061.0000,79068.0000,7.0000,5.0000,0.00008854,0.00006324,ExitCluster,maker,maker,79109.0000,1,1.0000,1.0000,2.0000,342,2001
2025-12-15T10:51:00.133+00:00,2025-12-15T10:51:02.827+00:00,long,1,79061.0000,79065.0000,4.0000,2.0000,0.00005059,0.00002530,ExitCluster,maker,maker,79109.0000,1,1.0000,1.0000,2.0000,301,2694
2025-12-15T10:51:14.833+00:00,2025-12-15T10:51:17.835+00:00,long,1,79044.0000,79069.0000,25.0000,23.0000,0.00031628,0.00029098,ExitCluster,maker,maker,79092.0000,1,1.0000,1.0000,2.0000,516,3002
2025-12-15T10:51:24.839+00:00,2025-12-15T10:51:30.842+00:00,short,-1,79084.0000,79080.0000,4.0000,2.0000,0.00005058,0.00002529,ExitCluster,maker,maker,79036.0000,1,1.0000,1.0000,2.0000,253,6003
2025-12-15T10:51:31.463+00:00,2025-12-15T10:51:32.843+00:00,long,1,79073.0000,79084.0000,11.0000,9.0000,0.00013911,0.00011382,ExitCluster,maker,maker,79121.0000,1,1.0000,1.0000,2.0000,195,1380
2025-12-15T10:51:36.845+00:00,2025-12-15T10:51:39.520+00:00,long,1,79071.0000,79084.0000,13.0000,11.0000,0.00016441,0.00013912,ExitCluster,maker,maker,79119.0000,1,1.0000,1.0000,2.0000,347,2675
2025-12-15T10:51:42.643+00:00,2025-12-15T10:51:44.850+00:00,long,1,79076.0000,79084.0000,8.0000,6.0000,0.00010117,0.00007588,ExitCluster,maker,maker,79124.0000,1,1.0000,1.0000,2.0000,444,2207
2025-12-15T10:51:49.853+00:00,2025-12-15T10:51:59.859+00:00,long,1,79077.0000,79084.0000,7.0000,5.0000,0.00008852,0.00006323,ExitCluster,maker,maker,79125.0000,1,1.0000,1.0000,2.0000,649,10006
2025-12-15T10:52:02.861+00:00,2025-12-15T10:52:09.865+00:00,long,1,79073.0000,79077.0000,4.0000,2.0000,0.00005059,0.00002529,ExitCluster,maker,maker,79121.0000,1,1.0000,1.0000,2.0000,451,7004
2025-12-15T10:52:10.024+00:00,2025-12-15T10:52:14.867+00:00,long,1,79068.0000,79074.0000,6.0000,4.0000,0.00007588,0.00005059,ExitCluster,maker,maker,79116.0000,1,1.0000,1.0000,2.0000,149,4843
2025-12-15T10:52:15.867+00:00,2025-12-15T10:53:11.898+00:00,long,1,79068.0000,79079.0000,11.0000,9.0000,0.00013912,0.00011383,ExitCluster,maker,maker,79116.0000,1,1.0000,1.0000,2.0000,261,56031
2025-12-15T10:53:12.467+00:00,2025-12-15T10:53:13.899+00:00,long,1,79073.0000,79079.0000,6.0000,4.0000,0.00007588,0.00005059,ExitCluster,maker,maker,79121.0000,1,1.0000,1.0000,2.0000,450,1432
2025-12-15T10:53:14.900+00:00,2025-12-15T10:53:21.451+00:00,long,1,79073.0000,79088.0000,15.0000,13.0000,0.00018970,0.00016441,ExitCluster,maker,maker,79121.0000,1,1.0000,1.0000,2.0000,318,6551
2025-12-15T10:53:22.891+00:00,2025-12-15T10:53:29.911+00:00,long,1,79083.0000,79099.0000,16.0000,14.0000,0.00020232,0.00017703,ExitCluster,maker,maker,79131.0000,1,1.0000,1.0000,2.0000,157,7020
2025-12-15T10:53:31.657+00:00,2025-12-15T10:53:49.958+00:00,short,-1,79099.0000,79095.0000,4.0000,2.0000,0.00005057,0.00002528,ExitCluster,maker,maker,79051.0000,1,1.0000,1.0000,2.0000,103,18301
2025-12-15T10:53:50.924+00:00,2025-12-15T10:53:54.926+00:00,short,-1,79099.0000,79089.0000,10.0000,8.0000,0.00012642,0.00010114,ExitCluster,maker,maker,79051.0000,1,1.0000,1.0000,2.0000,295,4002
2025-12-15T10:53:56.706+00:00,2025-12-15T10:53:57.930+00:00,short,-1,79099.0000,79089.0000,10.0000,8.0000,0.00012642,0.00010114,ExitCluster,maker,maker,79051.0000,1,1.0000,1.0000,2.0000,288,1224
2025-12-15T10:54:02.625+00:00,2025-12-15T10:54:07.938+00:00,long,1,79082.0000,79085.0000,3.0000,1.0000,0.00003794,0.00001265,ExitCluster,maker,maker,79130.0000,1,1.0000,1.0000,2.0000,41,5313
2025-12-15T10:54:08.445+00:00,2025-12-15T10:54:09.940+00:00,long,1,79071.0000,79083.0000,12.0000,10.0000,0.00015176,0.00012647,ExitCluster,maker,maker,79119.0000,1,1.0000,1.0000,2.0000,301,1495
2025-12-15T10:54:14.857+00:00,2025-12-15T10:54:15.944+00:00,long,1,79079.0000,79086.0000,7.0000,5.0000,0.00008852,0.00006323,ExitCluster,maker,maker,79127.0000,1,1.0000,1.0000,2.0000,218,1087
2025-12-15T10:54:16.944+00:00,2025-12-15T10:54:17.945+00:00,long,1,79078.0000,79085.0000,7.0000,5.0000,0.00008852,0.00006323,ExitCluster,maker,maker,79126.0000,1,1.0000,1.0000,2.0000,31,1001
2025-12-15T10:54:18.936+00:00,2025-12-15T10:54:21.949+00:00,long,1,79076.0000,79084.0000,8.0000,6.0000,0.00010117,0.00007588,ExitCluster,maker,maker,79124.0000,1,1.0000,1.0000,2.0000,353,3013
2025-12-15T10:54:23.951+00:00,2025-12-15T10:54:25.953+00:00,long,1,79074.0000,79084.0000,10.0000,8.0000,0.00012646,0.00010117,ExitCluster,maker,maker,79122.0000,1,1.0000,1.0000,2.0000,430,2002
2025-12-15T10:54:26.841+00:00,2025-12-15T10:54:27.954+00:00,long,1,79074.0000,79084.0000,10.0000,8.0000,0.00012646,0.00010117,ExitCluster,maker,maker,79122.0000,1,1.0000,1.0000,2.0000,232,1113
2025-12-15T10:54:28.955+00:00,2025-12-15T10:54:29.957+00:00,long,1,79076.0000,79084.0000,8.0000,6.0000,0.00010117,0.00007588,ExitCluster,maker,maker,79124.0000,1,1.0000,1.0000,2.0000,326,1002
2025-12-15T10:54:30.226+00:00,2025-12-15T10:54:30.957+00:00,long,1,79076.0000,79087.0000,11.0000,9.0000,0.00013911,0.00011381,ExitCluster,maker,maker,79124.0000,1,1.0000,1.0000,2.0000,209,731
2025-12-15T10:54:32.203+00:00,2025-12-15T10:54:32.958+00:00,long,1,79082.0000,79088.0000,6.0000,4.0000,0.00007587,0.00005058,ExitCluster,maker,maker,79130.0000,1,1.0000,1.0000,2.0000,202,755
2025-12-15T10:54:35.835+00:00,2025-12-15T10:54:36.961+00:00,long,1,79082.0000,79089.0000,7.0000,5.0000,0.00008852,0.00006323,ExitCluster,maker,maker,79130.0000,1,1.0000,1.0000,2.0000,543,1126
2025-12-15T10:54:38.028+00:00,2025-12-15T10:54:40.963+00:00,long,1,79078.0000,79091.0000,13.0000,11.0000,0.00016439,0.00013910,ExitCluster,maker,maker,79126.0000,1,1.0000,1.0000,2.0000,56,2935
2025-12-15T10:54:42.601+00:00,2025-12-15T10:54:43.272+00:00,long,1,79082.0000,79090.0000,8.0000,6.0000,0.00010116,0.00007587,ExitCluster,maker,maker,79130.0000,1,1.0000,1.0000,2.0000,204,671
2025-12-15T10:54:43.964+00:00,2025-12-15T10:54:50.968+00:00,long,1,79085.0000,79084.0000,-1.0000,-3.0000,-0.00001264,-0.00003793,ExitAdverse,maker,maker,79133.0000,0,1.0000,1.0000,2.0000,41,7004
2025-12-15T10:54:51.968+00:00,2025-12-15T10:54:52.970+00:00,long,1,79077.0000,79085.0000,8.0000,6.0000,0.00010117,0.00007588,ExitCluster,maker,maker,79125.0000,1,1.0000,1.0000,2.0000,327,1002
2025-12-15T10:54:54.212+00:00,2025-12-15T10:54:54.971+00:00,long,1,79074.0000,79085.0000,11.0000,9.0000,0.00013911,0.00011382,ExitCluster,maker,maker,79122.0000,1,1.0000,1.0000,2.0000,98,759
2025-12-15T10:54:55.971+00:00,2025-12-15T10:54:58.629+00:00,long,1,79075.0000,79083.0000,8.0000,6.0000,0.00010117,0.00007588,ExitCluster,maker,maker,79123.0000,1,1.0000,1.0000,2.0000,208,2658
2025-12-15T10:54:58.746+00:00,2025-12-15T10:55:00.973+00:00,long,1,79074.0000,79082.0000,8.0000,6.0000,0.00010117,0.00007588,ExitCluster,maker,maker,79122.0000,1,1.0000,1.0000,2.0000,102,2227
2025-12-15T10:55:01.807+00:00,2025-12-15T10:55:03.975+00:00,long,1,79076.0000,79082.0000,6.0000,4.0000,0.00007588,0.00005058,ExitCluster,maker,maker,79124.0000,1,1.0000,1.0000,2.0000,43,2168
2025-12-15T10:55:03.975+00:00,2025-12-15T10:55:06.977+00:00,long,1,79072.0000,79080.0000,8.0000,6.0000,0.00010117,0.00007588,ExitCluster,maker,maker,79120.0000,1,1.0000,1.0000,2.0000,42,3002
2025-12-15T10:55:12.715+00:00,2025-12-15T10:55:20.983+00:00,long,1,79071.0000,79061.0000,-10.0000,-12.0000,-0.00012647,-0.00015176,ExitAdverse,maker,maker,79119.0000,0,1.0000,1.0000,2.0000,413,8268
2025-12-15T10:55:21.335+00:00,2025-12-15T10:55:26.986+00:00,long,1,79051.0000,79048.0000,-3.0000,-5.0000,-0.00003795,-0.00006325,ExitAdverse,maker,maker,79099.0000,0,1.0000,1.0000,2.0000,287,5651
2025-12-15T10:55:27.570+00:00,2025-12-15T10:55:29.205+00:00,short,-1,79062.0000,79036.0000,26.0000,24.0000,0.00032886,0.00030356,ExitCluster,maker,maker,79014.0000,1,1.0000,1.0000,2.0000,355,1635
2025-12-15T10:55:30.989+00:00,2025-12-15T10:55:43.348+00:00,long,1,79026.0000,79029.0000,3.0000,1.0000,0.00003796,0.00001265,ExitCluster,maker,maker,79074.0000,1,1.0000,1.0000,2.0000,141,12359
2025-12-15T10:55:43.489+00:00,2025-12-15T10:55:45.716+00:00,long,1,79008.0000,79015.0000,7.0000,5.0000,0.00008860,0.00006328,ExitCluster,maker,maker,79056.0000,1,1.0000,1.0000,2.0000,0,2227
2025-12-15T10:55:46.998+00:00,2025-12-15T10:55:47.999+00:00,long,1,79001.0000,79015.0000,14.0000,12.0000,0.00017721,0.00015190,ExitCluster,maker,maker,79049.0000,1,1.0000,1.0000,2.0000,85,1001
2025-12-15T10:55:49.766+00:00,2025-12-15T10:55:53.501+00:00,long,1,79005.0000,79011.0000,6.0000,4.0000,0.00007594,0.00005063,ExitCluster,maker,maker,79053.0000,1,1.0000,1.0000,2.0000,162,3735
2025-12-15T10:55:53.776+00:00,2025-12-15T10:55:54.778+00:00,long,1,79001.0000,79011.0000,10.0000,8.0000,0.00012658,0.00010126,ExitCluster,maker,maker,79049.0000,1,1.0000,1.0000,2.0000,214,1002
2025-12-15T10:55:54.923+00:00,2025-12-15T10:55:56.007+00:00,long,1,79001.0000,79007.0000,6.0000,4.0000,0.00007595,0.00005063,ExitCluster,maker,maker,79049.0000,1,1.0000,1.0000,2.0000,132,1084
2025-12-15T10:55:56.508+00:00,2025-12-15T10:55:57.007+00:00,long,1,78992.0000,78999.0000,7.0000,5.0000,0.00008862,0.00006330,ExitCluster,maker,maker,79040.0000,1,1.0000,1.0000,2.0000,159,499
2025-12-15T10:55:58.008+00:00,2025-12-15T10:55:59.008+00:00,long,1,78991.0000,78999.0000,8.0000,6.0000,0.00010128,0.00007596,ExitCluster,maker,maker,79039.0000,1,1.0000,1.0000,2.0000,43,1000
2025-12-15T10:55:59.289+00:00,2025-12-15T10:56:02.011+00:00,long,1,78991.0000,79004.0000,13.0000,11.0000,0.00016458,0.00013926,ExitCluster,maker,maker,79039.0000,1,1.0000,1.0000,2.0000,228,2722
2025-12-15T10:56:04.692+00:00,2025-12-15T10:56:07.014+00:00,long,1,78992.0000,79006.0000,14.0000,12.0000,0.00017723,0.00015191,ExitCluster,maker,maker,79040.0000,1,1.0000,1.0000,2.0000,537,2322
2025-12-15T10:56:23.515+00:00,2025-12-15T10:56:24.027+00:00,long,1,78992.0000,79005.0000,13.0000,11.0000,0.00016457,0.00013925,ExitCluster,maker,maker,79040.0000,1,1.0000,1.0000,2.0000,304,512
2025-12-15T10:56:38.035+00:00,2025-12-15T10:56:48.042+00:00,long,1,79001.0000,79014.0000,13.0000,11.0000,0.00016455,0.00013924,ExitCluster,maker,maker,79049.0000,1,1.0000,1.0000,2.0000,280,10007
2025-12-15T10:56:48.292+00:00,2025-12-15T10:56:49.042+00:00,long,1,79004.0000,79014.0000,10.0000,8.0000,0.00012658,0.00010126,ExitCluster,maker,maker,79052.0000,1,1.0000,1.0000,2.0000,231,750
2025-12-15T10:56:49.334+00:00,2025-12-15T10:56:51.044+00:00,long,1,79005.0000,79014.0000,9.0000,7.0000,0.00011392,0.00008860,ExitCluster,maker,maker,79053.0000,1,1.0000,1.0000,2.0000,271,1710
2025-12-15T10:56:51.276+00:00,2025-12-15T10:56:56.048+00:00,long,1,79006.0000,79017.0000,11.0000,9.0000,0.00013923,0.00011392,ExitCluster,maker,maker,79054.0000,1,1.0000,1.0000,2.0000,199,4772
2025-12-15T10:56:57.049+00:00,2025-12-15T10:56:58.389+00:00,long,1,79005.0000,79017.0000,12.0000,10.0000,0.00015189,0.00012657,ExitCluster,maker,maker,79053.0000,1,1.0000,1.0000,2.0000,199,1340
2025-12-15T10:56:58.540+00:00,2025-12-15T10:57:00.269+00:00,short,-1,79029.0000,79016.0000,13.0000,11.0000,0.00016450,0.00013919,ExitCluster,maker,maker,78981.0000,1,1.0000,1.0000,2.0000,102,1729
2025-12-15T10:57:00.437+00:00,2025-12-15T10:57:18.063+00:00,long,1,79001.0000,79005.0000,4.0000,2.0000,0.00005063,0.00002532,ExitCluster,maker,maker,79049.0000,1,1.0000,1.0000,2.0000,96,17626
2025-12-15T10:57:20.065+00:00,2025-12-15T10:57:21.066+00:00,long,1,79000.0000,79008.0000,8.0000,6.0000,0.00010127,0.00007595,ExitCluster,maker,maker,79048.0000,1,1.0000,1.0000,2.0000,2,1001
2025-12-15T10:57:21.800+00:00,2025-12-15T10:57:24.067+00:00,long,1,79002.0000,79009.0000,7.0000,5.0000,0.00008861,0.00006329,ExitCluster,maker,maker,79050.0000,1,1.0000,1.0000,2.0000,94,2267
2025-12-15T10:57:24.267+00:00,2025-12-15T10:57:25.068+00:00,long,1,79001.0000,79009.0000,8.0000,6.0000,0.00010126,0.00007595,ExitCluster,maker,maker,79049.0000,1,1.0000,1.0000,2.0000,94,801
2025-12-15T10:57:25.327+00:00,2025-12-15T10:57:30.070+00:00,long,1,79001.0000,79011.0000,10.0000,8.0000,0.00012658,0.00010126,ExitCluster,maker,maker,79049.0000,1,1.0000,1.0000,2.0000,239,4743
2025-12-15T10:57:31.070+00:00,2025-12-15T10:57:41.078+00:00,long,1,79001.0000,79010.0000,9.0000,7.0000,0.00011392,0.00008861,ExitCluster,maker,maker,79049.0000,1,1.0000,1.0000,2.0000,294,10008
2025-12-15T10:57:42.057+00:00,2025-12-15T10:57:48.083+00:00,long,1,79001.0000,79007.0000,6.0000,4.0000,0.00007595,0.00005063,ExitCluster,maker,maker,79049.0000,1,1.0000,1.0000,2.0000,344,6026
2025-12-15T10:57:59.991+00:00,2025-12-15T10:58:03.094+00:00,long,1,79001.0000,79005.0000,4.0000,2.0000,0.00005063,0.00002532,ExitCluster,maker,maker,79049.0000,1,1.0000,1.0000,2.0000,52,3103
2025-12-15T10:58:07.574+00:00,2025-12-15T10:58:08.097+00:00,long,1,78996.0000,79004.0000,8.0000,6.0000,0.00010127,0.00007595,ExitCluster,maker,maker,79044.0000,1,1.0000,1.0000,2.0000,69,523
2025-12-15T10:58:08.729+00:00,2025-12-15T10:58:11.098+00:00,long,1,78996.0000,79004.0000,8.0000,6.0000,0.00010127,0.00007595,ExitCluster,maker,maker,79044.0000,1,1.0000,1.0000,2.0000,336,2369
2025-12-15T10:58:11.266+00:00,2025-12-15T10:58:12.099+00:00,long,1,78996.0000,79005.0000,9.0000,7.0000,0.00011393,0.00008861,ExitCluster,maker,maker,79044.0000,1,1.0000,1.0000,2.0000,147,833
2025-12-15T10:58:12.214+00:00,2025-12-15T10:58:15.101+00:00,long,1,78996.0000,79003.0000,7.0000,5.0000,0.00008861,0.00006329,ExitCluster,maker,maker,79044.0000,1,1.0000,1.0000,2.0000,95,2887
2025-12-15T10:58:15.173+00:00,2025-12-15T10:58:16.101+00:00,long,1,78996.0000,79004.0000,8.0000,6.0000,0.00010127,0.00007595,ExitCluster,maker,maker,79044.0000,1,1.0000,1.0000,2.0000,23,928
2025-12-15T10:58:37.116+00:00,2025-12-15T10:58:38.116+00:00,long,1,79005.0000,79013.0000,8.0000,6.0000,0.00010126,0.00007594,ExitCluster,maker,maker,79053.0000,1,1.0000,1.0000,2.0000,129,1000
2025-12-15T10:58:39.117+00:00,2025-12-15T10:58:44.121+00:00,long,1,79005.0000,79015.0000,10.0000,8.0000,0.00012657,0.00010126,ExitCluster,maker,maker,79053.0000,1,1.0000,1.0000,2.0000,357,5004
2025-12-15T10:58:45.122+00:00,2025-12-15T10:58:49.126+00:00,long,1,79006.0000,79013.0000,7.0000,5.0000,0.00008860,0.00006329,ExitCluster,maker,maker,79054.0000,1,1.0000,1.0000,2.0000,373,4004
2025-12-15T10:58:50.126+00:00,2025-12-15T10:58:51.127+00:00,long,1,79006.0000,79012.0000,6.0000,4.0000,0.00007594,0.00005063,ExitCluster,maker,maker,79054.0000,1,1.0000,1.0000,2.0000,44,1001
2025-12-15T10:58:53.127+00:00,2025-12-15T10:58:55.129+00:00,long,1,79006.0000,79011.0000,5.0000,3.0000,0.00006329,0.00003797,ExitCluster,maker,maker,79054.0000,1,1.0000,1.0000,2.0000,379,2002
2025-12-15T10:58:56.049+00:00,2025-12-15T10:59:00.132+00:00,long,1,79006.0000,79012.0000,6.0000,4.0000,0.00007594,0.00005063,ExitCluster,maker,maker,79054.0000,1,1.0000,1.0000,2.0000,270,4083
2025-12-15T10:59:00.497+00:00,2025-12-15T10:59:01.133+00:00,long,1,79006.0000,79018.0000,12.0000,10.0000,0.00015189,0.00012657,ExitCluster,maker,maker,79054.0000,1,1.0000,1.0000,2.0000,321,636
2025-12-15T10:59:01.724+00:00,2025-12-15T10:59:09.324+00:00,long,1,79006.0000,79013.0000,7.0000,5.0000,0.00008860,0.00006329,ExitCluster,maker,maker,79054.0000,1,1.0000,1.0000,2.0000,563,7600
2025-12-15T10:59:11.140+00:00,2025-12-15T10:59:20.147+00:00,short,-1,79037.0000,79023.0000,14.0000,12.0000,0.00017713,0.00015183,ExitCluster,maker,maker,78989.0000,1,1.0000,1.0000,2.0000,342,9007
2025-12-15T10:59:26.035+00:00,2025-12-15T10:59:30.475+00:00,long,1,79018.0000,79037.0000,19.0000,17.0000,0.00024045,0.00021514,ExitCluster,maker,maker,79066.0000,1,1.0000,1.0000,2.0000,463,4440
2025-12-15T10:59:34.881+00:00,2025-12-15T10:59:43.163+00:00,short,-1,79046.0000,79031.0000,15.0000,13.0000,0.00018976,0.00016446,ExitCluster,maker,maker,78998.0000,1,1.0000,1.0000,2.0000,273,8282
2025-12-15T10:59:45.165+00:00,2025-12-15T10:59:51.319+00:00,short,-1,79046.0000,79026.0000,20.0000,18.0000,0.00025302,0.00022772,ExitCluster,maker,maker,78998.0000,1,1.0000,1.0000,2.0000,508,6154
2025-12-15T10:59:55.497+00:00,2025-12-15T11:05:00.123+00:00,short,-1,79046.0000,79044.0000,2.0000,0.0000,0.00002530,0.00000000,ExitAdverse,maker,maker,78998.0000,0,1.0000,1.0000,2.0000,241,304626
2025-12-15T11:05:00.431+00:00,2025-12-15T11:05:01.776+00:00,short,-1,79062.0000,79032.0000,30.0000,28.0000,0.00037945,0.00035415,ExitCluster,maker,maker,79014.0000,1,1.0000,1.0000,2.0000,227,1345
2025-12-15T11:05:11.988+00:00,2025-12-15T11:05:19.284+00:00,short,-1,79044.0000,79037.0000,7.0000,5.0000,0.00008856,0.00006326,ExitCluster,maker,maker,78996.0000,1,1.0000,1.0000,2.0000,154,7296
2025-12-15T11:05:20.236+00:00,2025-12-15T11:05:21.281+00:00,long,1,79029.0000,79038.0000,9.0000,7.0000,0.00011388,0.00008858,ExitCluster,maker,maker,79077.0000,1,1.0000,1.0000,2.0000,251,1045
2025-12-15T11:05:28.042+00:00,2025-12-15T11:05:32.298+00:00,short,-1,79046.0000,79031.0000,15.0000,13.0000,0.00018976,0.00016446,ExitCluster,maker,maker,78998.0000,1,1.0000,1.0000,2.0000,565,4256
2025-12-15T11:07:12.341+00:00,2025-12-15T11:07:13.580+00:00,short,-1,78999.0000,78989.0000,10.0000,8.0000,0.00012658,0.00010127,ExitCluster,maker,maker,78951.0000,1,1.0000,1.0000,2.0000,124,1239
2025-12-15T11:07:13.719+00:00,2025-12-15T11:07:14.425+00:00,short,-1,78999.0000,78989.0000,10.0000,8.0000,0.00012658,0.00010127,ExitCluster,maker,maker,78951.0000,1,1.0000,1.0000,2.0000,109,706
2025-12-15T11:07:20.684+00:00,2025-12-15T11:07:23.377+00:00,short,-1,78999.0000,79019.0000,-20.0000,-22.0000,-0.00025317,-0.00027848,ExitAdverse,maker,maker,78951.0000,0,1.0000,1.0000,2.0000,282,2693
2025-12-15T11:07:25.450+00:00,2025-12-15T11:07:30.382+00:00,short,-1,79044.0000,79040.0000,4.0000,2.0000,0.00005060,0.00002530,ExitCluster,maker,maker,78996.0000,1,1.0000,1.0000,2.0000,46,4932
2025-12-15T11:07:33.755+00:00,2025-12-15T11:07:34.364+00:00,long,1,79005.0000,79025.0000,20.0000,18.0000,0.00025315,0.00022783,ExitCluster,maker,maker,79053.0000,1,1.0000,1.0000,2.0000,79,609
2025-12-15T11:07:40.175+00:00,2025-12-15T11:07:42.453+00:00,long,1,78991.0000,78999.0000,8.0000,6.0000,0.00010128,0.00007596,ExitCluster,maker,maker,79039.0000,1,1.0000,1.0000,2.0000,155,2278
2025-12-15T11:08:04.379+00:00,2025-12-15T11:08:06.379+00:00,long,1,79001.0000,79018.0000,17.0000,15.0000,0.00021519,0.00018987,ExitCluster,maker,maker,79049.0000,1,1.0000,1.0000,2.0000,308,2000
2025-12-15T11:08:17.385+00:00,2025-12-15T11:08:18.338+00:00,long,1,79001.0000,79009.0000,8.0000,6.0000,0.00010126,0.00007595,ExitCluster,maker,maker,79049.0000,1,1.0000,1.0000,2.0000,125,953
2025-12-15T11:08:18.386+00:00,2025-12-15T11:08:21.388+00:00,long,1,79001.0000,79015.0000,14.0000,12.0000,0.00017721,0.00015190,ExitCluster,maker,maker,79049.0000,1,1.0000,1.0000,2.0000,2,3002
2025-12-15T11:08:21.876+00:00,2025-12-15T11:08:23.709+00:00,long,1,79001.0000,79022.0000,21.0000,19.0000,0.00026582,0.00024050,ExitCluster,maker,maker,79049.0000,1,1.0000,1.0000,2.0000,418,1833
2025-12-15T11:08:42.399+00:00,2025-12-15T11:08:45.433+00:00,short,-1,79011.0000,79008.0000,3.0000,1.0000,0.00003797,0.00001266,ExitCluster,maker,maker,78963.0000,1,1.0000,1.0000,2.0000,95,3034
2025-12-15T11:08:47.907+00:00,2025-12-15T11:08:55.606+00:00,short,-1,79011.0000,79006.0000,5.0000,3.0000,0.00006328,0.00003797,ExitCluster,maker,maker,78963.0000,1,1.0000,1.0000,2.0000,248,7699
2025-12-15T11:08:55.727+00:00,2025-12-15T11:08:56.441+00:00,short,-1,79011.0000,79004.0000,7.0000,5.0000,0.00008860,0.00006328,ExitCluster,maker,maker,78963.0000,1,1.0000,1.0000,2.0000,89,714
2025-12-15T11:08:57.408+00:00,2025-12-15T11:08:58.443+00:00,short,-1,79011.0000,79002.0000,9.0000,7.0000,0.00011391,0.00008860,ExitCluster,maker,maker,78963.0000,1,1.0000,1.0000,2.0000,215,1035
2025-12-15T11:09:00.303+00:00,2025-12-15T11:09:07.449+00:00,short,-1,79011.0000,79003.0000,8.0000,6.0000,0.00010125,0.00007594,ExitCluster,maker,maker,78963.0000,1,1.0000,1.0000,2.0000,464,7146
2025-12-15T11:09:26.776+00:00,2025-12-15T11:09:32.042+00:00,long,1,78981.0000,78977.0000,-4.0000,-6.0000,-0.00005065,-0.00007597,ExitAdverse,maker,maker,79029.0000,0,1.0000,1.0000,2.0000,15,5266
2025-12-15T11:09:32.146+00:00,2025-12-15T11:09:37.467+00:00,short,-1,78979.0000,78983.0000,-4.0000,-6.0000,-0.00005065,-0.00007597,ExitAdverse,maker,maker,78931.0000,0,1.0000,1.0000,2.0000,102,5321
2025-12-15T11:09:41.433+00:00,2025-12-15T11:09:42.470+00:00,short,-1,78986.0000,78978.0000,8.0000,6.0000,0.00010128,0.00007596,ExitCluster,maker,maker,78938.0000,1,1.0000,1.0000,2.0000,155,1037
2025-12-15T11:09:42.583+00:00,2025-12-15T11:09:53.477+00:00,short,-1,78986.0000,78965.0000,21.0000,19.0000,0.00026587,0.00024055,ExitCluster,maker,maker,78938.0000,1,1.0000,1.0000,2.0000,81,10894
2025-12-15T11:10:00.811+00:00,2025-12-15T11:10:04.947+00:00,short,-1,78969.0000,78952.0000,17.0000,15.0000,0.00021527,0.00018995,ExitCluster,maker,maker,78921.0000,1,1.0000,1.0000,2.0000,26,4136
2025-12-15T11:10:05.047+00:00,2025-12-15T11:10:05.607+00:00,short,-1,78958.0000,78946.0000,12.0000,10.0000,0.00015198,0.00012665,ExitCluster,maker,maker,78910.0000,1,1.0000,1.0000,2.0000,28,560
2025-12-15T11:10:05.892+00:00,2025-12-15T11:10:13.182+00:00,short,-1,78958.0000,78950.0000,8.0000,6.0000,0.00010132,0.00007599,ExitCluster,maker,maker,78910.0000,1,1.0000,1.0000,2.0000,223,7290
2025-12-15T11:10:14.450+00:00,2025-12-15T11:10:35.507+00:00,short,-1,78958.0000,78957.0000,1.0000,-1.0000,0.00001266,-0.00001266,ExitAdverse,maker,maker,78910.0000,0,1.0000,1.0000,2.0000,70,21057
2025-12-15T11:10:36.462+00:00,2025-12-15T11:10:46.325+00:00,short,-1,78969.0000,78972.0000,-3.0000,-5.0000,-0.00003799,-0.00006332,ExitAdverse,maker,maker,78921.0000,0,1.0000,1.0000,2.0000,278,9863
2025-12-15T11:11:06.613+00:00,2025-12-15T11:11:09.480+00:00,long,1,78944.0000,78956.0000,12.0000,10.0000,0.00015201,0.00012667,ExitCluster,maker,maker,78992.0000,1,1.0000,1.0000,2.0000,34,2867
2025-12-15T11:11:09.533+00:00,2025-12-15T11:11:10.481+00:00,long,1,78944.0000,78956.0000,12.0000,10.0000,0.00015201,0.00012667,ExitCluster,maker,maker,78992.0000,1,1.0000,1.0000,2.0000,3,948
2025-12-15T11:11:10.534+00:00,2025-12-15T11:11:11.038+00:00,long,1,78944.0000,78955.0000,11.0000,9.0000,0.00013934,0.00011400,ExitCluster,maker,maker,78992.0000,1,1.0000,1.0000,2.0000,24,504
2025-12-15T11:11:14.536+00:00,2025-12-15T11:11:16.485+00:00,long,1,78961.0000,78953.0000,-8.0000,-10.0000,-0.00010132,-0.00012664,ExitAdverse,maker,maker,79009.0000,0,1.0000,1.0000,2.0000,44,1949
2025-12-15T11:11:19.379+00:00,2025-12-15T11:11:20.819+00:00,short,-1,78940.0000,78930.0000,10.0000,8.0000,0.00012668,0.00010134,ExitCluster,maker,maker,78892.0000,1,1.0000,1.0000,2.0000,109,1440
2025-12-15T11:11:22.250+00:00,2025-12-15T11:11:24.399+00:00,long,1,78906.0000,78901.0000,-5.0000,-7.0000,-0.00006337,-0.00008871,ExitAdverse,maker,maker,78954.0000,0,1.0000,1.0000,2.0000,0,2149
2025-12-15T11:11:24.624+00:00,2025-12-15T11:11:25.393+00:00,long,1,78894.0000,78903.0000,9.0000,7.0000,0.00011408,0.00008873,ExitCluster,maker,maker,78942.0000,1,1.0000,1.0000,2.0000,184,769
2025-12-15T11:11:25.490+00:00,2025-12-15T11:11:26.080+00:00,long,1,78891.0000,78903.0000,12.0000,10.0000,0.00015211,0.00012676,ExitCluster,maker,maker,78939.0000,1,1.0000,1.0000,2.0000,79,590
2025-12-15T11:11:31.995+00:00,2025-12-15T11:11:32.683+00:00,short,-1,78895.0000,78886.0000,9.0000,7.0000,0.00011408,0.00008873,ExitCluster,maker,maker,78847.0000,1,1.0000,1.0000,2.0000,9,688
2025-12-15T11:11:33.318+00:00,2025-12-15T11:11:33.930+00:00,short,-1,78895.0000,78880.0000,15.0000,13.0000,0.00019013,0.00016478,ExitCluster,maker,maker,78847.0000,1,1.0000,1.0000,2.0000,609,612
2025-12-15T11:11:35.220+00:00,2025-12-15T11:11:35.842+00:00,short,-1,78895.0000,78884.0000,11.0000,9.0000,0.00013943,0.00011408,ExitCluster,maker,maker,78847.0000,1,1.0000,1.0000,2.0000,321,622
2025-12-15T11:11:36.321+00:00,2025-12-15T11:11:37.169+00:00,short,-1,78895.0000,78886.0000,9.0000,7.0000,0.00011408,0.00008873,ExitCluster,maker,maker,78847.0000,1,1.0000,1.0000,2.0000,239,848
2025-12-15T11:11:37.496+00:00,2025-12-15T11:11:42.219+00:00,short,-1,78895.0000,78887.0000,8.0000,6.0000,0.00010140,0.00007605,ExitCluster,maker,maker,78847.0000,1,1.0000,1.0000,2.0000,100,4723
2025-12-15T11:11:43.499+00:00,2025-12-15T11:11:46.500+00:00,long,1,78885.0000,78908.0000,23.0000,21.0000,0.00029156,0.00026621,ExitCluster,maker,maker,78933.0000,1,1.0000,1.0000,2.0000,466,3001
2025-12-15T11:11:48.518+00:00,2025-12-15T11:11:49.889+00:00,short,-1,78918.0000,78899.0000,19.0000,17.0000,0.00024076,0.00021541,ExitCluster,maker,maker,78870.0000,1,1.0000,1.0000,2.0000,8,1371
2025-12-15T11:11:49.986+00:00,2025-12-15T11:11:53.505+00:00,long,1,78892.0000,78905.0000,13.0000,11.0000,0.00016478,0.00013943,ExitCluster,maker,maker,78940.0000,1,1.0000,1.0000,2.0000,74,3519
2025-12-15T11:11:55.734+00:00,2025-12-15T11:12:07.322+00:00,short,-1,78918.0000,78914.0000,4.0000,2.0000,0.00005069,0.00002534,ExitCluster,maker,maker,78870.0000,1,1.0000,1.0000,2.0000,172,11588
2025-12-15T11:12:09.654+00:00,2025-12-15T11:12:18.883+00:00,short,-1,78918.0000,78901.0000,17.0000,15.0000,0.00021541,0.00019007,ExitCluster,maker,maker,78870.0000,1,1.0000,1.0000,2.0000,405,9229
2025-12-15T11:12:19.287+00:00,2025-12-15T11:12:28.805+00:00,short,-1,78918.0000,78950.0000,-32.0000,-34.0000,-0.00040548,-0.00043083,ExitAdverse,maker,maker,78870.0000,0,1.0000,1.0000,2.0000,108,9518
2025-12-15T11:12:47.094+00:00,2025-12-15T11:13:08.899+00:00,short,-1,78957.0000,78951.0000,6.0000,4.0000,0.00007599,0.00005066,ExitCluster,maker,maker,78909.0000,1,1.0000,1.0000,2.0000,360,21805
2025-12-15T11:13:09.663+00:00,2025-12-15T11:13:26.086+00:00,short,-1,78957.0000,78975.0000,-18.0000,-20.0000,-0.00022797,-0.00025330,ExitAdverse,maker,maker,78909.0000,0,1.0000,1.0000,2.0000,75,16423
2025-12-15T11:13:26.819+00:00,2025-12-15T11:13:30.368+00:00,short,-1,78976.0000,78971.0000,5.0000,3.0000,0.00006331,0.00003799,ExitCluster,maker,maker,78928.0000,1,1.0000,1.0000,2.0000,287,3549
2025-12-15T11:13:35.131+00:00,2025-12-15T11:13:50.669+00:00,short,-1,78986.0000,78979.0000,7.0000,5.0000,0.00008862,0.00006330,ExitCluster,maker,maker,78938.0000,1,1.0000,1.0000,2.0000,100,15538
2025-12-15T11:13:50.851+00:00,2025-12-15T11:13:56.139+00:00,short,-1,78986.0000,78971.0000,15.0000,13.0000,0.00018991,0.00016459,ExitCluster,maker,maker,78938.0000,1,1.0000,1.0000,2.0000,111,5288
2025-12-15T11:14:05.386+00:00,2025-12-15T11:14:15.789+00:00,short,-1,78986.0000,78980.0000,6.0000,4.0000,0.00007596,0.00005064,ExitCluster,maker,maker,78938.0000,1,1.0000,1.0000,2.0000,48,10403
2025-12-15T11:14:16.022+00:00,2025-12-15T11:14:28.465+00:00,short,-1,78980.0000,78971.0000,9.0000,7.0000,0.00011395,0.00008863,ExitCluster,maker,maker,78932.0000,1,1.0000,1.0000,2.0000,79,12443
2025-12-15T11:15:02.970+00:00,2025-12-15T11:15:14.523+00:00,long,1,78942.0000,78932.0000,-10.0000,-12.0000,-0.00012668,-0.00015201,ExitAdverse,maker,maker,78990.0000,0,1.0000,1.0000,2.0000,625,11553
2025-12-15T11:15:30.979+00:00,2025-12-15T11:15:32.276+00:00,long,1,78918.0000,78934.0000,16.0000,14.0000,0.00020274,0.00017740,ExitCluster,maker,maker,78966.0000,1,1.0000,1.0000,2.0000,199,1297
2025-12-15T11:16:27.076+00:00,2025-12-15T11:16:28.077+00:00,long,1,78931.0000,78905.0000,-26.0000,-28.0000,-0.00032940,-0.00035474,ExitAdverse,maker,maker,78979.0000,0,1.0000,1.0000,2.0000,497,1001
2025-12-15T11:16:28.670+00:00,2025-12-15T11:16:36.796+00:00,long,1,78898.0000,78906.0000,8.0000,6.0000,0.00010140,0.00007605,ExitCluster,maker,maker,78946.0000,1,1.0000,1.0000,2.0000,573,8126
2025-12-15T11:16:58.361+00:00,2025-12-15T11:16:59.019+00:00,short,-1,78956.0000,78943.0000,13.0000,11.0000,0.00016465,0.00013932,ExitCluster,maker,maker,78908.0000,1,1.0000,1.0000,2.0000,90,658
2025-12-15T11:17:03.778+00:00,2025-12-15T11:17:07.101+00:00,long,1,78921.0000,78939.0000,18.0000,16.0000,0.00022808,0.00020273,ExitCluster,maker,maker,78969.0000,1,1.0000,1.0000,2.0000,303,3323
2025-12-15T11:17:22.109+00:00,2025-12-15T11:17:23.032+00:00,short,-1,78932.0000,78924.0000,8.0000,6.0000,0.00010135,0.00007601,ExitCluster,maker,maker,78884.0000,1,1.0000,1.0000,2.0000,46,923
2025-12-15T11:17:23.110+00:00,2025-12-15T11:17:28.009+00:00,short,-1,78932.0000,78902.0000,30.0000,28.0000,0.00038007,0.00035474,ExitCluster,maker,maker,78884.0000,1,1.0000,1.0000,2.0000,56,4899
2025-12-15T11:17:32.743+00:00,2025-12-15T11:17:49.193+00:00,short,-1,78887.0000,78901.0000,-14.0000,-16.0000,-0.00017747,-0.00020282,ExitAdverse,maker,maker,78839.0000,0,1.0000,1.0000,2.0000,154,16450
2025-12-15T11:17:52.064+00:00,2025-12-15T11:17:53.123+00:00,long,1,78882.0000,78900.0000,18.0000,16.0000,0.00022819,0.00020283,ExitCluster,maker,maker,78930.0000,1,1.0000,1.0000,2.0000,0,1059
2025-12-15T11:18:30.143+00:00,2025-12-15T11:18:32.144+00:00,long,1,78883.0000,78891.0000,8.0000,6.0000,0.00010142,0.00007606,ExitCluster,maker,maker,78931.0000,1,1.0000,1.0000,2.0000,36,2001
2025-12-15T11:18:35.145+00:00,2025-12-15T11:18:36.086+00:00,short,-1,78891.0000,78884.0000,7.0000,5.0000,0.00008873,0.00006338,ExitCluster,maker,maker,78843.0000,1,1.0000,1.0000,2.0000,36,941
2025-12-15T11:18:40.977+00:00,2025-12-15T11:18:43.148+00:00,long,1,78893.0000,78901.0000,8.0000,6.0000,0.00010140,0.00007605,ExitCluster,maker,maker,78941.0000,1,1.0000,1.0000,2.0000,376,2171
2025-12-15T11:18:44.091+00:00,2025-12-15T11:18:46.150+00:00,long,1,78893.0000,78901.0000,8.0000,6.0000,0.00010140,0.00007605,ExitCluster,maker,maker,78941.0000,1,1.0000,1.0000,2.0000,288,2059
2025-12-15T11:19:02.399+00:00,2025-12-15T11:19:03.158+00:00,long,1,78901.0000,78914.0000,13.0000,11.0000,0.00016476,0.00013942,ExitCluster,maker,maker,78949.0000,1,1.0000,1.0000,2.0000,214,759
2025-12-15T11:19:03.476+00:00,2025-12-15T11:19:04.104+00:00,short,-1,78918.0000,78909.0000,9.0000,7.0000,0.00011404,0.00008870,ExitCluster,maker,maker,78870.0000,1,1.0000,1.0000,2.0000,297,628
2025-12-15T11:19:04.159+00:00,2025-12-15T11:19:05.105+00:00,short,-1,78918.0000,78909.0000,9.0000,7.0000,0.00011404,0.00008870,ExitCluster,maker,maker,78870.0000,1,1.0000,1.0000,2.0000,14,946
2025-12-15T11:19:06.106+00:00,2025-12-15T11:19:06.933+00:00,short,-1,78918.0000,78910.0000,8.0000,6.0000,0.00010137,0.00007603,ExitCluster,maker,maker,78870.0000,1,1.0000,1.0000,2.0000,327,827
2025-12-15T11:19:37.389+00:00,2025-12-15T11:19:38.750+00:00,short,-1,78918.0000,78909.0000,9.0000,7.0000,0.00011404,0.00008870,ExitCluster,maker,maker,78870.0000,1,1.0000,1.0000,2.0000,183,1361
2025-12-15T11:19:39.059+00:00,2025-12-15T11:19:40.128+00:00,short,-1,78918.0000,78902.0000,16.0000,14.0000,0.00020274,0.00017740,ExitCluster,maker,maker,78870.0000,1,1.0000,1.0000,2.0000,294,1069
2025-12-15T11:19:45.657+00:00,2025-12-15T11:19:49.134+00:00,short,-1,78918.0000,78908.0000,10.0000,8.0000,0.00012671,0.00010137,ExitCluster,maker,maker,78870.0000,1,1.0000,1.0000,2.0000,458,3477
2025-12-15T11:19:52.135+00:00,2025-12-15T11:19:54.136+00:00,short,-1,78918.0000,78910.0000,8.0000,6.0000,0.00010137,0.00007603,ExitCluster,maker,maker,78870.0000,1,1.0000,1.0000,2.0000,93,2001
2025-12-15T11:19:55.137+00:00,2025-12-15T11:19:58.139+00:00,short,-1,78918.0000,78909.0000,9.0000,7.0000,0.00011404,0.00008870,ExitCluster,maker,maker,78870.0000,1,1.0000,1.0000,2.0000,194,3002
2025-12-15T11:19:58.186+00:00,2025-12-15T11:20:03.142+00:00,short,-1,78918.0000,78899.0000,19.0000,17.0000,0.00024076,0.00021541,ExitCluster,maker,maker,78870.0000,1,1.0000,1.0000,2.0000,19,4956
2025-12-15T11:20:12.147+00:00,2025-12-15T11:20:14.149+00:00,short,-1,78918.0000,78909.0000,9.0000,7.0000,0.00011404,0.00008870,ExitCluster,maker,maker,78870.0000,1,1.0000,1.0000,2.0000,293,2002
2025-12-15T11:20:30.906+00:00,2025-12-15T11:20:36.203+00:00,long,1,78888.0000,78900.0000,12.0000,10.0000,0.00015211,0.00012676,ExitCluster,maker,maker,78936.0000,1,1.0000,1.0000,2.0000,353,5297
2025-12-15T11:20:42.165+00:00,2025-12-15T11:20:44.207+00:00,long,1,78901.0000,78906.0000,5.0000,3.0000,0.00006337,0.00003802,ExitCluster,maker,maker,78949.0000,1,1.0000,1.0000,2.0000,311,2042
2025-12-15T11:20:52.210+00:00,2025-12-15T11:20:58.172+00:00,short,-1,78918.0000,78915.0000,3.0000,1.0000,0.00003801,0.00001267,ExitCluster,maker,maker,78870.0000,1,1.0000,1.0000,2.0000,234,5962
2025-12-15T11:21:00.175+00:00,2025-12-15T11:21:08.115+00:00,short,-1,78918.0000,78914.0000,4.0000,2.0000,0.00005069,0.00002534,ExitCluster,maker,maker,78870.0000,1,1.0000,1.0000,2.0000,22,7940
2025-12-15T11:21:11.092+00:00,2025-12-15T11:21:23.190+00:00,short,-1,78918.0000,78917.0000,1.0000,-1.0000,0.00001267,-0.00001267,ExitAdverse,maker,maker,78870.0000,0,1.0000,1.0000,2.0000,277,12098
2025-12-15T11:21:31.194+00:00,2025-12-15T11:21:33.196+00:00,short,-1,78918.0000,78910.0000,8.0000,6.0000,0.00010137,0.00007603,ExitCluster,maker,maker,78870.0000,1,1.0000,1.0000,2.0000,360,2002
2025-12-15T11:21:33.229+00:00,2025-12-15T11:21:35.196+00:00,short,-1,78918.0000,78911.0000,7.0000,5.0000,0.00008870,0.00006336,ExitCluster,maker,maker,78870.0000,1,1.0000,1.0000,2.0000,17,1967
2025-12-15T11:21:35.992+00:00,2025-12-15T11:21:37.198+00:00,short,-1,78918.0000,78911.0000,7.0000,5.0000,0.00008870,0.00006336,ExitCluster,maker,maker,78870.0000,1,1.0000,1.0000,2.0000,128,1206
2025-12-15T11:21:37.231+00:00,2025-12-15T11:21:38.198+00:00,short,-1,78918.0000,78912.0000,6.0000,4.0000,0.00007603,0.00005069,ExitCluster,maker,maker,78870.0000,1,1.0000,1.0000,2.0000,24,967
2025-12-15T11:21:38.547+00:00,2025-12-15T11:21:58.215+00:00,short,-1,78918.0000,78910.0000,8.0000,6.0000,0.00010137,0.00007603,ExitCluster,maker,maker,78870.0000,1,1.0000,1.0000,2.0000,287,19668
2025-12-15T11:21:58.657+00:00,2025-12-15T11:22:05.213+00:00,short,-1,78919.0000,78910.0000,9.0000,7.0000,0.00011404,0.00008870,ExitCluster,maker,maker,78871.0000,1,1.0000,1.0000,2.0000,401,6556
2025-12-15T11:22:06.214+00:00,2025-12-15T11:22:07.215+00:00,short,-1,78919.0000,78908.0000,11.0000,9.0000,0.00013938,0.00011404,ExitCluster,maker,maker,78871.0000,1,1.0000,1.0000,2.0000,324,1001
2025-12-15T11:22:07.244+00:00,2025-12-15T11:22:09.216+00:00,short,-1,78918.0000,78908.0000,10.0000,8.0000,0.00012671,0.00010137,ExitCluster,maker,maker,78870.0000,1,1.0000,1.0000,2.0000,19,1972
2025-12-15T11:22:12.247+00:00,2025-12-15T11:22:13.247+00:00,long,1,78896.0000,78909.0000,13.0000,11.0000,0.00016477,0.00013942,ExitCluster,maker,maker,78944.0000,1,1.0000,1.0000,2.0000,15,1000
2025-12-15T11:22:16.224+00:00,2025-12-15T11:22:18.536+00:00,short,-1,78919.0000,78906.0000,13.0000,11.0000,0.00016473,0.00013938,ExitCluster,maker,maker,78871.0000,1,1.0000,1.0000,2.0000,312,2312
2025-12-15T11:22:20.251+00:00,2025-12-15T11:22:27.253+00:00,long,1,78888.0000,78899.0000,11.0000,9.0000,0.00013944,0.00011409,ExitCluster,maker,maker,78936.0000,1,1.0000,1.0000,2.0000,472,7002
2025-12-15T11:22:28.101+00:00,2025-12-15T11:22:29.254+00:00,long,1,78888.0000,78899.0000,11.0000,9.0000,0.00013944,0.00011409,ExitCluster,maker,maker,78936.0000,1,1.0000,1.0000,2.0000,208,1153
2025-12-15T11:22:30.255+00:00,2025-12-15T11:22:33.256+00:00,long,1,78888.0000,78899.0000,11.0000,9.0000,0.00013944,0.00011409,ExitCluster,maker,maker,78936.0000,1,1.0000,1.0000,2.0000,323,3001
2025-12-15T11:22:34.232+00:00,2025-12-15T11:22:39.522+00:00,long,1,78888.0000,78877.0000,-11.0000,-13.0000,-0.00013944,-0.00016479,ExitAdverse,maker,maker,78936.0000,0,1.0000,1.0000,2.0000,209,5290
2025-12-15T11:22:39.621+00:00,2025-12-15T11:22:51.264+00:00,long,1,78871.0000,78879.0000,8.0000,6.0000,0.00010143,0.00007607,ExitCluster,maker,maker,78919.0000,1,1.0000,1.0000,2.0000,92,11643
2025-12-15T11:22:51.640+00:00,2025-12-15T11:22:52.265+00:00,long,1,78871.0000,78879.0000,8.0000,6.0000,0.00010143,0.00007607,ExitCluster,maker,maker,78919.0000,1,1.0000,1.0000,2.0000,343,625
2025-12-15T11:22:56.538+00:00,2025-12-15T11:22:57.267+00:00,long,1,78837.0000,78841.0000,4.0000,2.0000,0.00005074,0.00002537,ExitCluster,maker,maker,78885.0000,1,1.0000,1.0000,2.0000,7,729
2025-12-15T11:23:01.243+00:00,2025-12-15T11:23:02.269+00:00,long,1,78821.0000,78835.0000,14.0000,12.0000,0.00017762,0.00015224,ExitCluster,maker,maker,78869.0000,1,1.0000,1.0000,2.0000,0,1026
2025-12-15T11:23:02.344+00:00,2025-12-15T11:23:04.528+00:00,long,1,78821.0000,78835.0000,14.0000,12.0000,0.00017762,0.00015224,ExitCluster,maker,maker,78869.0000,1,1.0000,1.0000,2.0000,47,2184
2025-12-15T11:23:06.257+00:00,2025-12-15T11:23:08.272+00:00,long,1,78821.0000,78833.0000,12.0000,10.0000,0.00015224,0.00012687,ExitCluster,maker,maker,78869.0000,1,1.0000,1.0000,2.0000,247,2015
2025-12-15T11:23:08.328+00:00,2025-12-15T11:23:10.274+00:00,long,1,78821.0000,78833.0000,12.0000,10.0000,0.00015224,0.00012687,ExitCluster,maker,maker,78869.0000,1,1.0000,1.0000,2.0000,33,1946
2025-12-15T11:23:10.482+00:00,2025-12-15T11:23:11.274+00:00,long,1,78821.0000,78832.0000,11.0000,9.0000,0.00013956,0.00011418,ExitCluster,maker,maker,78869.0000,1,1.0000,1.0000,2.0000,41,792
2025-12-15T11:23:11.683+00:00,2025-12-15T11:23:17.594+00:00,long,1,78821.0000,78852.0000,31.0000,29.0000,0.00039330,0.00036792,ExitCluster,maker,maker,78869.0000,1,1.0000,1.0000,2.0000,213,5911
2025-12-15T11:23:25.775+00:00,2025-12-15T11:23:32.272+00:00,long,1,78821.0000,78826.0000,5.0000,3.0000,0.00006343,0.00003806,ExitCluster,maker,maker,78869.0000,1,1.0000,1.0000,2.0000,134,6497
2025-12-15T11:23:32.791+00:00,2025-12-15T11:23:33.281+00:00,short,-1,78837.0000,78819.0000,18.0000,16.0000,0.00022832,0.00020295,ExitCluster,maker,maker,78789.0000,1,1.0000,1.0000,2.0000,3,490
2025-12-15T11:23:35.809+00:00,2025-12-15T11:23:44.165+00:00,long,1,78816.0000,78823.0000,7.0000,5.0000,0.00008881,0.00006344,ExitCluster,maker,maker,78864.0000,1,1.0000,1.0000,2.0000,53,8356
2025-12-15T11:23:45.289+00:00,2025-12-15T11:23:50.457+00:00,short,-1,78837.0000,78821.0000,16.0000,14.0000,0.00020295,0.00017758,ExitCluster,maker,maker,78789.0000,1,1.0000,1.0000,2.0000,408,5168
2025-12-15T11:23:52.557+00:00,2025-12-15T11:23:54.626+00:00,long,1,78805.0000,78800.0000,-5.0000,-7.0000,-0.00006345,-0.00008883,ExitAdverse,maker,maker,78853.0000,0,1.0000,1.0000,2.0000,15,2069
2025-12-15T11:23:54.976+00:00,2025-12-15T11:23:55.593+00:00,short,-1,78805.0000,78791.0000,14.0000,12.0000,0.00017765,0.00015227,ExitCluster,maker,maker,78757.0000,1,1.0000,1.0000,2.0000,88,617
2025-12-15T11:23:55.597+00:00,2025-12-15T11:23:56.701+00:00,short,-1,78805.0000,78797.0000,8.0000,6.0000,0.00010152,0.00007614,ExitCluster,maker,maker,78757.0000,1,1.0000,1.0000,2.0000,14,1104
2025-12-15T11:23:56.797+00:00,2025-12-15T11:23:58.003+00:00,long,1,78788.0000,78797.0000,9.0000,7.0000,0.00011423,0.00008885,ExitCluster,maker,maker,78836.0000,1,1.0000,1.0000,2.0000,34,1206
2025-12-15T11:23:58.167+00:00,2025-12-15T11:24:00.937+00:00,long,1,78788.0000,78793.0000,5.0000,3.0000,0.00006346,0.00003808,ExitAdverse,maker,maker,78836.0000,0,1.0000,1.0000,2.0000,114,2770
2025-12-15T11:24:03.493+00:00,2025-12-15T11:24:19.892+00:00,long,1,78786.0000,78797.0000,11.0000,9.0000,0.00013962,0.00011423,ExitCluster,maker,maker,78834.0000,1,1.0000,1.0000,2.0000,16,16399
2025-12-15T11:24:20.303+00:00,2025-12-15T11:24:22.079+00:00,long,1,78786.0000,78811.0000,25.0000,23.0000,0.00031732,0.00029193,ExitCluster,maker,maker,78834.0000,1,1.0000,1.0000,2.0000,352,1776
2025-12-15T11:24:23.305+00:00,2025-12-15T11:24:29.019+00:00,long,1,78801.0000,78817.0000,16.0000,14.0000,0.00020304,0.00017766,ExitCluster,maker,maker,78849.0000,1,1.0000,1.0000,2.0000,47,5714
2025-12-15T11:24:30.251+00:00,2025-12-15T11:24:32.185+00:00,long,1,78811.0000,78831.0000,20.0000,18.0000,0.00025377,0.00022839,ExitCluster,maker,maker,78859.0000,1,1.0000,1.0000,2.0000,161,1934
2025-12-15T11:24:42.480+00:00,2025-12-15T11:24:46.951+00:00,long,1,78820.0000,78819.0000,-1.0000,-3.0000,-0.00001269,-0.00003806,ExitAdverse,maker,maker,78868.0000,0,1.0000,1.0000,2.0000,2,4471
2025-12-15T11:25:14.058+00:00,2025-12-15T11:25:19.041+00:00,long,1,78801.0000,78786.0000,-15.0000,-17.0000,-0.00019035,-0.00021573,ExitAdverse,maker,maker,78849.0000,0,1.0000,1.0000,2.0000,389,4983
2025-12-15T11:25:19.669+00:00,2025-12-15T11:25:20.219+00:00,short,-1,78794.0000,78761.0000,33.0000,31.0000,0.00041881,0.00039343,ExitCluster,maker,maker,78746.0000,1,1.0000,1.0000,2.0000,374,550
2025-12-15T11:25:20.327+00:00,2025-12-15T11:25:20.879+00:00,short,-1,78771.0000,78761.0000,10.0000,8.0000,0.00012695,0.00010156,ExitCluster,maker,maker,78723.0000,1,1.0000,1.0000,2.0000,47,552
2025-12-15T11:25:21.202+00:00,2025-12-15T11:25:22.189+00:00,short,-1,78771.0000,78760.0000,11.0000,9.0000,0.00013965,0.00011426,ExitAdverse,maker,maker,78723.0000,0,1.0000,1.0000,2.0000,315,987
2025-12-15T11:25:22.234+00:00,2025-12-15T11:25:28.138+00:00,short,-1,78771.0000,78784.0000,-13.0000,-15.0000,-0.00016504,-0.00019043,ExitAdverse,maker,maker,78723.0000,0,1.0000,1.0000,2.0000,38,5904
2025-12-15T11:25:28.235+00:00,2025-12-15T11:25:43.062+00:00,long,1,78771.0000,78778.0000,7.0000,5.0000,0.00008887,0.00006348,ExitCluster,maker,maker,78819.0000,1,1.0000,1.0000,2.0000,76,14827
2025-12-15T11:25:44.951+00:00,2025-12-15T11:25:54.472+00:00,short,-1,78778.0000,78783.0000,-5.0000,-7.0000,-0.00006347,-0.00008886,ExitAdverse,maker,maker,78730.0000,0,1.0000,1.0000,2.0000,160,9521
2025-12-15T11:26:36.356+00:00,2025-12-15T11:26:36.982+00:00,long,1,78758.0000,78773.0000,15.0000,13.0000,0.00019046,0.00016506,ExitCluster,maker,maker,78806.0000,1,1.0000,1.0000,2.0000,157,626
2025-12-15T11:26:37.645+00:00,2025-12-15T11:26:51.251+00:00,long,1,78758.0000,78764.0000,6.0000,4.0000,0.00007618,0.00005079,ExitCluster,maker,maker,78806.0000,1,1.0000,1.0000,2.0000,13,13606
2025-12-15T11:26:51.362+00:00,2025-12-15T11:27:00.809+00:00,short,-1,78769.0000,78793.0000,-24.0000,-26.0000,-0.00030469,-0.00033008,ExitAdverse,maker,maker,78721.0000,0,1.0000,1.0000,2.0000,117,9447
2025-12-15T11:27:01.366+00:00,2025-12-15T11:27:02.287+00:00,short,-1,78799.0000,78791.0000,8.0000,6.0000,0.00010152,0.00007614,ExitCluster,maker,maker,78751.0000,1,1.0000,1.0000,2.0000,496,921
2025-12-15T11:27:27.688+00:00,2025-12-15T11:27:52.886+00:00,long,1,78795.0000,78811.0000,16.0000,14.0000,0.00020306,0.00017768,ExitCluster,maker,maker,78843.0000,1,1.0000,1.0000,2.0000,351,25198
2025-12-15T11:28:09.772+00:00,2025-12-15T11:28:13.408+00:00,long,1,78760.0000,78775.0000,15.0000,13.0000,0.00019045,0.00016506,ExitCluster,maker,maker,78808.0000,1,1.0000,1.0000,2.0000,38,3636
2025-12-15T11:28:15.398+00:00,2025-12-15T11:28:18.857+00:00,long,1,78760.0000,78761.0000,1.0000,-1.0000,0.00001270,-0.00001270,ExitAdverse,maker,maker,78808.0000,0,1.0000,1.0000,2.0000,121,3459
2025-12-15T11:28:18.914+00:00,2025-12-15T11:28:21.442+00:00,long,1,78756.0000,78774.0000,18.0000,16.0000,0.00022855,0.00020316,ExitCluster,maker,maker,78804.0000,1,1.0000,1.0000,2.0000,3,2528
2025-12-15T11:28:21.923+00:00,2025-12-15T11:28:23.141+00:00,short,-1,78774.0000,78765.0000,9.0000,7.0000,0.00011425,0.00008886,ExitCluster,maker,maker,78726.0000,1,1.0000,1.0000,2.0000,121,1218
2025-12-15T11:28:23.401+00:00,2025-12-15T11:28:55.427+00:00,long,1,78756.0000,78774.0000,18.0000,16.0000,0.00022855,0.00020316,ExitCluster,maker,maker,78804.0000,1,1.0000,1.0000,2.0000,204,32026
2025-12-15T11:28:55.935+00:00,2025-12-15T11:28:57.304+00:00,long,1,78764.0000,78774.0000,10.0000,8.0000,0.00012696,0.00010157,ExitCluster,maker,maker,78812.0000,1,1.0000,1.0000,2.0000,497,1369
2025-12-15T11:28:59.143+00:00,2025-12-15T11:29:04.160+00:00,long,1,78764.0000,78774.0000,10.0000,8.0000,0.00012696,0.00010157,ExitCluster,maker,maker,78812.0000,1,1.0000,1.0000,2.0000,10,5017
2025-12-15T11:29:05.563+00:00,2025-12-15T11:29:06.667+00:00,long,1,78764.0000,78774.0000,10.0000,8.0000,0.00012696,0.00010157,ExitCluster,maker,maker,78812.0000,1,1.0000,1.0000,2.0000,60,1104
2025-12-15T11:29:06.829+00:00,2025-12-15T11:29:07.671+00:00,long,1,78764.0000,78774.0000,10.0000,8.0000,0.00012696,0.00010157,ExitCluster,maker,maker,78812.0000,1,1.0000,1.0000,2.0000,158,842
2025-12-15T11:29:08.115+00:00,2025-12-15T11:29:19.435+00:00,long,1,78764.0000,78761.0000,-3.0000,-5.0000,-0.00003809,-0.00006348,ExitAdverse,maker,maker,78812.0000,0,1.0000,1.0000,2.0000,431,11320
2025-12-15T11:29:19.906+00:00,2025-12-15T11:29:34.827+00:00,long,1,78752.0000,78758.0000,6.0000,4.0000,0.00007619,0.00005079,ExitCluster,maker,maker,78800.0000,1,1.0000,1.0000,2.0000,231,14921
2025-12-15T11:29:36.127+00:00,2025-12-15T11:30:00.176+00:00,short,-1,78774.0000,78755.0000,19.0000,17.0000,0.00024120,0.00021581,ExitCluster,maker,maker,78726.0000,1,1.0000,1.0000,2.0000,635,24049
2025-12-15T11:30:01.136+00:00,2025-12-15T11:30:15.595+00:00,long,1,78733.0000,78740.0000,7.0000,5.0000,0.00008891,0.00006351,ExitCluster,maker,maker,78781.0000,1,1.0000,1.0000,2.0000,36,14459
2025-12-15T11:30:20.978+00:00,2025-12-15T11:30:32.458+00:00,short,-1,78755.0000,78765.0000,-10.0000,-12.0000,-0.00012698,-0.00015237,ExitAdverse,maker,maker,78707.0000,0,1.0000,1.0000,2.0000,164,11480
2025-12-15T11:30:32.574+00:00,2025-12-15T11:30:36.097+00:00,short,-1,78774.0000,78763.0000,11.0000,9.0000,0.00013964,0.00011425,ExitCluster,maker,maker,78726.0000,1,1.0000,1.0000,2.0000,126,3523
2025-12-15T11:30:37.466+00:00,2025-12-15T11:30:43.425+00:00,short,-1,78774.0000,78771.0000,3.0000,1.0000,0.00003808,0.00001269,ExitCluster,maker,maker,78726.0000,1,1.0000,1.0000,2.0000,25,5959
2025-12-15T11:30:47.332+00:00,2025-12-15T11:30:50.247+00:00,long,1,78766.0000,78775.0000,9.0000,7.0000,0.00011426,0.00008887,ExitCluster,maker,maker,78814.0000,1,1.0000,1.0000,2.0000,154,2915
2025-12-15T11:30:52.288+00:00,2025-12-15T11:30:53.498+00:00,long,1,78781.0000,78794.0000,13.0000,11.0000,0.00016501,0.00013963,ExitCluster,maker,maker,78829.0000,1,1.0000,1.0000,2.0000,5,1210
2025-12-15T11:30:53.754+00:00,2025-12-15T11:30:56.363+00:00,long,1,78786.0000,78794.0000,8.0000,6.0000,0.00010154,0.00007616,ExitCluster,maker,maker,78834.0000,1,1.0000,1.0000,2.0000,14,2609
2025-12-15T11:31:03.116+00:00,2025-12-15T11:31:14.110+00:00,long,1,78785.0000,78799.0000,14.0000,12.0000,0.00017770,0.00015231,ExitCluster,maker,maker,78833.0000,1,1.0000,1.0000,2.0000,78,10994
2025-12-15T11:31:21.883+00:00,2025-12-15T11:31:38.926+00:00,long,1,78786.0000,78789.0000,3.0000,1.0000,0.00003808,0.00001269,ExitCluster,maker,maker,78834.0000,1,1.0000,1.0000,2.0000,153,17043
2025-12-15T11:31:39.175+00:00,2025-12-15T11:32:00.392+00:00,short,-1,78799.0000,78823.0000,-24.0000,-26.0000,-0.00030457,-0.00032995,ExitAdverse,maker,maker,78751.0000,0,1.0000,1.0000,2.0000,219,21217
2025-12-15T11:32:06.734+00:00,2025-12-15T11:32:07.764+00:00,short,-1,78879.0000,78864.0000,15.0000,13.0000,0.00019016,0.00016481,ExitCluster,maker,maker,78831.0000,1,1.0000,1.0000,2.0000,46,1030
2025-12-15T11:32:25.186+00:00,2025-12-15T11:32:34.848+00:00,long,1,78841.0000,78867.0000,26.0000,24.0000,0.00032978,0.00030441,ExitCluster,maker,maker,78889.0000,1,1.0000,1.0000,2.0000,287,9662
2025-12-15T11:32:35.008+00:00,2025-12-15T11:32:47.347+00:00,short,-1,78879.0000,78871.0000,8.0000,6.0000,0.00010142,0.00007607,ExitCluster,maker,maker,78831.0000,1,1.0000,1.0000,2.0000,104,12339
2025-12-15T11:32:58.214+00:00,2025-12-15T11:33:00.095+00:00,short,-1,78894.0000,78891.0000,3.0000,1.0000,0.00003803,0.00001268,ExitCluster,maker,maker,78846.0000,1,1.0000,1.0000,2.0000,88,1881
2025-12-15T11:33:00.520+00:00,2025-12-15T11:33:03.646+00:00,short,-1,78899.0000,78890.0000,9.0000,7.0000,0.00011407,0.00008872,ExitCluster,maker,maker,78851.0000,1,1.0000,1.0000,2.0000,21,3126
2025-12-15T11:33:03.800+00:00,2025-12-15T11:33:05.537+00:00,short,-1,78899.0000,78877.0000,22.0000,20.0000,0.00027884,0.00025349,ExitCluster,maker,maker,78851.0000,1,1.0000,1.0000,2.0000,121,1737
2025-12-15T11:33:33.534+00:00,2025-12-15T11:33:36.306+00:00,short,-1,78849.0000,78837.0000,12.0000,10.0000,0.00015219,0.00012682,ExitCluster,maker,maker,78801.0000,1,1.0000,1.0000,2.0000,194,2772
2025-12-15T11:33:36.436+00:00,2025-12-15T11:33:51.995+00:00,short,-1,78849.0000,78855.0000,-6.0000,-8.0000,-0.00007609,-0.00010146,ExitAdverse,maker,maker,78801.0000,0,1.0000,1.0000,2.0000,82,15559
2025-12-15T11:34:09.249+00:00,2025-12-15T11:34:14.551+00:00,long,1,78851.0000,78838.0000,-13.0000,-15.0000,-0.00016487,-0.00019023,ExitAdverse,maker,maker,78899.0000,0,1.0000,1.0000,2.0000,53,5302
2025-12-15T11:34:54.268+00:00,2025-12-15T11:35:47.603+00:00,long,1,78857.0000,78869.0000,12.0000,10.0000,0.00015217,0.00012681,ExitCluster,maker,maker,78905.0000,1,1.0000,1.0000,2.0000,102,53335
2025-12-15T11:35:52.293+00:00,2025-12-15T11:36:07.161+00:00,short,-1,78879.0000,78863.0000,16.0000,14.0000,0.00020284,0.00017749,ExitCluster,maker,maker,78831.0000,1,1.0000,1.0000,2.0000,299,14868
2025-12-15T11:36:21.598+00:00,2025-12-15T11:36:46.608+00:00,short,-1,78879.0000,78890.0000,-11.0000,-13.0000,-0.00013945,-0.00016481,ExitAdverse,maker,maker,78831.0000,0,1.0000,1.0000,2.0000,93,25010
2025-12-15T11:36:46.669+00:00,2025-12-15T11:36:57.574+00:00,short,-1,78899.0000,78902.0000,-3.0000,-5.0000,-0.00003802,-0.00006337,ExitAdverse,maker,maker,78851.0000,0,1.0000,1.0000,2.0000,40,10905
2025-12-15T11:36:59.507+00:00,2025-12-15T11:37:00.707+00:00,long,1,78897.0000,78910.0000,13.0000,11.0000,0.00016477,0.00013942,ExitCluster,maker,maker,78945.0000,1,1.0000,1.0000,2.0000,100,1200
2025-12-15T11:37:01.576+00:00,2025-12-15T11:37:23.302+00:00,long,1,78911.0000,78902.0000,-9.0000,-11.0000,-0.00011405,-0.00013940,ExitAdverse,maker,maker,78959.0000,0,1.0000,1.0000,2.0000,2,21726
2025-12-15T11:37:23.622+00:00,2025-12-15T11:37:32.342+00:00,short,-1,78911.0000,78916.0000,-5.0000,-7.0000,-0.00006336,-0.00008871,ExitAdverse,maker,maker,78863.0000,0,1.0000,1.0000,2.0000,269,8720
2025-12-15T11:37:57.869+00:00,2025-12-15T11:38:20.401+00:00,short,-1,78871.0000,78867.0000,4.0000,2.0000,0.00005072,0.00002536,ExitCluster,maker,maker,78823.0000,1,1.0000,1.0000,2.0000,120,22532
2025-12-15T11:38:25.283+00:00,2025-12-15T11:38:41.651+00:00,long,1,78881.0000,78868.0000,-13.0000,-15.0000,-0.00016481,-0.00019016,ExitAdverse,maker,maker,78929.0000,0,1.0000,1.0000,2.0000,66,16368
2025-12-15T11:38:58.374+00:00,2025-12-15T11:39:20.415+00:00,short,-1,78899.0000,78891.0000,8.0000,6.0000,0.00010140,0.00007605,ExitCluster,maker,maker,78851.0000,1,1.0000,1.0000,2.0000,144,22041
2025-12-15T11:39:20.667+00:00,2025-12-15T11:39:23.668+00:00,short,-1,78899.0000,78891.0000,8.0000,6.0000,0.00010140,0.00007605,ExitCluster,maker,maker,78851.0000,1,1.0000,1.0000,2.0000,234,3001
2025-12-15T11:39:24.385+00:00,2025-12-15T11:39:25.668+00:00,short,-1,78899.0000,78891.0000,8.0000,6.0000,0.00010140,0.00007605,ExitCluster,maker,maker,78851.0000,1,1.0000,1.0000,2.0000,19,1283
2025-12-15T11:39:26.012+00:00,2025-12-15T11:39:29.570+00:00,short,-1,78899.0000,78891.0000,8.0000,6.0000,0.00010140,0.00007605,ExitCluster,maker,maker,78851.0000,1,1.0000,1.0000,2.0000,210,3558
2025-12-15T11:39:29.670+00:00,2025-12-15T11:40:50.510+00:00,short,-1,78899.0000,78896.0000,3.0000,1.0000,0.00003802,0.00001267,ExitCluster,maker,maker,78851.0000,1,1.0000,1.0000,2.0000,65,80840
2025-12-15T11:41:01.425+00:00,2025-12-15T11:41:27.340+00:00,short,-1,78899.0000,78890.0000,9.0000,7.0000,0.00011407,0.00008872,ExitCluster,maker,maker,78851.0000,1,1.0000,1.0000,2.0000,23,25915
2025-12-15T11:41:27.595+00:00,2025-12-15T11:41:49.378+00:00,short,-1,78899.0000,78895.0000,4.0000,2.0000,0.00005070,0.00002535,ExitCluster,maker,maker,78851.0000,1,1.0000,1.0000,2.0000,148,21783
2025-12-15T11:41:49.447+00:00,2025-12-15T11:42:01.276+00:00,short,-1,78899.0000,78909.0000,-10.0000,-12.0000,-0.00012674,-0.00015209,ExitAdverse,maker,maker,78851.0000,0,1.0000,1.0000,2.0000,44,11829
2025-12-15T11:42:03.404+00:00,2025-12-15T11:42:05.726+00:00,long,1,78881.0000,78896.0000,15.0000,13.0000,0.00019016,0.00016481,ExitCluster,maker,maker,78929.0000,1,1.0000,1.0000,2.0000,244,2322
2025-12-15T11:42:06.453+00:00,2025-12-15T11:43:05.121+00:00,long,1,78881.0000,78870.0000,-11.0000,-13.0000,-0.00013945,-0.00016481,ExitAdverse,maker,maker,78929.0000,0,1.0000,1.0000,2.0000,670,58668
2025-12-15T11:44:28.514+00:00,2025-12-15T11:45:00.764+00:00,short,-1,78889.0000,78879.0000,10.0000,8.0000,0.00012676,0.00010141,ExitCluster,maker,maker,78841.0000,1,1.0000,1.0000,2.0000,136,32250
2025-12-15T11:45:00.809+00:00,2025-12-15T11:45:04.531+00:00,short,-1,78889.0000,78865.0000,24.0000,22.0000,0.00030422,0.00027887,ExitCluster,maker,maker,78841.0000,1,1.0000,1.0000,2.0000,27,3722
2025-12-15T11:45:42.549+00:00,2025-12-15T11:46:11.608+00:00,short,-1,78889.0000,78874.0000,15.0000,13.0000,0.00019014,0.00016479,ExitCluster,maker,maker,78841.0000,1,1.0000,1.0000,2.0000,321,29059
2025-12-15T11:47:06.588+00:00,2025-12-15T11:47:07.588+00:00,short,-1,78907.0000,78899.0000,8.0000,6.0000,0.00010139,0.00007604,ExitCluster,maker,maker,78859.0000,1,1.0000,1.0000,2.0000,155,1000
2025-12-15T11:47:07.626+00:00,2025-12-15T11:47:29.653+00:00,short,-1,78907.0000,78916.0000,-9.0000,-11.0000,-0.00011406,-0.00013940,ExitAdverse,maker,maker,78859.0000,0,1.0000,1.0000,2.0000,22,22027
2025-12-15T11:48:32.631+00:00,2025-12-15T11:48:49.499+00:00,short,-1,78929.0000,78921.0000,8.0000,6.0000,0.00010136,0.00007602,ExitCluster,maker,maker,78881.0000,1,1.0000,1.0000,2.0000,82,16868
2025-12-15T11:48:49.638+00:00,2025-12-15T11:49:02.165+00:00,short,-1,78929.0000,78977.0000,-48.0000,-50.0000,-0.00060814,-0.00063348,ExitAdverse,maker,maker,78881.0000,0,1.0000,1.0000,2.0000,99,12527
2025-12-15T11:49:02.307+00:00,2025-12-15T11:49:02.881+00:00,long,1,78973.0000,78982.0000,9.0000,7.0000,0.00011396,0.00008864,ExitCluster,maker,maker,79021.0000,1,1.0000,1.0000,2.0000,132,574
2025-12-15T11:49:03.025+00:00,2025-12-15T11:49:08.647+00:00,long,1,78973.0000,78963.0000,-10.0000,-12.0000,-0.00012663,-0.00015195,ExitAdverse,maker,maker,79021.0000,0,1.0000,1.0000,2.0000,83,5622
2025-12-15T11:50:27.181+00:00,2025-12-15T11:50:34.882+00:00,short,-1,78898.0000,78901.0000,-3.0000,-5.0000,-0.00003802,-0.00006337,ExitAdverse,maker,maker,78850.0000,0,1.0000,1.0000,2.0000,108,7701
2025-12-15T11:52:52.009+00:00,2025-12-15T11:52:58.447+00:00,short,-1,78853.0000,78866.0000,-13.0000,-15.0000,-0.00016486,-0.00019023,ExitAdverse,maker,maker,78805.0000,0,1.0000,1.0000,2.0000,247,6438
2025-12-15T11:54:22.634+00:00,2025-12-15T11:54:34.303+00:00,short,-1,78899.0000,78895.0000,4.0000,2.0000,0.00005070,0.00002535,ExitAdverse,maker,maker,78851.0000,0,1.0000,1.0000,2.0000,562,11669
2025-12-15T11:54:38.796+00:00,2025-12-15T11:55:11.521+00:00,short,-1,78899.0000,78871.0000,28.0000,26.0000,0.00035488,0.00032954,ExitCluster,maker,maker,78851.0000,1,1.0000,1.0000,2.0000,114,32725
2025-12-15T11:55:55.834+00:00,2025-12-15T11:56:06.561+00:00,short,-1,78899.0000,78876.0000,23.0000,21.0000,0.00029151,0.00026616,ExitCluster,maker,maker,78851.0000,1,1.0000,1.0000,2.0000,832,10727
2025-12-15T11:57:50.918+00:00,2025-12-15T11:57:52.573+00:00,long,1,78971.0000,78937.0000,-34.0000,-36.0000,-0.00043054,-0.00045586,ExitAdverse,maker,maker,79019.0000,0,1.0000,1.0000,2.0000,269,1655
2025-12-15T11:57:52.919+00:00,2025-12-15T11:57:57.783+00:00,long,1,78931.0000,78923.0000,-8.0000,-10.0000,-0.00010135,-0.00012669,ExitAdverse,maker,maker,78979.0000,0,1.0000,1.0000,2.0000,270,4864
2025-12-15T11:57:58.468+00:00,2025-12-15T11:58:03.026+00:00,short,-1,78939.0000,78934.0000,5.0000,3.0000,0.00006334,0.00003800,ExitCluster,maker,maker,78891.0000,1,1.0000,1.0000,2.0000,493,4558
2025-12-15T11:58:03.293+00:00,2025-12-15T11:58:24.860+00:00,short,-1,78939.0000,78921.0000,18.0000,16.0000,0.00022802,0.00020269,ExitCluster,maker,maker,78891.0000,1,1.0000,1.0000,2.0000,233,21567
2025-12-15T11:58:25.937+00:00,2025-12-15T11:58:32.597+00:00,short,-1,78935.0000,78921.0000,14.0000,12.0000,0.00017736,0.00015202,ExitCluster,maker,maker,78887.0000,1,1.0000,1.0000,2.0000,319,6660
2025-12-15T11:58:58.696+00:00,2025-12-15T11:59:15.178+00:00,short,-1,78939.0000,78930.0000,9.0000,7.0000,0.00011401,0.00008868,ExitCluster,maker,maker,78891.0000,1,1.0000,1.0000,2.0000,493,16482
2025-12-15T11:59:41.971+00:00,2025-12-15T12:00:03.059+00:00,short,-1,78939.0000,78923.0000,16.0000,14.0000,0.00020269,0.00017735,ExitCluster,maker,maker,78891.0000,1,1.0000,1.0000,2.0000,479,21088
2025-12-15T12:00:22.787+00:00,2025-12-15T12:00:27.786+00:00,short,-1,78939.0000,78931.0000,8.0000,6.0000,0.00010134,0.00007601,ExitCluster,maker,maker,78891.0000,1,1.0000,1.0000,2.0000,447,4999
2025-12-15T12:00:29.930+00:00,2025-12-15T12:00:38.665+00:00,short,-1,78939.0000,78916.0000,23.0000,21.0000,0.00029136,0.00026603,ExitCluster,maker,maker,78891.0000,1,1.0000,1.0000,2.0000,100,8735
2025-12-15T12:00:38.888+00:00,2025-12-15T12:00:44.242+00:00,short,-1,78939.0000,78935.0000,4.0000,2.0000,0.00005067,0.00002534,ExitCluster,maker,maker,78891.0000,1,1.0000,1.0000,2.0000,1,5354
2025-12-15T12:01:00.487+00:00,2025-12-15T12:01:34.746+00:00,short,-1,78939.0000,78961.0000,-22.0000,-24.0000,-0.00027870,-0.00030403,ExitAdverse,maker,maker,78891.0000,0,1.0000,1.0000,2.0000,317,34259
2025-12-15T12:02:20.049+00:00,2025-12-15T12:02:24.051+00:00,long,1,78967.0000,78977.0000,10.0000,8.0000,0.00012664,0.00010131,ExitCluster,maker,maker,79015.0000,1,1.0000,1.0000,2.0000,307,4002
2025-12-15T12:02:25.356+00:00,2025-12-15T12:02:41.058+00:00,long,1,78967.0000,78958.0000,-9.0000,-11.0000,-0.00011397,-0.00013930,ExitAdverse,maker,maker,79015.0000,0,1.0000,1.0000,2.0000,294,15702
2025-12-15T12:02:44.817+00:00,2025-12-15T12:02:47.061+00:00,long,1,78955.0000,78967.0000,12.0000,10.0000,0.00015199,0.00012665,ExitCluster,maker,maker,79003.0000,1,1.0000,1.0000,2.0000,292,2244
2025-12-15T12:02:47.363+00:00,2025-12-15T12:02:50.063+00:00,long,1,78955.0000,78969.0000,14.0000,12.0000,0.00017732,0.00015199,ExitCluster,maker,maker,79003.0000,1,1.0000,1.0000,2.0000,289,2700
2025-12-15T12:03:12.922+00:00,2025-12-15T12:03:13.444+00:00,short,-1,79007.0000,78999.0000,8.0000,6.0000,0.00010126,0.00007594,ExitCluster,maker,maker,78959.0000,1,1.0000,1.0000,2.0000,34,522
2025-12-15T12:03:13.975+00:00,2025-12-15T12:03:18.898+00:00,short,-1,79007.0000,78999.0000,8.0000,6.0000,0.00010126,0.00007594,ExitCluster,maker,maker,78959.0000,1,1.0000,1.0000,2.0000,467,4923
2025-12-15T12:03:20.037+00:00,2025-12-15T12:04:00.227+00:00,short,-1,79007.0000,78975.0000,32.0000,30.0000,0.00040503,0.00037971,ExitCluster,maker,maker,78959.0000,1,1.0000,1.0000,2.0000,523,40190
2025-12-15T12:05:30.355+00:00,2025-12-15T12:05:56.111+00:00,long,1,79015.0000,79029.0000,14.0000,12.0000,0.00017718,0.00015187,ExitCluster,maker,maker,79063.0000,1,1.0000,1.0000,2.0000,74,25756
2025-12-15T12:07:34.189+00:00,2025-12-15T12:08:20.030+00:00,short,-1,79035.0000,79020.0000,15.0000,13.0000,0.00018979,0.00016448,ExitCluster,maker,maker,78987.0000,1,1.0000,1.0000,2.0000,84,45841
2025-12-15T12:08:28.214+00:00,2025-12-15T12:09:35.758+00:00,short,-1,79035.0000,79033.0000,2.0000,0.0000,0.00002531,0.00000000,ExitAdverse,maker,maker,78987.0000,0,1.0000,1.0000,2.0000,497,67544
2025-12-15T12:09:36.243+00:00,2025-12-15T12:09:43.008+00:00,short,-1,79035.0000,79022.0000,13.0000,11.0000,0.00016448,0.00013918,ExitCluster,maker,maker,78987.0000,1,1.0000,1.0000,2.0000,468,6765
2025-12-15T12:09:46.248+00:00,2025-12-15T12:11:06.121+00:00,short,-1,79029.0000,79019.0000,10.0000,8.0000,0.00012654,0.00010123,ExitCluster,maker,maker,78981.0000,1,1.0000,1.0000,2.0000,297,79873
2025-12-15T12:11:59.253+00:00,2025-12-15T12:12:12.437+00:00,short,-1,79027.0000,79014.0000,13.0000,11.0000,0.00016450,0.00013919,ExitCluster,maker,maker,78979.0000,1,1.0000,1.0000,2.0000,171,13184
2025-12-15T12:12:56.250+00:00,2025-12-15T12:13:08.118+00:00,short,-1,79034.0000,79025.0000,9.0000,7.0000,0.00011388,0.00008857,ExitCluster,maker,maker,78986.0000,1,1.0000,1.0000,2.0000,236,11868
2025-12-15T12:13:08.339+00:00,2025-12-15T12:13:26.453+00:00,short,-1,79034.0000,79026.0000,8.0000,6.0000,0.00010122,0.00007592,ExitCluster,maker,maker,78986.0000,1,1.0000,1.0000,2.0000,184,18114
2025-12-15T12:13:27.348+00:00,2025-12-15T12:13:39.448+00:00,short,-1,79035.0000,79029.0000,6.0000,4.0000,0.00007592,0.00005061,ExitCluster,maker,maker,78987.0000,1,1.0000,1.0000,2.0000,241,12100
2025-12-15T12:14:28.375+00:00,2025-12-15T12:14:52.176+00:00,short,-1,79041.0000,79033.0000,8.0000,6.0000,0.00010121,0.00007591,ExitCluster,maker,maker,78993.0000,1,1.0000,1.0000,2.0000,243,23801
2025-12-15T12:15:06.551+00:00,2025-12-15T12:15:10.073+00:00,short,-1,79046.0000,79036.0000,10.0000,8.0000,0.00012651,0.00010121,ExitCluster,maker,maker,78998.0000,1,1.0000,1.0000,2.0000,151,3522
2025-12-15T12:15:10.230+00:00,2025-12-15T12:16:17.104+00:00,short,-1,79046.0000,79042.0000,4.0000,2.0000,0.00005060,0.00002530,ExitCluster,maker,maker,78998.0000,1,1.0000,1.0000,2.0000,149,66874
2025-12-15T12:16:17.425+00:00,2025-12-15T12:17:13.893+00:00,short,-1,79050.0000,79042.0000,8.0000,6.0000,0.00010120,0.00007590,ExitCluster,maker,maker,79002.0000,1,1.0000,1.0000,2.0000,298,56468
2025-12-15T12:17:15.956+00:00,2025-12-15T12:17:25.192+00:00,short,-1,79050.0000,79042.0000,8.0000,6.0000,0.00010120,0.00007590,ExitCluster,maker,maker,79002.0000,1,1.0000,1.0000,2.0000,331,9236
2025-12-15T12:17:26.458+00:00,2025-12-15T12:17:28.231+00:00,short,-1,79050.0000,79042.0000,8.0000,6.0000,0.00010120,0.00007590,ExitCluster,maker,maker,79002.0000,1,1.0000,1.0000,2.0000,94,1773
2025-12-15T12:17:30.419+00:00,2025-12-15T12:17:41.760+00:00,short,-1,79050.0000,79047.0000,3.0000,1.0000,0.00003795,0.00001265,ExitCluster,maker,maker,79002.0000,1,1.0000,1.0000,2.0000,178,11341
2025-12-15T12:17:48.468+00:00,2025-12-15T12:18:13.270+00:00,short,-1,79050.0000,79047.0000,3.0000,1.0000,0.00003795,0.00001265,ExitCluster,maker,maker,79002.0000,1,1.0000,1.0000,2.0000,224,24802
2025-12-15T12:18:13.480+00:00,2025-12-15T12:18:53.087+00:00,short,-1,79059.0000,79056.0000,3.0000,1.0000,0.00003795,0.00001265,ExitCluster,maker,maker,79011.0000,1,1.0000,1.0000,2.0000,59,39607
2025-12-15T12:19:01.226+00:00,2025-12-15T12:19:20.913+00:00,short,-1,79059.0000,79076.0000,-17.0000,-19.0000,-0.00021503,-0.00024033,ExitAdverse,maker,maker,79011.0000,0,1.0000,1.0000,2.0000,83,19687
2025-12-15T12:19:21.131+00:00,2025-12-15T12:19:31.315+00:00,long,1,79072.0000,79083.0000,11.0000,9.0000,0.00013911,0.00011382,ExitCluster,maker,maker,79120.0000,1,1.0000,1.0000,2.0000,159,10184
2025-12-15T12:19:31.408+00:00,2025-12-15T12:19:33.516+00:00,long,1,79072.0000,79090.0000,18.0000,16.0000,0.00022764,0.00020235,ExitCluster,maker,maker,79120.0000,1,1.0000,1.0000,2.0000,69,2108
2025-12-15T12:20:00.091+00:00,2025-12-15T12:20:01.520+00:00,long,1,79047.0000,79052.0000,5.0000,3.0000,0.00006325,0.00003795,ExitCluster,maker,maker,79095.0000,1,1.0000,1.0000,2.0000,14,1429
2025-12-15T12:20:01.744+00:00,2025-12-15T12:20:03.531+00:00,long,1,79047.0000,79063.0000,16.0000,14.0000,0.00020241,0.00017711,ExitCluster,maker,maker,79095.0000,1,1.0000,1.0000,2.0000,178,1787
2025-12-15T12:22:14.599+00:00,2025-12-15T12:22:25.333+00:00,short,-1,79089.0000,79081.0000,8.0000,6.0000,0.00010115,0.00007586,ExitCluster,maker,maker,79041.0000,1,1.0000,1.0000,2.0000,376,10734
2025-12-15T12:22:25.604+00:00,2025-12-15T12:22:37.522+00:00,short,-1,79089.0000,79081.0000,8.0000,6.0000,0.00010115,0.00007586,ExitCluster,maker,maker,79041.0000,1,1.0000,1.0000,2.0000,256,11918
2025-12-15T12:22:38.140+00:00,2025-12-15T12:24:37.616+00:00,short,-1,79089.0000,79072.0000,17.0000,15.0000,0.00021495,0.00018966,ExitCluster,maker,maker,79041.0000,1,1.0000,1.0000,2.0000,288,119476
2025-12-15T12:25:00.621+00:00,2025-12-15T12:25:06.685+00:00,long,1,79061.0000,79069.0000,8.0000,6.0000,0.00010119,0.00007589,ExitCluster,maker,maker,79109.0000,1,1.0000,1.0000,2.0000,84,6064
2025-12-15T12:25:13.229+00:00,2025-12-15T12:25:36.215+00:00,short,-1,79056.0000,79064.0000,-8.0000,-10.0000,-0.00010119,-0.00012649,ExitAdverse,maker,maker,79008.0000,0,1.0000,1.0000,2.0000,516,22986
2025-12-15T12:25:37.701+00:00,2025-12-15T12:25:41.311+00:00,short,-1,79069.0000,79064.0000,5.0000,3.0000,0.00006324,0.00003794,ExitCluster,maker,maker,79021.0000,1,1.0000,1.0000,2.0000,308,3610
2025-12-15T12:27:07.744+00:00,2025-12-15T12:27:22.880+00:00,long,1,79064.0000,79070.0000,6.0000,4.0000,0.00007589,0.00005059,ExitCluster,maker,maker,79112.0000,1,1.0000,1.0000,2.0000,381,15136
2025-12-15T12:27:23.751+00:00,2025-12-15T12:28:04.318+00:00,long,1,79064.0000,79070.0000,6.0000,4.0000,0.00007589,0.00005059,ExitCluster,maker,maker,79112.0000,1,1.0000,1.0000,2.0000,84,40567
2025-12-15T12:28:04.769+00:00,2025-12-15T12:28:53.791+00:00,long,1,79064.0000,79069.0000,5.0000,3.0000,0.00006324,0.00003794,ExitCluster,maker,maker,79112.0000,1,1.0000,1.0000,2.0000,425,49022
2025-12-15T12:28:59.204+00:00,2025-12-15T12:30:12.829+00:00,long,1,79064.0000,79053.0000,-11.0000,-13.0000,-0.00013913,-0.00016442,ExitAdverse,maker,maker,79112.0000,0,1.0000,1.0000,2.0000,410,73625
2025-12-15T12:30:14.830+00:00,2025-12-15T12:30:53.415+00:00,short,-1,79069.0000,79052.0000,17.0000,15.0000,0.00021500,0.00018971,ExitCluster,maker,maker,79021.0000,1,1.0000,1.0000,2.0000,515,38585
2025-12-15T12:32:37.895+00:00,2025-12-15T12:34:27.520+00:00,short,-1,79080.0000,79093.0000,-13.0000,-15.0000,-0.00016439,-0.00018968,ExitAdverse,maker,maker,79032.0000,0,1.0000,1.0000,2.0000,200,109625
2025-12-15T12:34:29.110+00:00,2025-12-15T12:34:40.586+00:00,short,-1,79102.0000,79099.0000,3.0000,1.0000,0.00003793,0.00001264,ExitCluster,maker,maker,79054.0000,1,1.0000,1.0000,2.0000,36,11476
2025-12-15T12:34:46.950+00:00,2025-12-15T12:34:52.544+00:00,short,-1,79108.0000,79116.0000,-8.0000,-10.0000,-0.00010113,-0.00012641,ExitAdverse,maker,maker,79060.0000,0,1.0000,1.0000,2.0000,6,5594
2025-12-15T12:34:52.644+00:00,2025-12-15T12:34:54.082+00:00,short,-1,79126.0000,79117.0000,9.0000,7.0000,0.00011374,0.00008847,ExitCluster,maker,maker,79078.0000,1,1.0000,1.0000,2.0000,174,1438
2025-12-15T12:34:54.179+00:00,2025-12-15T12:34:56.085+00:00,short,-1,79126.0000,79116.0000,10.0000,8.0000,0.00012638,0.00010110,ExitCluster,maker,maker,79078.0000,1,1.0000,1.0000,2.0000,83,1906
2025-12-15T12:34:56.339+00:00,2025-12-15T12:35:00.896+00:00,short,-1,79126.0000,79119.0000,7.0000,5.0000,0.00008847,0.00006319,ExitCluster,maker,maker,79078.0000,1,1.0000,1.0000,2.0000,265,4557
2025-12-15T12:35:00.957+00:00,2025-12-15T12:35:01.589+00:00,short,-1,79126.0000,79106.0000,20.0000,18.0000,0.00025276,0.00022749,ExitCluster,maker,maker,79078.0000,1,1.0000,1.0000,2.0000,38,632
2025-12-15T12:35:03.958+00:00,2025-12-15T12:35:17.966+00:00,long,1,79091.0000,79097.0000,6.0000,4.0000,0.00007586,0.00005057,ExitCluster,maker,maker,79139.0000,1,1.0000,1.0000,2.0000,12,14008
2025-12-15T12:36:07.349+00:00,2025-12-15T12:36:37.064+00:00,short,-1,79126.0000,79115.0000,11.0000,9.0000,0.00013902,0.00011374,ExitCluster,maker,maker,79078.0000,1,1.0000,1.0000,2.0000,264,29715
2025-12-15T12:36:41.503+00:00,2025-12-15T12:37:18.328+00:00,short,-1,79126.0000,79107.0000,19.0000,17.0000,0.00024012,0.00021485,ExitCluster,maker,maker,79078.0000,1,1.0000,1.0000,2.0000,78,36825
2025-12-15T12:37:50.045+00:00,2025-12-15T12:38:39.725+00:00,short,-1,79126.0000,79131.0000,-5.0000,-7.0000,-0.00006319,-0.00008847,ExitAdverse,maker,maker,79078.0000,0,1.0000,1.0000,2.0000,410,49680
2025-12-15T12:39:12.265+00:00,2025-12-15T12:39:54.233+00:00,long,1,79126.0000,79151.0000,25.0000,23.0000,0.00031595,0.00029068,ExitCluster,maker,maker,79174.0000,1,1.0000,1.0000,2.0000,158,41968
2025-12-15T12:40:14.956+00:00,2025-12-15T12:40:18.514+00:00,short,-1,79168.0000,79157.0000,11.0000,9.0000,0.00013895,0.00011368,ExitCluster,maker,maker,79120.0000,1,1.0000,1.0000,2.0000,242,3558
2025-12-15T12:40:20.062+00:00,2025-12-15T12:40:25.021+00:00,short,-1,79165.0000,79150.0000,15.0000,13.0000,0.00018948,0.00016421,ExitCluster,maker,maker,79117.0000,1,1.0000,1.0000,2.0000,173,4959
2025-12-15T12:40:40.129+00:00,2025-12-15T12:40:49.089+00:00,short,-1,79165.0000,79156.0000,9.0000,7.0000,0.00011369,0.00008842,ExitCluster,maker,maker,79117.0000,1,1.0000,1.0000,2.0000,367,8960
2025-12-15T12:40:50.134+00:00,2025-12-15T12:41:14.113+00:00,short,-1,79164.0000,79152.0000,12.0000,10.0000,0.00015158,0.00012632,ExitCluster,maker,maker,79116.0000,1,1.0000,1.0000,2.0000,345,23979
2025-12-15T12:41:26.152+00:00,2025-12-15T12:42:01.002+00:00,long,1,79107.0000,79139.0000,32.0000,30.0000,0.00040452,0.00037923,ExitCluster,maker,maker,79155.0000,1,1.0000,1.0000,2.0000,241,34850
2025-12-15T12:42:05.172+00:00,2025-12-15T12:42:06.172+00:00,long,1,79143.0000,79153.0000,10.0000,8.0000,0.00012635,0.00010108,ExitCluster,maker,maker,79191.0000,1,1.0000,1.0000,2.0000,215,1000
2025-12-15T12:42:06.714+00:00,2025-12-15T12:42:08.173+00:00,long,1,79143.0000,79153.0000,10.0000,8.0000,0.00012635,0.00010108,ExitCluster,maker,maker,79191.0000,1,1.0000,1.0000,2.0000,468,1459
2025-12-15T12:42:17.177+00:00,2025-12-15T12:42:22.464+00:00,short,-1,79146.0000,79133.0000,13.0000,11.0000,0.00016425,0.00013898,ExitCluster,maker,maker,79098.0000,1,1.0000,1.0000,2.0000,465,5287
2025-12-15T12:42:51.192+00:00,2025-12-15T12:43:15.604+00:00,short,-1,79145.0000,79153.0000,-8.0000,-10.0000,-0.00010108,-0.00012635,ExitAdverse,maker,maker,79097.0000,0,1.0000,1.0000,2.0000,123,24412
2025-12-15T12:43:16.203+00:00,2025-12-15T12:43:22.345+00:00,short,-1,79161.0000,79150.0000,11.0000,9.0000,0.00013896,0.00011369,ExitCluster,maker,maker,79113.0000,1,1.0000,1.0000,2.0000,555,6142
2025-12-15T12:43:22.745+00:00,2025-12-15T12:43:33.018+00:00,short,-1,79161.0000,79158.0000,3.0000,1.0000,0.00003790,0.00001263,ExitCluster,maker,maker,79113.0000,1,1.0000,1.0000,2.0000,317,10273
2025-12-15T12:43:33.212+00:00,2025-12-15T12:43:37.214+00:00,long,1,79153.0000,79168.0000,15.0000,13.0000,0.00018951,0.00016424,ExitCluster,maker,maker,79201.0000,1,1.0000,1.0000,2.0000,119,4002
2025-12-15T12:43:42.721+00:00,2025-12-15T12:43:44.218+00:00,long,1,79169.0000,79189.0000,20.0000,18.0000,0.00025262,0.00022736,ExitCluster,maker,maker,79217.0000,1,1.0000,1.0000,2.0000,113,1497
2025-12-15T12:43:44.395+00:00,2025-12-15T12:43:53.574+00:00,short,-1,79193.0000,79190.0000,3.0000,1.0000,0.00003788,0.00001263,ExitCluster,maker,maker,79145.0000,1,1.0000,1.0000,2.0000,140,9179
2025-12-15T12:43:53.913+00:00,2025-12-15T12:43:56.704+00:00,short,-1,79199.0000,79203.0000,-4.0000,-6.0000,-0.00005051,-0.00007576,ExitAdverse,maker,maker,79151.0000,0,1.0000,1.0000,2.0000,250,2791
2025-12-15T12:44:00.227+00:00,2025-12-15T12:44:07.200+00:00,short,-1,79203.0000,79193.0000,10.0000,8.0000,0.00012626,0.00010101,ExitCluster,maker,maker,79155.0000,1,1.0000,1.0000,2.0000,187,6973
2025-12-15T12:44:20.315+00:00,2025-12-15T12:44:27.649+00:00,short,-1,79204.0000,79179.0000,25.0000,23.0000,0.00031564,0.00029039,ExitCluster,maker,maker,79156.0000,1,1.0000,1.0000,2.0000,49,7334
2025-12-15T12:44:29.445+00:00,2025-12-15T12:44:32.662+00:00,short,-1,79182.0000,79172.0000,10.0000,8.0000,0.00012629,0.00010103,ExitCluster,maker,maker,79134.0000,1,1.0000,1.0000,2.0000,88,3217
2025-12-15T12:44:33.361+00:00,2025-12-15T12:44:33.900+00:00,short,-1,79172.0000,79151.0000,21.0000,19.0000,0.00026525,0.00023998,ExitCluster,maker,maker,79124.0000,1,1.0000,1.0000,2.0000,91,539
2025-12-15T12:44:35.260+00:00,2025-12-15T12:44:39.446+00:00,short,-1,79160.0000,79168.0000,-8.0000,-10.0000,-0.00010106,-0.00012633,ExitAdverse,maker,maker,79112.0000,0,1.0000,1.0000,2.0000,131,4186
2025-12-15T12:44:48.267+00:00,2025-12-15T12:45:02.447+00:00,short,-1,79188.0000,79202.0000,-14.0000,-16.0000,-0.00017679,-0.00020205,ExitAdverse,maker,maker,79140.0000,0,1.0000,1.0000,2.0000,275,14180
2025-12-15T12:45:24.374+00:00,2025-12-15T12:45:29.334+00:00,short,-1,79230.0000,79251.0000,-21.0000,-23.0000,-0.00026505,-0.00029029,ExitAdverse,maker,maker,79182.0000,0,1.0000,1.0000,2.0000,46,4960
2025-12-15T12:45:33.460+00:00,2025-12-15T12:45:39.663+00:00,short,-1,79266.0000,79293.0000,-27.0000,-29.0000,-0.00034063,-0.00036586,ExitAdverse,maker,maker,79218.0000,0,1.0000,1.0000,2.0000,157,6203
2025-12-15T12:45:40.185+00:00,2025-12-15T12:45:41.159+00:00,long,1,79291.0000,79310.0000,19.0000,17.0000,0.00023962,0.00021440,ExitCluster,maker,maker,79339.0000,1,1.0000,1.0000,2.0000,34,974
2025-12-15T12:45:41.796+00:00,2025-12-15T12:45:43.115+00:00,long,1,79305.0000,79330.0000,25.0000,23.0000,0.00031524,0.00029002,ExitCluster,maker,maker,79353.0000,1,1.0000,1.0000,2.0000,5,1319
2025-12-15T12:45:46.967+00:00,2025-12-15T12:45:47.346+00:00,short,-1,79349.0000,79348.0000,1.0000,-1.0000,0.00001260,-0.00001260,ExitAdverse,maker,maker,79301.0000,0,1.0000,1.0000,2.0000,13,379
2025-12-15T12:45:47.625+00:00,2025-12-15T12:45:48.040+00:00,short,-1,79376.0000,79368.0000,8.0000,6.0000,0.00010079,0.00007559,ExitAdverse,maker,maker,79328.0000,0,1.0000,1.0000,2.0000,25,415
2025-12-15T12:45:48.287+00:00,2025-12-15T12:45:49.517+00:00,long,1,79353.0000,79363.0000,10.0000,8.0000,0.00012602,0.00010082,ExitCluster,maker,maker,79401.0000,1,1.0000,1.0000,2.0000,56,1230
2025-12-15T12:45:49.533+00:00,2025-12-15T12:45:50.274+00:00,long,1,79353.0000,79373.0000,20.0000,18.0000,0.00025204,0.00022683,ExitCluster,maker,maker,79401.0000,1,1.0000,1.0000,2.0000,1,741
2025-12-15T12:45:50.355+00:00,2025-12-15T12:45:50.804+00:00,short,-1,79391.0000,79371.0000,20.0000,18.0000,0.00025192,0.00022673,ExitCluster,maker,maker,79343.0000,1,1.0000,1.0000,2.0000,14,449
2025-12-15T12:45:54.681+00:00,2025-12-15T12:45:56.248+00:00,long,1,79369.0000,79385.0000,16.0000,14.0000,0.00020159,0.00017639,ExitCluster,maker,maker,79417.0000,1,1.0000,1.0000,2.0000,103,1567
2025-12-15T12:45:57.402+00:00,2025-12-15T12:45:57.830+00:00,short,-1,79396.0000,79379.0000,17.0000,15.0000,0.00021412,0.00018893,ExitCluster,maker,maker,79348.0000,1,1.0000,1.0000,2.0000,79,428
2025-12-15T12:45:58.205+00:00,2025-12-15T12:45:59.537+00:00,long,1,79369.0000,79388.0000,19.0000,17.0000,0.00023939,0.00021419,ExitCluster,maker,maker,79417.0000,1,1.0000,1.0000,2.0000,2,1332
2025-12-15T12:46:01.371+00:00,2025-12-15T12:46:02.265+00:00,long,1,79369.0000,79389.0000,20.0000,18.0000,0.00025199,0.00022679,ExitCluster,maker,maker,79417.0000,1,1.0000,1.0000,2.0000,19,894
2025-12-15T12:46:02.568+00:00,2025-12-15T12:46:02.712+00:00,short,-1,79399.0000,79386.0000,13.0000,11.0000,0.00016373,0.00013854,ExitAdverse,maker,maker,79351.0000,0,1.0000,1.0000,2.0000,163,144
2025-12-15T12:46:03.040+00:00,2025-12-15T12:46:07.030+00:00,short,-1,79399.0000,79409.0000,-10.0000,-12.0000,-0.00012595,-0.00015114,ExitAdverse,maker,maker,79351.0000,0,1.0000,1.0000,2.0000,42,3990
2025-12-15T12:46:09.576+00:00,2025-12-15T12:46:11.124+00:00,long,1,79411.0000,79420.0000,9.0000,7.0000,0.00011333,0.00008815,ExitCluster,maker,maker,79459.0000,1,1.0000,1.0000,2.0000,9,1548
2025-12-15T12:46:11.124+00:00,2025-12-15T12:46:12.757+00:00,long,1,79411.0000,79419.0000,8.0000,6.0000,0.00010074,0.00007556,ExitCluster,maker,maker,79459.0000,1,1.0000,1.0000,2.0000,19,1633
2025-12-15T12:46:12.770+00:00,2025-12-15T12:46:15.145+00:00,short,-1,79442.0000,79414.0000,28.0000,26.0000,0.00035246,0.00032728,ExitCluster,maker,maker,79394.0000,1,1.0000,1.0000,2.0000,1,2375
2025-12-15T12:46:16.585+00:00,2025-12-15T12:46:17.473+00:00,short,-1,79428.0000,79418.0000,10.0000,8.0000,0.00012590,0.00010072,ExitCluster,maker,maker,79380.0000,1,1.0000,1.0000,2.0000,60,888
2025-12-15T12:46:18.044+00:00,2025-12-15T12:46:26.777+00:00,short,-1,79441.0000,79489.0000,-48.0000,-50.0000,-0.00060422,-0.00062940,ExitAdverse,maker,maker,79393.0000,0,1.0000,1.0000,2.0000,1,8733
2025-12-15T12:46:27.066+00:00,2025-12-15T12:46:29.239+00:00,short,-1,79505.0000,79489.0000,16.0000,14.0000,0.00020125,0.00017609,ExitCluster,maker,maker,79457.0000,1,1.0000,1.0000,2.0000,0,2173
2025-12-15T12:46:29.475+00:00,2025-12-15T12:46:33.142+00:00,short,-1,79505.0000,79499.0000,6.0000,4.0000,0.00007547,0.00005031,ExitCluster,maker,maker,79457.0000,1,1.0000,1.0000,2.0000,21,3667
2025-12-15T12:46:33.325+00:00,2025-12-15T12:46:34.361+00:00,short,-1,79505.0000,79484.0000,21.0000,19.0000,0.00026413,0.00023898,ExitCluster,maker,maker,79457.0000,1,1.0000,1.0000,2.0000,129,1036
2025-12-15T12:46:36.371+00:00,2025-12-15T12:46:38.312+00:00,long,1,79448.0000,79434.0000,-14.0000,-16.0000,-0.00017622,-0.00020139,ExitAdverse,maker,maker,79496.0000,0,1.0000,1.0000,2.0000,9,1941
2025-12-15T12:47:17.349+00:00,2025-12-15T12:47:21.397+00:00,short,-1,79539.0000,79542.0000,-3.0000,-5.0000,-0.00003772,-0.00006286,ExitAdverse,maker,maker,79491.0000,0,1.0000,1.0000,2.0000,160,4048
2025-12-15T12:47:28.780+00:00,2025-12-15T12:47:29.278+00:00,long,1,79487.0000,79508.0000,21.0000,19.0000,0.00026419,0.00023903,ExitCluster,maker,maker,79535.0000,1,1.0000,1.0000,2.0000,33,498
2025-12-15T12:48:15.694+00:00,2025-12-15T12:48:23.272+00:00,long,1,79379.0000,79403.0000,24.0000,22.0000,0.00030235,0.00027715,ExitCluster,maker,maker,79427.0000,1,1.0000,1.0000,2.0000,288,7578
2025-12-15T12:49:09.942+00:00,2025-12-15T12:49:11.437+00:00,short,-1,79452.0000,79435.0000,17.0000,15.0000,0.00021397,0.00018879,ExitCluster,maker,maker,79404.0000,1,1.0000,1.0000,2.0000,347,1495
2025-12-15T12:49:13.075+00:00,2025-12-15T12:49:14.001+00:00,short,-1,79454.0000,79448.0000,6.0000,4.0000,0.00007552,0.00005034,ExitCluster,maker,maker,79406.0000,1,1.0000,1.0000,2.0000,161,926
2025-12-15T12:49:51.048+00:00,2025-12-15T12:49:51.864+00:00,long,1,79449.0000,79461.0000,12.0000,10.0000,0.00015104,0.00012587,ExitCluster,maker,maker,79497.0000,1,1.0000,1.0000,2.0000,12,816
2025-12-15T12:49:54.623+00:00,2025-12-15T12:49:56.966+00:00,long,1,79449.0000,79438.0000,-11.0000,-13.0000,-0.00013845,-0.00016363,ExitAdverse,maker,maker,79497.0000,0,1.0000,1.0000,2.0000,0,2343
2025-12-15T12:50:05.376+00:00,2025-12-15T12:50:06.477+00:00,long,1,79478.0000,79500.0000,22.0000,20.0000,0.00027681,0.00025164,ExitCluster,maker,maker,79526.0000,1,1.0000,1.0000,2.0000,286,1101
2025-12-15T12:50:07.399+00:00,2025-12-15T12:50:08.198+00:00,long,1,79498.0000,79505.0000,7.0000,5.0000,0.00008805,0.00006289,ExitCluster,maker,maker,79546.0000,1,1.0000,1.0000,2.0000,303,799
2025-12-15T12:50:08.277+00:00,2025-12-15T12:50:19.448+00:00,long,1,79498.0000,79512.0000,14.0000,12.0000,0.00017611,0.00015095,ExitCluster,maker,maker,79546.0000,1,1.0000,1.0000,2.0000,60,11171
2025-12-15T12:50:25.612+00:00,2025-12-15T12:50:27.103+00:00,short,-1,79524.0000,79509.0000,15.0000,13.0000,0.00018862,0.00016347,ExitCluster,maker,maker,79476.0000,1,1.0000,1.0000,2.0000,148,1491
2025-12-15T12:50:28.662+00:00,2025-12-15T12:50:31.823+00:00,short,-1,79524.0000,79523.0000,1.0000,-1.0000,0.00001257,-0.00001257,ExitAdverse,maker,maker,79476.0000,0,1.0000,1.0000,2.0000,195,3161
2025-12-15T12:50:37.308+00:00,2025-12-15T12:50:41.009+00:00,short,-1,79526.0000,79523.0000,3.0000,1.0000,0.00003772,0.00001257,ExitCluster,maker,maker,79478.0000,1,1.0000,1.0000,2.0000,76,3701
2025-12-15T12:50:41.458+00:00,2025-12-15T12:50:53.057+00:00,short,-1,79526.0000,79518.0000,8.0000,6.0000,0.00010060,0.00007545,ExitCluster,maker,maker,79478.0000,1,1.0000,1.0000,2.0000,410,11599
2025-12-15T12:51:08.665+00:00,2025-12-15T12:51:14.020+00:00,long,1,79487.0000,79492.0000,5.0000,3.0000,0.00006290,0.00003774,ExitCluster,maker,maker,79535.0000,1,1.0000,1.0000,2.0000,179,5355
2025-12-15T12:51:53.954+00:00,2025-12-15T12:51:58.643+00:00,short,-1,79491.0000,79481.0000,10.0000,8.0000,0.00012580,0.00010064,ExitCluster,maker,maker,79443.0000,1,1.0000,1.0000,2.0000,391,4689
2025-12-15T12:51:59.065+00:00,2025-12-15T12:52:04.677+00:00,short,-1,79495.0000,79492.0000,3.0000,1.0000,0.00003774,0.00001258,ExitCluster,maker,maker,79447.0000,1,1.0000,1.0000,2.0000,413,5612
2025-12-15T12:52:04.959+00:00,2025-12-15T12:52:07.791+00:00,short,-1,79499.0000,79492.0000,7.0000,5.0000,0.00008805,0.00006289,ExitCluster,maker,maker,79451.0000,1,1.0000,1.0000,2.0000,109,2832
2025-12-15T12:52:07.899+00:00,2025-12-15T12:52:16.901+00:00,short,-1,79495.0000,79488.0000,7.0000,5.0000,0.00008806,0.00006290,ExitCluster,maker,maker,79447.0000,1,1.0000,1.0000,2.0000,60,9002
2025-12-15T12:52:20.405+00:00,2025-12-15T12:52:21.544+00:00,long,1,79485.0000,79495.0000,10.0000,8.0000,0.00012581,0.00010065,ExitCluster,maker,maker,79533.0000,1,1.0000,1.0000,2.0000,322,1139
2025-12-15T12:52:21.833+00:00,2025-12-15T12:52:46.565+00:00,long,1,79485.0000,79499.0000,14.0000,12.0000,0.00017613,0.00015097,ExitCluster,maker,maker,79533.0000,1,1.0000,1.0000,2.0000,256,24732
2025-12-15T12:52:50.519+00:00,2025-12-15T12:52:59.301+00:00,long,1,79493.0000,79509.0000,16.0000,14.0000,0.00020128,0.00017612,ExitCluster,maker,maker,79541.0000,1,1.0000,1.0000,2.0000,145,8782
2025-12-15T12:53:04.057+00:00,2025-12-15T12:53:06.092+00:00,long,1,79512.0000,79507.0000,-5.0000,-7.0000,-0.00006288,-0.00008804,ExitAdverse,maker,maker,79560.0000,0,1.0000,1.0000,2.0000,149,2035
2025-12-15T12:53:06.376+00:00,2025-12-15T12:53:06.961+00:00,long,1,79501.0000,79511.0000,10.0000,8.0000,0.00012578,0.00010063,ExitCluster,maker,maker,79549.0000,1,1.0000,1.0000,2.0000,64,585
2025-12-15T12:53:26.539+00:00,2025-12-15T12:53:30.222+00:00,short,-1,79519.0000,79511.0000,8.0000,6.0000,0.00010060,0.00007545,ExitCluster,maker,maker,79471.0000,1,1.0000,1.0000,2.0000,453,3683
2025-12-15T12:53:31.505+00:00,2025-12-15T12:53:41.582+00:00,short,-1,79519.0000,79501.0000,18.0000,16.0000,0.00022636,0.00020121,ExitCluster,maker,maker,79471.0000,1,1.0000,1.0000,2.0000,320,10077
2025-12-15T12:53:41.754+00:00,2025-12-15T12:53:43.020+00:00,long,1,79493.0000,79476.0000,-17.0000,-19.0000,-0.00021386,-0.00023901,ExitAdverse,maker,maker,79541.0000,0,1.0000,1.0000,2.0000,124,1266
2025-12-15T12:53:54.854+00:00,2025-12-15T12:53:59.829+00:00,short,-1,79513.0000,79493.0000,20.0000,18.0000,0.00025153,0.00022638,ExitCluster,maker,maker,79465.0000,1,1.0000,1.0000,2.0000,164,4975
2025-12-15T12:54:04.198+00:00,2025-12-15T12:54:21.705+00:00,long,1,79492.0000,79524.0000,32.0000,30.0000,0.00040256,0.00037740,ExitCluster,maker,maker,79540.0000,1,1.0000,1.0000,2.0000,566,17507
2025-12-15T12:54:22.565+00:00,2025-12-15T12:54:27.827+00:00,short,-1,79549.0000,79552.0000,-3.0000,-5.0000,-0.00003771,-0.00006285,ExitAdverse,maker,maker,79501.0000,0,1.0000,1.0000,2.0000,171,5262
2025-12-15T12:54:27.985+00:00,2025-12-15T12:54:29.052+00:00,short,-1,79558.0000,79551.0000,7.0000,5.0000,0.00008799,0.00006285,ExitCluster,maker,maker,79510.0000,1,1.0000,1.0000,2.0000,29,1067
2025-12-15T12:54:29.505+00:00,2025-12-15T12:54:29.952+00:00,short,-1,79559.0000,79548.0000,11.0000,9.0000,0.00013826,0.00011312,ExitCluster,maker,maker,79511.0000,1,1.0000,1.0000,2.0000,276,447
2025-12-15T12:54:31.496+00:00,2025-12-15T12:54:42.791+00:00,short,-1,79559.0000,79551.0000,8.0000,6.0000,0.00010055,0.00007542,ExitCluster,maker,maker,79511.0000,1,1.0000,1.0000,2.0000,116,11295
2025-12-15T12:54:50.176+00:00,2025-12-15T12:54:52.570+00:00,short,-1,79556.0000,79553.0000,3.0000,1.0000,0.00003771,0.00001257,ExitCluster,maker,maker,79508.0000,1,1.0000,1.0000,2.0000,69,2394
2025-12-15T12:54:54.498+00:00,2025-12-15T12:54:59.095+00:00,short,-1,79559.0000,79537.0000,22.0000,20.0000,0.00027652,0.00025139,ExitCluster,maker,maker,79511.0000,1,1.0000,1.0000,2.0000,6,4597
2025-12-15T12:54:59.465+00:00,2025-12-15T12:55:01.970+00:00,short,-1,79548.0000,79553.0000,-5.0000,-7.0000,-0.00006286,-0.00008800,ExitAdverse,maker,maker,79500.0000,0,1.0000,1.0000,2.0000,234,2505
2025-12-15T12:55:02.019+00:00,2025-12-15T12:55:05.118+00:00,short,-1,79565.0000,79506.0000,59.0000,57.0000,0.00074153,0.00071640,ExitCluster,maker,maker,79517.0000,1,1.0000,1.0000,2.0000,8,3099
2025-12-15T12:55:05.247+00:00,2025-12-15T12:55:08.591+00:00,long,1,79501.0000,79485.0000,-16.0000,-18.0000,-0.00020126,-0.00022641,ExitAdverse,maker,maker,79549.0000,0,1.0000,1.0000,2.0000,47,3344
2025-12-15T12:55:08.863+00:00,2025-12-15T12:55:14.071+00:00,long,1,79479.0000,79504.0000,25.0000,23.0000,0.00031455,0.00028938,ExitCluster,maker,maker,79527.0000,1,1.0000,1.0000,2.0000,222,5208
2025-12-15T12:55:16.039+00:00,2025-12-15T12:55:19.150+00:00,short,-1,79509.0000,79500.0000,9.0000,7.0000,0.00011319,0.00008804,ExitCluster,maker,maker,79461.0000,1,1.0000,1.0000,2.0000,43,3111
2025-12-15T12:55:25+00:00,2025-12-15T12:55:28.599+00:00,long,1,79479.0000,79497.0000,18.0000,16.0000,0.00022647,0.00020131,ExitCluster,maker,maker,79527.0000,1,1.0000,1.0000,2.0000,213,3599
2025-12-15T12:55:37.353+00:00,2025-12-15T12:55:41.838+00:00,short,-1,79507.0000,79494.0000,13.0000,11.0000,0.00016351,0.00013835,ExitCluster,maker,maker,79459.0000,1,1.0000,1.0000,2.0000,26,4485
2025-12-15T12:55:43.614+00:00,2025-12-15T12:55:44.139+00:00,short,-1,79507.0000,79486.0000,21.0000,19.0000,0.00026413,0.00023897,ExitCluster,maker,maker,79459.0000,1,1.0000,1.0000,2.0000,47,525
2025-12-15T12:55:45.057+00:00,2025-12-15T12:56:03.247+00:00,short,-1,79507.0000,79515.0000,-8.0000,-10.0000,-0.00010062,-0.00012578,ExitAdverse,maker,maker,79459.0000,0,1.0000,1.0000,2.0000,39,18190
2025-12-15T12:56:03.624+00:00,2025-12-15T12:56:11.568+00:00,short,-1,79519.0000,79525.0000,-6.0000,-8.0000,-0.00007545,-0.00010060,ExitAdverse,maker,maker,79471.0000,0,1.0000,1.0000,2.0000,361,7944
2025-12-15T12:56:39.640+00:00,2025-12-15T12:56:50.640+00:00,short,-1,79518.0000,79510.0000,8.0000,6.0000,0.00010061,0.00007545,ExitCluster,maker,maker,79470.0000,1,1.0000,1.0000,2.0000,524,11000
2025-12-15T12:56:51.088+00:00,2025-12-15T12:56:57.065+00:00,short,-1,79514.0000,79501.0000,13.0000,11.0000,0.00016349,0.00013834,ExitCluster,maker,maker,79466.0000,1,1.0000,1.0000,2.0000,342,5977
2025-12-15T12:57:04.301+00:00,2025-12-15T12:57:07.656+00:00,long,1,79441.0000,79451.0000,10.0000,8.0000,0.00012588,0.00010070,ExitCluster,maker,maker,79489.0000,1,1.0000,1.0000,2.0000,382,3355
2025-12-15T12:57:35.955+00:00,2025-12-15T12:57:36.735+00:00,long,1,79384.0000,79413.0000,29.0000,27.0000,0.00036531,0.00034012,ExitCluster,maker,maker,79432.0000,1,1.0000,1.0000,2.0000,72,780
2025-12-15T12:58:11.688+00:00,2025-12-15T12:58:14.324+00:00,short,-1,79487.0000,79482.0000,5.0000,3.0000,0.00006290,0.00003774,ExitCluster,maker,maker,79439.0000,1,1.0000,1.0000,2.0000,19,2636
2025-12-15T12:58:24.694+00:00,2025-12-15T12:58:31.491+00:00,short,-1,79489.0000,79477.0000,12.0000,10.0000,0.00015096,0.00012580,ExitCluster,maker,maker,79441.0000,1,1.0000,1.0000,2.0000,205,6797
2025-12-15T12:58:32.037+00:00,2025-12-15T12:58:38.921+00:00,short,-1,79489.0000,79481.0000,8.0000,6.0000,0.00010064,0.00007548,ExitCluster,maker,maker,79441.0000,1,1.0000,1.0000,2.0000,134,6884
2025-12-15T12:58:39.701+00:00,2025-12-15T12:59:05.940+00:00,short,-1,79489.0000,79494.0000,-5.0000,-7.0000,-0.00006290,-0.00008806,ExitAdverse,maker,maker,79441.0000,0,1.0000,1.0000,2.0000,614,26239
2025-12-15T12:59:14.304+00:00,2025-12-15T12:59:17.755+00:00,long,1,79492.0000,79498.0000,6.0000,4.0000,0.00007548,0.00005032,ExitCluster,maker,maker,79540.0000,1,1.0000,1.0000,2.0000,562,3451
2025-12-15T12:59:20.720+00:00,2025-12-15T12:59:24.722+00:00,long,1,79492.0000,79504.0000,12.0000,10.0000,0.00015096,0.00012580,ExitCluster,maker,maker,79540.0000,1,1.0000,1.0000,2.0000,122,4002
2025-12-15T12:59:24.851+00:00,2025-12-15T13:00:00.872+00:00,long,1,79492.0000,79501.0000,9.0000,7.0000,0.00011322,0.00008806,ExitCluster,maker,maker,79540.0000,1,1.0000,1.0000,2.0000,52,36021
2025-12-15T13:00:00.927+00:00,2025-12-15T13:00:04.576+00:00,long,1,79492.0000,79515.0000,23.0000,21.0000,0.00028934,0.00026418,ExitCluster,maker,maker,79540.0000,1,1.0000,1.0000,2.0000,2,3649
2025-12-15T13:00:07.484+00:00,2025-12-15T13:00:16.341+00:00,short,-1,79549.0000,79545.0000,4.0000,2.0000,0.00005028,0.00002514,ExitCluster,maker,maker,79501.0000,1,1.0000,1.0000,2.0000,109,8857
2025-12-15T13:00:20.054+00:00,2025-12-15T13:00:24.332+00:00,short,-1,79554.0000,79545.0000,9.0000,7.0000,0.00011313,0.00008799,ExitCluster,maker,maker,79506.0000,1,1.0000,1.0000,2.0000,237,4278
2025-12-15T13:00:24.991+00:00,2025-12-15T13:00:35.514+00:00,short,-1,79548.0000,79553.0000,-5.0000,-7.0000,-0.00006286,-0.00008800,ExitAdverse,maker,maker,79500.0000,0,1.0000,1.0000,2.0000,36,10523
2025-12-15T13:00:36.511+00:00,2025-12-15T13:00:58.440+00:00,short,-1,79557.0000,79568.0000,-11.0000,-13.0000,-0.00013827,-0.00016340,ExitAdverse,maker,maker,79509.0000,0,1.0000,1.0000,2.0000,467,21929
2025-12-15T13:01:34.780+00:00,2025-12-15T13:01:49.587+00:00,short,-1,79599.0000,79605.0000,-6.0000,-8.0000,-0.00007538,-0.00010050,ExitAdverse,maker,maker,79551.0000,0,1.0000,1.0000,2.0000,84,14807
2025-12-15T13:01:49.796+00:00,2025-12-15T13:01:54.799+00:00,long,1,79599.0000,79609.0000,10.0000,8.0000,0.00012563,0.00010050,ExitCluster,maker,maker,79647.0000,1,1.0000,1.0000,2.0000,27,5003
2025-12-15T13:01:55.800+00:00,2025-12-15T13:02:37.063+00:00,short,-1,79619.0000,79633.0000,-14.0000,-16.0000,-0.00017584,-0.00020096,ExitAdverse,maker,maker,79571.0000,0,1.0000,1.0000,2.0000,511,41263
2025-12-15T13:02:48.767+00:00,2025-12-15T13:02:49.827+00:00,short,-1,79643.0000,79632.0000,11.0000,9.0000,0.00013812,0.00011300,ExitCluster,maker,maker,79595.0000,1,1.0000,1.0000,2.0000,207,1060
2025-12-15T13:02:50.657+00:00,2025-12-15T13:02:51.113+00:00,short,-1,79643.0000,79631.0000,12.0000,10.0000,0.00015067,0.00012556,ExitCluster,maker,maker,79595.0000,1,1.0000,1.0000,2.0000,30,456
2025-12-15T13:02:51.195+00:00,2025-12-15T13:02:51.651+00:00,short,-1,79643.0000,79624.0000,19.0000,17.0000,0.00023856,0.00021345,ExitCluster,maker,maker,79595.0000,1,1.0000,1.0000,2.0000,75,456
2025-12-15T13:03:02.832+00:00,2025-12-15T13:03:14.839+00:00,long,1,79617.0000,79638.0000,21.0000,19.0000,0.00026376,0.00023864,ExitCluster,maker,maker,79665.0000,1,1.0000,1.0000,2.0000,192,12007
2025-12-15T13:03:16.330+00:00,2025-12-15T13:03:22.028+00:00,short,-1,79649.0000,79625.0000,24.0000,22.0000,0.00030132,0.00027621,ExitCluster,maker,maker,79601.0000,1,1.0000,1.0000,2.0000,150,5698
2025-12-15T13:03:38.564+00:00,2025-12-15T13:03:43.455+00:00,short,-1,79643.0000,79626.0000,17.0000,15.0000,0.00021345,0.00018834,ExitCluster,maker,maker,79595.0000,1,1.0000,1.0000,2.0000,240,4891
2025-12-15T13:03:43.663+00:00,2025-12-15T13:03:45.551+00:00,short,-1,79635.0000,79621.0000,14.0000,12.0000,0.00017580,0.00015069,ExitCluster,maker,maker,79587.0000,1,1.0000,1.0000,2.0000,2,1888
2025-12-15T13:03:45.716+00:00,2025-12-15T13:03:47.799+00:00,short,-1,79630.0000,79612.0000,18.0000,16.0000,0.00022605,0.00020093,ExitCluster,maker,maker,79582.0000,1,1.0000,1.0000,2.0000,132,2083
2025-12-15T13:03:51.534+00:00,2025-12-15T13:03:55.488+00:00,long,1,79577.0000,79572.0000,-5.0000,-7.0000,-0.00006283,-0.00008797,ExitAdverse,maker,maker,79625.0000,0,1.0000,1.0000,2.0000,76,3954
2025-12-15T13:04:10.597+00:00,2025-12-15T13:04:22.539+00:00,long,1,79579.0000,79585.0000,6.0000,4.0000,0.00007540,0.00005026,ExitCluster,maker,maker,79627.0000,1,1.0000,1.0000,2.0000,712,11942
2025-12-15T13:04:55.889+00:00,2025-12-15T13:05:03.715+00:00,short,-1,79580.0000,79589.0000,-9.0000,-11.0000,-0.00011309,-0.00013823,ExitAdverse,maker,maker,79532.0000,0,1.0000,1.0000,2.0000,265,7826
2025-12-15T13:05:15.183+00:00,2025-12-15T13:05:20.515+00:00,short,-1,79635.0000,79628.0000,7.0000,5.0000,0.00008790,0.00006279,ExitCluster,maker,maker,79587.0000,1,1.0000,1.0000,2.0000,265,5332
2025-12-15T13:05:25.103+00:00,2025-12-15T13:06:20.732+00:00,short,-1,79635.0000,79607.0000,28.0000,26.0000,0.00035160,0.00032649,ExitCluster,maker,maker,79587.0000,1,1.0000,1.0000,2.0000,27,55629
2025-12-15T13:07:38.236+00:00,2025-12-15T13:07:48.361+00:00,short,-1,79568.0000,79557.0000,11.0000,9.0000,0.00013825,0.00011311,ExitCluster,maker,maker,79520.0000,1,1.0000,1.0000,2.0000,57,10125
2025-12-15T13:07:48.970+00:00,2025-12-15T13:08:11.257+00:00,short,-1,79569.0000,79561.0000,8.0000,6.0000,0.00010054,0.00007541,ExitCluster,maker,maker,79521.0000,1,1.0000,1.0000,2.0000,403,22287
2025-12-15T13:08:11.982+00:00,2025-12-15T13:08:13.429+00:00,short,-1,79569.0000,79553.0000,16.0000,14.0000,0.00020108,0.00017595,ExitCluster,maker,maker,79521.0000,1,1.0000,1.0000,2.0000,568,1447
2025-12-15T13:08:13.983+00:00,2025-12-15T13:08:15.132+00:00,short,-1,79568.0000,79559.0000,9.0000,7.0000,0.00011311,0.00008798,ExitCluster,maker,maker,79520.0000,1,1.0000,1.0000,2.0000,529,1149
2025-12-15T13:08:46.904+00:00,2025-12-15T13:08:53.627+00:00,long,1,79480.0000,79495.0000,15.0000,13.0000,0.00018873,0.00016356,ExitCluster,maker,maker,79528.0000,1,1.0000,1.0000,2.0000,207,6723
2025-12-15T13:08:53.844+00:00,2025-12-15T13:08:56.004+00:00,long,1,79480.0000,79491.0000,11.0000,9.0000,0.00013840,0.00011324,ExitCluster,maker,maker,79528.0000,1,1.0000,1.0000,2.0000,156,2160
2025-12-15T13:08:56.065+00:00,2025-12-15T13:08:59.005+00:00,long,1,79480.0000,79491.0000,11.0000,9.0000,0.00013840,0.00011324,ExitCluster,maker,maker,79528.0000,1,1.0000,1.0000,2.0000,37,2940
2025-12-15T13:09:00.006+00:00,2025-12-15T13:09:02.007+00:00,long,1,79480.0000,79487.0000,7.0000,5.0000,0.00008807,0.00006291,ExitCluster,maker,maker,79528.0000,1,1.0000,1.0000,2.0000,321,2001
2025-12-15T13:09:02.956+00:00,2025-12-15T13:09:04.471+00:00,short,-1,79495.0000,79480.0000,15.0000,13.0000,0.00018869,0.00016353,ExitCluster,maker,maker,79447.0000,1,1.0000,1.0000,2.0000,570,1515
2025-12-15T13:09:04.529+00:00,2025-12-15T13:09:19.764+00:00,short,-1,79495.0000,79485.0000,10.0000,8.0000,0.00012579,0.00010064,ExitCluster,maker,maker,79447.0000,1,1.0000,1.0000,2.0000,11,15235
2025-12-15T13:09:20.016+00:00,2025-12-15T13:09:21.096+00:00,short,-1,79494.0000,79480.0000,14.0000,12.0000,0.00017611,0.00015095,ExitCluster,maker,maker,79446.0000,1,1.0000,1.0000,2.0000,194,1080
2025-12-15T13:09:22.017+00:00,2025-12-15T13:09:23.118+00:00,short,-1,79494.0000,79480.0000,14.0000,12.0000,0.00017611,0.00015095,ExitCluster,maker,maker,79446.0000,1,1.0000,1.0000,2.0000,31,1101
2025-12-15T13:09:23.412+00:00,2025-12-15T13:09:25.533+00:00,short,-1,79494.0000,79479.0000,15.0000,13.0000,0.00018869,0.00016353,ExitCluster,maker,maker,79446.0000,1,1.0000,1.0000,2.0000,285,2121
2025-12-15T13:09:26.468+00:00,2025-12-15T13:09:45.070+00:00,short,-1,79493.0000,79478.0000,15.0000,13.0000,0.00018870,0.00016354,ExitCluster,maker,maker,79445.0000,1,1.0000,1.0000,2.0000,222,18602
2025-12-15T13:09:53.875+00:00,2025-12-15T13:09:55.916+00:00,short,-1,79494.0000,79487.0000,7.0000,5.0000,0.00008806,0.00006290,ExitCluster,maker,maker,79446.0000,1,1.0000,1.0000,2.0000,504,2041
2025-12-15T13:09:56.033+00:00,2025-12-15T13:10:25.436+00:00,short,-1,79494.0000,79461.0000,33.0000,31.0000,0.00041513,0.00038997,ExitCluster,maker,maker,79446.0000,1,1.0000,1.0000,2.0000,72,29403
2025-12-15T13:10:25.593+00:00,2025-12-15T13:10:35.765+00:00,short,-1,79475.0000,79457.0000,18.0000,16.0000,0.00022649,0.00020132,ExitCluster,maker,maker,79427.0000,1,1.0000,1.0000,2.0000,124,10172
2025-12-15T13:10:36.008+00:00,2025-12-15T13:10:44.391+00:00,long,1,79451.0000,79464.0000,13.0000,11.0000,0.00016362,0.00013845,ExitCluster,maker,maker,79499.0000,1,1.0000,1.0000,2.0000,231,8383
2025-12-15T13:10:45.055+00:00,2025-12-15T13:10:49.848+00:00,long,1,79449.0000,79464.0000,15.0000,13.0000,0.00018880,0.00016363,ExitCluster,maker,maker,79497.0000,1,1.0000,1.0000,2.0000,564,4793
2025-12-15T13:10:51.057+00:00,2025-12-15T13:10:55.102+00:00,long,1,79449.0000,79421.0000,-28.0000,-30.0000,-0.00035243,-0.00037760,ExitAdverse,maker,maker,79497.0000,0,1.0000,1.0000,2.0000,32,4045
2025-12-15T13:11:08.847+00:00,2025-12-15T13:11:18.731+00:00,short,-1,79457.0000,79432.0000,25.0000,23.0000,0.00031464,0.00028946,ExitCluster,maker,maker,79409.0000,1,1.0000,1.0000,2.0000,450,9884
2025-12-15T13:11:20.104+00:00,2025-12-15T13:11:20.968+00:00,short,-1,79457.0000,79446.0000,11.0000,9.0000,0.00013844,0.00011327,ExitCluster,maker,maker,79409.0000,1,1.0000,1.0000,2.0000,14,864
2025-12-15T13:11:21.070+00:00,2025-12-15T13:11:41+00:00,short,-1,79457.0000,79432.0000,25.0000,23.0000,0.00031464,0.00028946,ExitCluster,maker,maker,79409.0000,1,1.0000,1.0000,2.0000,38,19930
2025-12-15T13:11:41.855+00:00,2025-12-15T13:11:55.797+00:00,short,-1,79434.0000,79444.0000,-10.0000,-12.0000,-0.00012589,-0.00015107,ExitAdverse,maker,maker,79386.0000,0,1.0000,1.0000,2.0000,50,13942
2025-12-15T13:11:57.087+00:00,2025-12-15T13:12:07.223+00:00,short,-1,79457.0000,79464.0000,-7.0000,-9.0000,-0.00008810,-0.00011327,ExitAdverse,maker,maker,79409.0000,0,1.0000,1.0000,2.0000,327,10136
2025-12-15T13:12:07.939+00:00,2025-12-15T13:12:17.099+00:00,long,1,79459.0000,79486.0000,27.0000,25.0000,0.00033980,0.00031463,ExitCluster,maker,maker,79507.0000,1,1.0000,1.0000,2.0000,125,9160
2025-12-15T13:12:19.905+00:00,2025-12-15T13:12:25.104+00:00,long,1,79449.0000,79455.0000,6.0000,4.0000,0.00007552,0.00005035,ExitCluster,maker,maker,79497.0000,1,1.0000,1.0000,2.0000,137,5199
2025-12-15T13:12:30.107+00:00,2025-12-15T13:12:57.119+00:00,long,1,79449.0000,79454.0000,5.0000,3.0000,0.00006293,0.00003776,ExitCluster,maker,maker,79497.0000,1,1.0000,1.0000,2.0000,347,27012
2025-12-15T13:13:07.778+00:00,2025-12-15T13:13:12.123+00:00,long,1,79412.0000,79419.0000,7.0000,5.0000,0.00008815,0.00006296,ExitCluster,maker,maker,79460.0000,1,1.0000,1.0000,2.0000,24,4345
2025-12-15T13:13:36.526+00:00,2025-12-15T13:13:43.925+00:00,short,-1,79434.0000,79426.0000,8.0000,6.0000,0.00010071,0.00007553,ExitCluster,maker,maker,79386.0000,1,1.0000,1.0000,2.0000,312,7399
2025-12-15T13:13:45.146+00:00,2025-12-15T13:13:57.116+00:00,short,-1,79434.0000,79425.0000,9.0000,7.0000,0.00011330,0.00008812,ExitCluster,maker,maker,79386.0000,1,1.0000,1.0000,2.0000,139,11970
2025-12-15T13:14:01.530+00:00,2025-12-15T13:14:03.075+00:00,short,-1,79467.0000,79448.0000,19.0000,17.0000,0.00023909,0.00021393,ExitCluster,maker,maker,79419.0000,1,1.0000,1.0000,2.0000,29,1545
2025-12-15T13:14:09.156+00:00,2025-12-15T13:14:09.592+00:00,short,-1,79467.0000,79458.0000,9.0000,7.0000,0.00011325,0.00008809,ExitCluster,maker,maker,79419.0000,1,1.0000,1.0000,2.0000,335,436
2025-12-15T13:14:10.027+00:00,2025-12-15T13:14:19.374+00:00,short,-1,79467.0000,79453.0000,14.0000,12.0000,0.00017617,0.00015101,ExitCluster,maker,maker,79419.0000,1,1.0000,1.0000,2.0000,297,9347
2025-12-15T13:14:20.161+00:00,2025-12-15T13:14:23.595+00:00,short,-1,79467.0000,79452.0000,15.0000,13.0000,0.00018876,0.00016359,ExitCluster,maker,maker,79419.0000,1,1.0000,1.0000,2.0000,150,3434
2025-12-15T13:14:25.163+00:00,2025-12-15T13:14:31.019+00:00,short,-1,79454.0000,79491.0000,-37.0000,-39.0000,-0.00046568,-0.00049085,ExitAdverse,maker,maker,79406.0000,0,1.0000,1.0000,2.0000,177,5856
2025-12-15T13:14:31.167+00:00,2025-12-15T13:14:36.721+00:00,short,-1,79499.0000,79514.0000,-15.0000,-17.0000,-0.00018868,-0.00021384,ExitAdverse,maker,maker,79451.0000,0,1.0000,1.0000,2.0000,84,5554
2025-12-15T13:14:48.174+00:00,2025-12-15T13:14:48.788+00:00,short,-1,79514.0000,79503.0000,11.0000,9.0000,0.00013834,0.00011319,ExitCluster,maker,maker,79466.0000,1,1.0000,1.0000,2.0000,128,614
2025-12-15T13:14:51.850+00:00,2025-12-15T13:14:56.443+00:00,short,-1,79514.0000,79529.0000,-15.0000,-17.0000,-0.00018865,-0.00021380,ExitAdverse,maker,maker,79466.0000,0,1.0000,1.0000,2.0000,9,4593
2025-12-15T13:15:18.189+00:00,2025-12-15T13:16:19.823+00:00,short,-1,79534.0000,79544.0000,-10.0000,-12.0000,-0.00012573,-0.00015088,ExitAdverse,maker,maker,79486.0000,0,1.0000,1.0000,2.0000,218,61634
2025-12-15T13:16:29.221+00:00,2025-12-15T13:16:30.412+00:00,short,-1,79546.0000,79529.0000,17.0000,15.0000,0.00021371,0.00018857,ExitCluster,maker,maker,79498.0000,1,1.0000,1.0000,2.0000,22,1191
2025-12-15T13:16:42.227+00:00,2025-12-15T13:16:43.002+00:00,short,-1,79532.0000,79521.0000,11.0000,9.0000,0.00013831,0.00011316,ExitCluster,maker,maker,79484.0000,1,1.0000,1.0000,2.0000,609,775
2025-12-15T13:16:43.228+00:00,2025-12-15T13:16:46.059+00:00,short,-1,79532.0000,79511.0000,21.0000,19.0000,0.00026404,0.00023890,ExitCluster,maker,maker,79484.0000,1,1.0000,1.0000,2.0000,189,2831
2025-12-15T13:17:36.257+00:00,2025-12-15T13:17:58.597+00:00,short,-1,79502.0000,79505.0000,-3.0000,-5.0000,-0.00003773,-0.00006289,ExitAdverse,maker,maker,79454.0000,0,1.0000,1.0000,2.0000,164,22340
2025-12-15T13:19:08.301+00:00,2025-12-15T13:19:10.018+00:00,short,-1,79494.0000,79477.0000,17.0000,15.0000,0.00021385,0.00018869,ExitCluster,maker,maker,79446.0000,1,1.0000,1.0000,2.0000,401,1717
2025-12-15T13:19:16.263+00:00,2025-12-15T13:19:16.881+00:00,short,-1,79440.0000,79410.0000,30.0000,28.0000,0.00037764,0.00035247,ExitCluster,maker,maker,79392.0000,1,1.0000,1.0000,2.0000,237,618
2025-12-15T13:19:17.780+00:00,2025-12-15T13:19:25.946+00:00,short,-1,79422.0000,79439.0000,-17.0000,-19.0000,-0.00021405,-0.00023923,ExitAdverse,maker,maker,79374.0000,0,1.0000,1.0000,2.0000,135,8166
2025-12-15T13:21:35.952+00:00,2025-12-15T13:21:44.374+00:00,long,1,79412.0000,79423.0000,11.0000,9.0000,0.00013852,0.00011333,ExitCluster,maker,maker,79460.0000,1,1.0000,1.0000,2.0000,78,8422
2025-12-15T13:21:47.663+00:00,2025-12-15T13:21:50.723+00:00,long,1,79389.0000,79375.0000,-14.0000,-16.0000,-0.00017635,-0.00020154,ExitAdverse,maker,maker,79437.0000,0,1.0000,1.0000,2.0000,1,3060
2025-12-15T13:23:17.419+00:00,2025-12-15T13:23:30.757+00:00,short,-1,79345.0000,79353.0000,-8.0000,-10.0000,-0.00010083,-0.00012603,ExitAdverse,maker,maker,79297.0000,0,1.0000,1.0000,2.0000,345,13338
2025-12-15T13:24:06.612+00:00,2025-12-15T13:24:07.929+00:00,short,-1,79339.0000,79319.0000,20.0000,18.0000,0.00025208,0.00022687,ExitCluster,maker,maker,79291.0000,1,1.0000,1.0000,2.0000,155,1317
2025-12-15T13:24:25.312+00:00,2025-12-15T13:24:30.521+00:00,short,-1,79339.0000,79329.0000,10.0000,8.0000,0.00012604,0.00010083,ExitCluster,maker,maker,79291.0000,1,1.0000,1.0000,2.0000,11,5209
2025-12-15T13:24:34.277+00:00,2025-12-15T13:24:44.006+00:00,short,-1,79333.0000,79301.0000,32.0000,30.0000,0.00040336,0.00037815,ExitCluster,maker,maker,79285.0000,1,1.0000,1.0000,2.0000,319,9729
2025-12-15T13:24:48.333+00:00,2025-12-15T13:24:58.378+00:00,short,-1,79294.0000,79290.0000,4.0000,2.0000,0.00005045,0.00002522,ExitAdverse,maker,maker,79246.0000,0,1.0000,1.0000,2.0000,256,10045
2025-12-15T13:25:09.471+00:00,2025-12-15T13:25:13.346+00:00,short,-1,79306.0000,79291.0000,15.0000,13.0000,0.00018914,0.00016392,ExitCluster,maker,maker,79258.0000,1,1.0000,1.0000,2.0000,393,3875
2025-12-15T13:25:18.474+00:00,2025-12-15T13:25:26.442+00:00,long,1,79273.0000,79251.0000,-22.0000,-24.0000,-0.00027752,-0.00030275,ExitAdverse,maker,maker,79321.0000,0,1.0000,1.0000,2.0000,207,7968
2025-12-15T13:25:26.505+00:00,2025-12-15T13:25:30.607+00:00,short,-1,79260.0000,79292.0000,-32.0000,-34.0000,-0.00040373,-0.00042897,ExitAdverse,maker,maker,79212.0000,0,1.0000,1.0000,2.0000,11,4102
2025-12-15T13:25:44.487+00:00,2025-12-15T13:25:46.925+00:00,short,-1,79339.0000,79328.0000,11.0000,9.0000,0.00013865,0.00011344,ExitCluster,maker,maker,79291.0000,1,1.0000,1.0000,2.0000,454,2438
2025-12-15T13:25:52.907+00:00,2025-12-15T13:25:58.144+00:00,short,-1,79339.0000,79349.0000,-10.0000,-12.0000,-0.00012604,-0.00015125,ExitAdverse,maker,maker,79291.0000,0,1.0000,1.0000,2.0000,24,5237
2025-12-15T13:27:54.765+00:00,2025-12-15T13:28:00.520+00:00,short,-1,79334.0000,79326.0000,8.0000,6.0000,0.00010084,0.00007563,ExitCluster,maker,maker,79286.0000,1,1.0000,1.0000,2.0000,30,5755
2025-12-15T13:28:00.639+00:00,2025-12-15T13:28:02.852+00:00,short,-1,79334.0000,79318.0000,16.0000,14.0000,0.00020168,0.00017647,ExitCluster,maker,maker,79286.0000,1,1.0000,1.0000,2.0000,8,2213
2025-12-15T13:28:07.551+00:00,2025-12-15T13:28:13.513+00:00,short,-1,79334.0000,79315.0000,19.0000,17.0000,0.00023949,0.00021428,ExitCluster,maker,maker,79286.0000,1,1.0000,1.0000,2.0000,291,5962
2025-12-15T13:28:59.575+00:00,2025-12-15T13:29:03.577+00:00,long,1,79289.0000,79301.0000,12.0000,10.0000,0.00015135,0.00012612,ExitCluster,maker,maker,79337.0000,1,1.0000,1.0000,2.0000,390,4002
2025-12-15T13:29:49.599+00:00,2025-12-15T13:29:56.777+00:00,short,-1,79333.0000,79324.0000,9.0000,7.0000,0.00011345,0.00008824,ExitCluster,maker,maker,79285.0000,1,1.0000,1.0000,2.0000,181,7178
2025-12-15T13:32:12.663+00:00,2025-12-15T13:32:26.450+00:00,short,-1,79382.0000,79419.0000,-37.0000,-39.0000,-0.00046610,-0.00049130,ExitAdverse,maker,maker,79334.0000,0,1.0000,1.0000,2.0000,14,13787
2025-12-15T13:32:51.886+00:00,2025-12-15T13:33:02.036+00:00,short,-1,79414.0000,79428.0000,-14.0000,-16.0000,-0.00017629,-0.00020148,ExitAdverse,maker,maker,79366.0000,0,1.0000,1.0000,2.0000,107,10150
2025-12-15T13:34:08.721+00:00,2025-12-15T13:34:15.724+00:00,long,1,79389.0000,79404.0000,15.0000,13.0000,0.00018894,0.00016375,ExitCluster,maker,maker,79437.0000,1,1.0000,1.0000,2.0000,214,7003
2025-12-15T13:34:28.904+00:00,2025-12-15T13:34:36.747+00:00,long,1,79389.0000,79405.0000,16.0000,14.0000,0.00020154,0.00017635,ExitCluster,maker,maker,79437.0000,1,1.0000,1.0000,2.0000,8,7843
2025-12-15T13:35:42.666+00:00,2025-12-15T13:35:59.163+00:00,short,-1,79445.0000,79446.0000,-1.0000,-3.0000,-0.00001259,-0.00003776,ExitAdverse,maker,maker,79397.0000,0,1.0000,1.0000,2.0000,76,16497
2025-12-15T13:37:33.831+00:00,2025-12-15T13:37:34.831+00:00,long,1,79318.0000,79327.0000,9.0000,7.0000,0.00011347,0.00008825,ExitCluster,maker,maker,79366.0000,1,1.0000,1.0000,2.0000,226,1000
2025-12-15T13:37:35.737+00:00,2025-12-15T13:37:36.759+00:00,long,1,79318.0000,79327.0000,9.0000,7.0000,0.00011347,0.00008825,ExitCluster,maker,maker,79366.0000,1,1.0000,1.0000,2.0000,258,1022
2025-12-15T13:37:43.734+00:00,2025-12-15T13:37:44.858+00:00,short,-1,79332.0000,79301.0000,31.0000,29.0000,0.00039076,0.00036555,ExitCluster,maker,maker,79284.0000,1,1.0000,1.0000,2.0000,10,1124
2025-12-15T13:38:09.413+00:00,2025-12-15T13:38:15.153+00:00,short,-1,79309.0000,79282.0000,27.0000,25.0000,0.00034044,0.00031522,ExitCluster,maker,maker,79261.0000,1,1.0000,1.0000,2.0000,4,5740
2025-12-15T13:38:15.660+00:00,2025-12-15T13:38:18.629+00:00,short,-1,79281.0000,79302.0000,-21.0000,-23.0000,-0.00026488,-0.00029011,ExitAdverse,maker,maker,79233.0000,0,1.0000,1.0000,2.0000,306,2969
2025-12-15T13:38:23.982+00:00,2025-12-15T13:38:27.104+00:00,short,-1,79307.0000,79297.0000,10.0000,8.0000,0.00012609,0.00010087,ExitCluster,maker,maker,79259.0000,1,1.0000,1.0000,2.0000,59,3122
2025-12-15T13:38:27.585+00:00,2025-12-15T13:38:30.280+00:00,short,-1,79302.0000,79285.0000,17.0000,15.0000,0.00021437,0.00018915,ExitCluster,maker,maker,79254.0000,1,1.0000,1.0000,2.0000,530,2695
2025-12-15T13:38:30.441+00:00,2025-12-15T13:38:32.458+00:00,short,-1,79292.0000,79269.0000,23.0000,21.0000,0.00029007,0.00026484,ExitCluster,maker,maker,79244.0000,1,1.0000,1.0000,2.0000,93,2017
2025-12-15T13:38:44.868+00:00,2025-12-15T13:38:53.571+00:00,short,-1,79269.0000,79277.0000,-8.0000,-10.0000,-0.00010092,-0.00012615,ExitAdverse,maker,maker,79221.0000,0,1.0000,1.0000,2.0000,445,8703
2025-12-15T13:38:53.871+00:00,2025-12-15T13:38:55.080+00:00,short,-1,79277.0000,79252.0000,25.0000,23.0000,0.00031535,0.00029012,ExitCluster,maker,maker,79229.0000,1,1.0000,1.0000,2.0000,236,1209
2025-12-15T13:38:56.345+00:00,2025-12-15T13:39:01.444+00:00,short,-1,79252.0000,79244.0000,8.0000,6.0000,0.00010094,0.00007571,ExitCluster,maker,maker,79204.0000,1,1.0000,1.0000,2.0000,20,5099
2025-12-15T13:39:07.586+00:00,2025-12-15T13:39:08.639+00:00,short,-1,79284.0000,79291.0000,-7.0000,-9.0000,-0.00008829,-0.00011352,ExitAdverse,maker,maker,79236.0000,0,1.0000,1.0000,2.0000,86,1053
2025-12-15T13:40:08.911+00:00,2025-12-15T13:40:34.621+00:00,short,-1,79237.0000,79223.0000,14.0000,12.0000,0.00017669,0.00015144,ExitCluster,maker,maker,79189.0000,1,1.0000,1.0000,2.0000,209,25710
2025-12-15T13:41:27.745+00:00,2025-12-15T13:41:34.505+00:00,long,1,79200.0000,79151.0000,-49.0000,-51.0000,-0.00061869,-0.00064394,ExitAdverse,maker,maker,79248.0000,0,1.0000,1.0000,2.0000,55,6760
2025-12-15T13:42:09.591+00:00,2025-12-15T13:42:22.055+00:00,short,-1,79229.0000,79191.0000,38.0000,36.0000,0.00047962,0.00045438,ExitCluster,maker,maker,79181.0000,1,1.0000,1.0000,2.0000,232,12464
2025-12-15T13:42:46.190+00:00,2025-12-15T13:42:50.332+00:00,short,-1,79164.0000,79148.0000,16.0000,14.0000,0.00020211,0.00017685,ExitCluster,maker,maker,79116.0000,1,1.0000,1.0000,2.0000,2,4142
2025-12-15T13:43:06.280+00:00,2025-12-15T13:43:07.193+00:00,short,-1,79203.0000,79200.0000,3.0000,1.0000,0.00003788,0.00001263,ExitCluster,maker,maker,79155.0000,1,1.0000,1.0000,2.0000,10,913
2025-12-15T13:43:09.801+00:00,2025-12-15T13:43:18.315+00:00,short,-1,79189.0000,79184.0000,5.0000,3.0000,0.00006314,0.00003788,ExitCluster,maker,maker,79141.0000,1,1.0000,1.0000,2.0000,217,8514
2025-12-15T13:44:32.531+00:00,2025-12-15T13:44:37.066+00:00,short,-1,79167.0000,79147.0000,20.0000,18.0000,0.00025263,0.00022737,ExitCluster,maker,maker,79119.0000,1,1.0000,1.0000,2.0000,440,4535
2025-12-15T13:44:42.036+00:00,2025-12-15T13:44:59.325+00:00,short,-1,79162.0000,79163.0000,-1.0000,-3.0000,-0.00001263,-0.00003790,ExitAdverse,maker,maker,79114.0000,0,1.0000,1.0000,2.0000,538,17289
2025-12-15T13:45:00.044+00:00,2025-12-15T13:45:04.331+00:00,short,-1,79164.0000,79147.0000,17.0000,15.0000,0.00021474,0.00018948,ExitCluster,maker,maker,79116.0000,1,1.0000,1.0000,2.0000,296,4287
2025-12-15T13:45:05.917+00:00,2025-12-15T13:45:32.275+00:00,short,-1,79164.0000,79165.0000,-1.0000,-3.0000,-0.00001263,-0.00003790,ExitAdverse,maker,maker,79116.0000,0,1.0000,1.0000,2.0000,11,26358
2025-12-15T13:45:32.718+00:00,2025-12-15T13:45:55.414+00:00,short,-1,79174.0000,79171.0000,3.0000,1.0000,0.00003789,0.00001263,ExitCluster,maker,maker,79126.0000,1,1.0000,1.0000,2.0000,150,22696
2025-12-15T13:45:56.423+00:00,2025-12-15T13:45:56.896+00:00,short,-1,79169.0000,79156.0000,13.0000,11.0000,0.00016421,0.00013894,ExitCluster,maker,maker,79121.0000,1,1.0000,1.0000,2.0000,130,473
2025-12-15T13:45:57.298+00:00,2025-12-15T13:46:07.207+00:00,short,-1,79169.0000,79151.0000,18.0000,16.0000,0.00022736,0.00020210,ExitCluster,maker,maker,79121.0000,1,1.0000,1.0000,2.0000,206,9909
2025-12-15T13:46:09.067+00:00,2025-12-15T13:46:09.790+00:00,short,-1,79154.0000,79135.0000,19.0000,17.0000,0.00024004,0.00021477,ExitCluster,maker,maker,79106.0000,1,1.0000,1.0000,2.0000,60,723
2025-12-15T13:46:13.078+00:00,2025-12-15T13:46:16.080+00:00,long,1,79122.0000,79129.0000,7.0000,5.0000,0.00008847,0.00006319,ExitCluster,maker,maker,79170.0000,1,1.0000,1.0000,2.0000,215,3002
2025-12-15T13:46:16.115+00:00,2025-12-15T13:46:18.081+00:00,long,1,79122.0000,79129.0000,7.0000,5.0000,0.00008847,0.00006319,ExitCluster,maker,maker,79170.0000,1,1.0000,1.0000,2.0000,13,1966
2025-12-15T13:46:18.524+00:00,2025-12-15T13:46:23.084+00:00,long,1,79122.0000,79145.0000,23.0000,21.0000,0.00029069,0.00026541,ExitCluster,maker,maker,79170.0000,1,1.0000,1.0000,2.0000,430,4560
2025-12-15T13:46:30.008+00:00,2025-12-15T13:46:35.350+00:00,short,-1,79182.0000,79193.0000,-11.0000,-13.0000,-0.00013892,-0.00016418,ExitAdverse,maker,maker,79134.0000,0,1.0000,1.0000,2.0000,307,5342
2025-12-15T13:46:39.734+00:00,2025-12-15T13:46:41.093+00:00,short,-1,79207.0000,79190.0000,17.0000,15.0000,0.00021463,0.00018938,ExitCluster,maker,maker,79159.0000,1,1.0000,1.0000,2.0000,586,1359
2025-12-15T13:46:47.625+00:00,2025-12-15T13:47:00.470+00:00,short,-1,79209.0000,79191.0000,18.0000,16.0000,0.00022725,0.00020200,ExitCluster,maker,maker,79161.0000,1,1.0000,1.0000,2.0000,343,12845
2025-12-15T13:47:03.538+00:00,2025-12-15T13:47:07.672+00:00,short,-1,79193.0000,79170.0000,23.0000,21.0000,0.00029043,0.00026517,ExitCluster,maker,maker,79145.0000,1,1.0000,1.0000,2.0000,125,4134
2025-12-15T13:47:13.891+00:00,2025-12-15T13:47:18.100+00:00,short,-1,79149.0000,79168.0000,-19.0000,-21.0000,-0.00024005,-0.00026532,ExitAdverse,maker,maker,79101.0000,0,1.0000,1.0000,2.0000,227,4209
2025-12-15T13:47:39.277+00:00,2025-12-15T13:47:48.387+00:00,short,-1,79193.0000,79187.0000,6.0000,4.0000,0.00007576,0.00005051,ExitCluster,maker,maker,79145.0000,1,1.0000,1.0000,2.0000,85,9110
2025-12-15T13:47:53.129+00:00,2025-12-15T13:47:57.064+00:00,short,-1,79194.0000,79185.0000,9.0000,7.0000,0.00011364,0.00008839,ExitCluster,maker,maker,79146.0000,1,1.0000,1.0000,2.0000,321,3935
2025-12-15T13:47:59.807+00:00,2025-12-15T13:48:01.302+00:00,short,-1,79217.0000,79197.0000,20.0000,18.0000,0.00025247,0.00022722,ExitCluster,maker,maker,79169.0000,1,1.0000,1.0000,2.0000,90,1495
2025-12-15T13:48:21.143+00:00,2025-12-15T13:48:31.371+00:00,short,-1,79199.0000,79183.0000,16.0000,14.0000,0.00020202,0.00017677,ExitCluster,maker,maker,79151.0000,1,1.0000,1.0000,2.0000,318,10228
2025-12-15T13:48:34.045+00:00,2025-12-15T13:48:50.278+00:00,short,-1,79186.0000,79202.0000,-16.0000,-18.0000,-0.00020206,-0.00022731,ExitAdverse,maker,maker,79138.0000,0,1.0000,1.0000,2.0000,139,16233
2025-12-15T13:49:06.166+00:00,2025-12-15T13:50:03.420+00:00,short,-1,79204.0000,79200.0000,4.0000,2.0000,0.00005050,0.00002525,ExitCluster,maker,maker,79156.0000,1,1.0000,1.0000,2.0000,109,57254
2025-12-15T13:50:04.196+00:00,2025-12-15T13:50:14.615+00:00,long,1,79182.0000,79203.0000,21.0000,19.0000,0.00026521,0.00023995,ExitCluster,maker,maker,79230.0000,1,1.0000,1.0000,2.0000,109,10419
2025-12-15T13:50:18.203+00:00,2025-12-15T13:50:19.204+00:00,long,1,79182.0000,79197.0000,15.0000,13.0000,0.00018944,0.00016418,ExitCluster,maker,maker,79230.0000,1,1.0000,1.0000,2.0000,25,1001
2025-12-15T13:50:19.834+00:00,2025-12-15T13:50:23.206+00:00,long,1,79182.0000,79203.0000,21.0000,19.0000,0.00026521,0.00023995,ExitCluster,maker,maker,79230.0000,1,1.0000,1.0000,2.0000,406,3372
2025-12-15T13:53:48.635+00:00,2025-12-15T13:54:02.323+00:00,long,1,79169.0000,79149.0000,-20.0000,-22.0000,-0.00025262,-0.00027789,ExitAdverse,maker,maker,79217.0000,0,1.0000,1.0000,2.0000,15,13688
2025-12-15T13:57:29.131+00:00,2025-12-15T13:57:44.426+00:00,long,1,79146.0000,79173.0000,27.0000,25.0000,0.00034114,0.00031587,ExitCluster,maker,maker,79194.0000,1,1.0000,1.0000,2.0000,42,15295
2025-12-15T13:58:01.435+00:00,2025-12-15T13:58:06.305+00:00,short,-1,79183.0000,79175.0000,8.0000,6.0000,0.00010103,0.00007577,ExitCluster,maker,maker,79135.0000,1,1.0000,1.0000,2.0000,49,4870
2025-12-15T13:59:50.460+00:00,2025-12-15T13:59:57.063+00:00,short,-1,79179.0000,79180.0000,-1.0000,-3.0000,-0.00001263,-0.00003789,ExitAdverse,maker,maker,79131.0000,0,1.0000,1.0000,2.0000,100,6603
2025-12-15T14:00:14.013+00:00,2025-12-15T14:00:22.612+00:00,long,1,79146.0000,79137.0000,-9.0000,-11.0000,-0.00011371,-0.00013898,ExitAdverse,maker,maker,79194.0000,0,1.0000,1.0000,2.0000,61,8599
2025-12-15T14:01:46.868+00:00,2025-12-15T14:01:52.260+00:00,short,-1,79197.0000,79189.0000,8.0000,6.0000,0.00010101,0.00007576,ExitCluster,maker,maker,79149.0000,1,1.0000,1.0000,2.0000,40,5392
2025-12-15T14:03:10.584+00:00,2025-12-15T14:03:16.587+00:00,long,1,79151.0000,79140.0000,-11.0000,-13.0000,-0.00013897,-0.00016424,ExitAdverse,maker,maker,79199.0000,0,1.0000,1.0000,2.0000,162,6003
2025-12-15T14:03:26.204+00:00,2025-12-15T14:03:28.301+00:00,short,-1,79186.0000,79169.0000,17.0000,15.0000,0.00021468,0.00018943,ExitCluster,maker,maker,79138.0000,1,1.0000,1.0000,2.0000,152,2097
2025-12-15T14:03:30.805+00:00,2025-12-15T14:03:34.808+00:00,short,-1,79186.0000,79194.0000,-8.0000,-10.0000,-0.00010103,-0.00012628,ExitAdverse,maker,maker,79138.0000,0,1.0000,1.0000,2.0000,117,4003
2025-12-15T14:03:36.597+00:00,2025-12-15T14:03:42.642+00:00,short,-1,79179.0000,79187.0000,-8.0000,-10.0000,-0.00010104,-0.00012630,ExitAdverse,maker,maker,79131.0000,0,1.0000,1.0000,2.0000,167,6045
2025-12-15T14:04:22.997+00:00,2025-12-15T14:04:55.636+00:00,long,1,79171.0000,79145.0000,-26.0000,-28.0000,-0.00032840,-0.00035366,ExitAdverse,maker,maker,79219.0000,0,1.0000,1.0000,2.0000,356,32639
2025-12-15T14:05:01.122+00:00,2025-12-15T14:05:11.644+00:00,long,1,79171.0000,79160.0000,-11.0000,-13.0000,-0.00013894,-0.00016420,ExitAdverse,maker,maker,79219.0000,0,1.0000,1.0000,2.0000,63,10522
2025-12-15T14:05:21.844+00:00,2025-12-15T14:05:22.965+00:00,long,1,79171.0000,79180.0000,9.0000,7.0000,0.00011368,0.00008842,ExitCluster,maker,maker,79219.0000,1,1.0000,1.0000,2.0000,0,1121
2025-12-15T14:05:26.226+00:00,2025-12-15T14:05:31.647+00:00,long,1,79171.0000,79164.0000,-7.0000,-9.0000,-0.00008842,-0.00011368,ExitAdverse,maker,maker,79219.0000,0,1.0000,1.0000,2.0000,8,5421
2025-12-15T14:05:34.784+00:00,2025-12-15T14:05:35.388+00:00,long,1,79171.0000,79179.0000,8.0000,6.0000,0.00010105,0.00007579,ExitCluster,maker,maker,79219.0000,1,1.0000,1.0000,2.0000,66,604
2025-12-15T14:05:35.656+00:00,2025-12-15T14:05:37.751+00:00,long,1,79171.0000,79177.0000,6.0000,4.0000,0.00007579,0.00005052,ExitCluster,maker,maker,79219.0000,1,1.0000,1.0000,2.0000,207,2095
2025-12-15T14:05:38.247+00:00,2025-12-15T14:05:53.666+00:00,long,1,79171.0000,79156.0000,-15.0000,-17.0000,-0.00018946,-0.00021473,ExitAdverse,maker,maker,79219.0000,0,1.0000,1.0000,2.0000,472,15419
2025-12-15T14:06:18.677+00:00,2025-12-15T14:06:51.754+00:00,short,-1,79169.0000,79171.0000,-2.0000,-4.0000,-0.00002526,-0.00005052,ExitAdverse,maker,maker,79121.0000,0,1.0000,1.0000,2.0000,266,33077
2025-12-15T14:06:57.695+00:00,2025-12-15T14:07:09.287+00:00,short,-1,79174.0000,79180.0000,-6.0000,-8.0000,-0.00007578,-0.00010104,ExitAdverse,maker,maker,79126.0000,0,1.0000,1.0000,2.0000,2,11592
2025-12-15T14:07:40.718+00:00,2025-12-15T14:08:09.869+00:00,long,1,79201.0000,79195.0000,-6.0000,-8.0000,-0.00007576,-0.00010101,ExitAdverse,maker,maker,79249.0000,0,1.0000,1.0000,2.0000,30,29151
2025-12-15T14:08:40.579+00:00,2025-12-15T14:08:42.751+00:00,long,1,79201.0000,79205.0000,4.0000,2.0000,0.00005050,0.00002525,ExitCluster,maker,maker,79249.0000,1,1.0000,1.0000,2.0000,81,2172
2025-12-15T14:08:54.756+00:00,2025-12-15T14:08:56.690+00:00,long,1,79186.0000,79195.0000,9.0000,7.0000,0.00011366,0.00008840,ExitCluster,maker,maker,79234.0000,1,1.0000,1.0000,2.0000,481,1934
2025-12-15T14:08:57.758+00:00,2025-12-15T14:08:58.666+00:00,long,1,79186.0000,79193.0000,7.0000,5.0000,0.00008840,0.00006314,ExitCluster,maker,maker,79234.0000,1,1.0000,1.0000,2.0000,76,908
2025-12-15T14:08:58.758+00:00,2025-12-15T14:09:09.763+00:00,long,1,79186.0000,79218.0000,32.0000,30.0000,0.00040411,0.00037885,ExitCluster,maker,maker,79234.0000,1,1.0000,1.0000,2.0000,76,11005
2025-12-15T14:09:31.484+00:00,2025-12-15T14:09:32.010+00:00,long,1,79201.0000,79228.0000,27.0000,25.0000,0.00034090,0.00031565,ExitCluster,maker,maker,79249.0000,1,1.0000,1.0000,2.0000,669,526
2025-12-15T14:09:32.483+00:00,2025-12-15T14:09:47.783+00:00,long,1,79221.0000,79204.0000,-17.0000,-19.0000,-0.00021459,-0.00023984,ExitAdverse,maker,maker,79269.0000,0,1.0000,1.0000,2.0000,451,15300
2025-12-15T14:09:48.784+00:00,2025-12-15T14:09:52.827+00:00,long,1,79201.0000,79217.0000,16.0000,14.0000,0.00020202,0.00017677,ExitCluster,maker,maker,79249.0000,1,1.0000,1.0000,2.0000,207,4043
2025-12-15T14:09:56.553+00:00,2025-12-15T14:10:22.800+00:00,long,1,79221.0000,79206.0000,-15.0000,-17.0000,-0.00018934,-0.00021459,ExitAdverse,maker,maker,79269.0000,0,1.0000,1.0000,2.0000,373,26247
2025-12-15T14:10:24.801+00:00,2025-12-15T14:10:25.389+00:00,long,1,79201.0000,79217.0000,16.0000,14.0000,0.00020202,0.00017677,ExitCluster,maker,maker,79249.0000,1,1.0000,1.0000,2.0000,428,588
2025-12-15T14:10:25.802+00:00,2025-12-15T14:10:29.670+00:00,long,1,79201.0000,79219.0000,18.0000,16.0000,0.00022727,0.00020202,ExitCluster,maker,maker,79249.0000,1,1.0000,1.0000,2.0000,286,3868
2025-12-15T14:10:46.846+00:00,2025-12-15T14:10:47.850+00:00,short,-1,79243.0000,79230.0000,13.0000,11.0000,0.00016405,0.00013881,ExitCluster,maker,maker,79195.0000,1,1.0000,1.0000,2.0000,6,1004
2025-12-15T14:10:48.351+00:00,2025-12-15T14:10:51.278+00:00,short,-1,79243.0000,79232.0000,11.0000,9.0000,0.00013881,0.00011357,ExitCluster,maker,maker,79195.0000,1,1.0000,1.0000,2.0000,439,2927
2025-12-15T14:11:04.720+00:00,2025-12-15T14:11:08.651+00:00,short,-1,79270.0000,79264.0000,6.0000,4.0000,0.00007569,0.00005046,ExitCluster,maker,maker,79222.0000,1,1.0000,1.0000,2.0000,253,3931
2025-12-15T14:11:08.993+00:00,2025-12-15T14:11:10.568+00:00,short,-1,79279.0000,79268.0000,11.0000,9.0000,0.00013875,0.00011352,ExitCluster,maker,maker,79231.0000,1,1.0000,1.0000,2.0000,11,1575
2025-12-15T14:11:10.824+00:00,2025-12-15T14:11:19.120+00:00,long,1,79264.0000,79261.0000,-3.0000,-5.0000,-0.00003785,-0.00006308,ExitAdverse,maker,maker,79312.0000,0,1.0000,1.0000,2.0000,140,8296
2025-12-15T14:11:19.797+00:00,2025-12-15T14:11:22.304+00:00,short,-1,79269.0000,79265.0000,4.0000,2.0000,0.00005046,0.00002523,ExitCluster,maker,maker,79221.0000,1,1.0000,1.0000,2.0000,216,2507
2025-12-15T14:11:43.841+00:00,2025-12-15T14:11:46.168+00:00,long,1,79237.0000,79248.0000,11.0000,9.0000,0.00013882,0.00011358,ExitCluster,maker,maker,79285.0000,1,1.0000,1.0000,2.0000,425,2327
2025-12-15T14:11:52.996+00:00,2025-12-15T14:11:57.199+00:00,long,1,79201.0000,79197.0000,-4.0000,-6.0000,-0.00005050,-0.00007576,ExitAdverse,maker,maker,79249.0000,0,1.0000,1.0000,2.0000,117,4203
2025-12-15T14:12:01.309+00:00,2025-12-15T14:12:08.214+00:00,long,1,79191.0000,79203.0000,12.0000,10.0000,0.00015153,0.00012628,ExitCluster,maker,maker,79239.0000,1,1.0000,1.0000,2.0000,60,6905
2025-12-15T14:12:16.609+00:00,2025-12-15T14:12:19.230+00:00,long,1,79191.0000,79208.0000,17.0000,15.0000,0.00021467,0.00018942,ExitCluster,maker,maker,79239.0000,1,1.0000,1.0000,2.0000,180,2621
2025-12-15T14:12:54.171+00:00,2025-12-15T14:13:03.322+00:00,long,1,79225.0000,79221.0000,-4.0000,-6.0000,-0.00005049,-0.00007573,ExitAdverse,maker,maker,79273.0000,0,1.0000,1.0000,2.0000,235,9151
2025-12-15T14:13:46.121+00:00,2025-12-15T14:13:46.954+00:00,short,-1,79243.0000,79234.0000,9.0000,7.0000,0.00011357,0.00008834,ExitCluster,maker,maker,79195.0000,1,1.0000,1.0000,2.0000,152,833
2025-12-15T14:13:47.111+00:00,2025-12-15T14:13:48.437+00:00,short,-1,79243.0000,79236.0000,7.0000,5.0000,0.00008834,0.00006310,ExitCluster,maker,maker,79195.0000,1,1.0000,1.0000,2.0000,140,1326
2025-12-15T14:13:59.125+00:00,2025-12-15T14:14:02.596+00:00,short,-1,79248.0000,79236.0000,12.0000,10.0000,0.00015142,0.00012619,ExitCluster,maker,maker,79200.0000,1,1.0000,1.0000,2.0000,639,3471
2025-12-15T14:14:07.849+00:00,2025-12-15T14:14:09.461+00:00,long,1,79221.0000,79236.0000,15.0000,13.0000,0.00018934,0.00016410,ExitCluster,maker,maker,79269.0000,1,1.0000,1.0000,2.0000,383,1612
2025-12-15T14:14:09.700+00:00,2025-12-15T14:14:13.464+00:00,short,-1,79238.0000,79235.0000,3.0000,1.0000,0.00003786,0.00001262,ExitCluster,maker,maker,79190.0000,1,1.0000,1.0000,2.0000,178,3764
2025-12-15T14:14:20.492+00:00,2025-12-15T14:14:21.751+00:00,short,-1,79239.0000,79221.0000,18.0000,16.0000,0.00022716,0.00020192,ExitCluster,maker,maker,79191.0000,1,1.0000,1.0000,2.0000,238,1259
2025-12-15T14:14:29.804+00:00,2025-12-15T14:14:41.265+00:00,short,-1,79224.0000,79218.0000,6.0000,4.0000,0.00007573,0.00005049,ExitCluster,maker,maker,79176.0000,1,1.0000,1.0000,2.0000,532,11461
2025-12-15T14:14:53.554+00:00,2025-12-15T14:15:00.589+00:00,short,-1,79225.0000,79220.0000,5.0000,3.0000,0.00006311,0.00003787,ExitCluster,maker,maker,79177.0000,1,1.0000,1.0000,2.0000,448,7035
2025-12-15T14:15:03.968+00:00,2025-12-15T14:15:11.544+00:00,short,-1,79226.0000,79228.0000,-2.0000,-4.0000,-0.00002524,-0.00005049,ExitAdverse,maker,maker,79178.0000,0,1.0000,1.0000,2.0000,39,7576
2025-12-15T14:15:26.057+00:00,2025-12-15T14:15:26.876+00:00,short,-1,79247.0000,79240.0000,7.0000,5.0000,0.00008833,0.00006309,ExitCluster,maker,maker,79199.0000,1,1.0000,1.0000,2.0000,457,819
2025-12-15T14:15:28.742+00:00,2025-12-15T14:15:34.032+00:00,long,1,79239.0000,79273.0000,34.0000,32.0000,0.00042908,0.00040384,ExitCluster,maker,maker,79287.0000,1,1.0000,1.0000,2.0000,182,5290
2025-12-15T14:15:51.873+00:00,2025-12-15T14:15:52.577+00:00,short,-1,79327.0000,79319.0000,8.0000,6.0000,0.00010085,0.00007564,ExitCluster,maker,maker,79279.0000,1,1.0000,1.0000,2.0000,160,704
2025-12-15T14:15:55.538+00:00,2025-12-15T14:16:02.197+00:00,short,-1,79327.0000,79317.0000,10.0000,8.0000,0.00012606,0.00010085,ExitCluster,maker,maker,79279.0000,1,1.0000,1.0000,2.0000,95,6659
2025-12-15T14:16:20.927+00:00,2025-12-15T14:16:22.126+00:00,long,1,79239.0000,79251.0000,12.0000,10.0000,0.00015144,0.00012620,ExitCluster,maker,maker,79287.0000,1,1.0000,1.0000,2.0000,39,1199
2025-12-15T14:16:31.067+00:00,2025-12-15T14:16:32.206+00:00,short,-1,79230.0000,79219.0000,11.0000,9.0000,0.00013884,0.00011359,ExitCluster,maker,maker,79182.0000,1,1.0000,1.0000,2.0000,28,1139
2025-12-15T14:16:32.739+00:00,2025-12-15T14:16:35.071+00:00,short,-1,79227.0000,79243.0000,-16.0000,-18.0000,-0.00020195,-0.00022720,ExitAdverse,maker,maker,79179.0000,0,1.0000,1.0000,2.0000,517,2332
2025-12-15T14:16:43.053+00:00,2025-12-15T14:16:47.266+00:00,short,-1,79253.0000,79248.0000,5.0000,3.0000,0.00006309,0.00003785,ExitCluster,maker,maker,79205.0000,1,1.0000,1.0000,2.0000,201,4213
2025-12-15T14:17:01.106+00:00,2025-12-15T14:17:12.659+00:00,short,-1,79266.0000,79261.0000,5.0000,3.0000,0.00006308,0.00003785,ExitCluster,maker,maker,79218.0000,1,1.0000,1.0000,2.0000,129,11553
2025-12-15T14:17:38.862+00:00,2025-12-15T14:17:45.961+00:00,short,-1,79285.0000,79270.0000,15.0000,13.0000,0.00018919,0.00016397,ExitCluster,maker,maker,79237.0000,1,1.0000,1.0000,2.0000,14,7099
2025-12-15T14:17:49.505+00:00,2025-12-15T14:17:50.777+00:00,short,-1,79283.0000,79276.0000,7.0000,5.0000,0.00008829,0.00006307,ExitCluster,maker,maker,79235.0000,1,1.0000,1.0000,2.0000,330,1272
2025-12-15T14:17:51.485+00:00,2025-12-15T14:17:52.518+00:00,short,-1,79284.0000,79276.0000,8.0000,6.0000,0.00010090,0.00007568,ExitCluster,maker,maker,79236.0000,1,1.0000,1.0000,2.0000,4,1033
2025-12-15T14:17:55.291+00:00,2025-12-15T14:18:20.535+00:00,short,-1,79284.0000,79271.0000,13.0000,11.0000,0.00016397,0.00013874,ExitCluster,maker,maker,79236.0000,1,1.0000,1.0000,2.0000,195,25244
2025-12-15T14:18:23.732+00:00,2025-12-15T14:18:28.729+00:00,short,-1,79287.0000,79282.0000,5.0000,3.0000,0.00006306,0.00003784,ExitCluster,maker,maker,79239.0000,1,1.0000,1.0000,2.0000,29,4997
2025-12-15T14:18:38.723+00:00,2025-12-15T14:18:44.545+00:00,short,-1,79289.0000,79267.0000,22.0000,20.0000,0.00027747,0.00025224,ExitCluster,maker,maker,79241.0000,1,1.0000,1.0000,2.0000,502,5822
2025-12-15T14:18:45.926+00:00,2025-12-15T14:18:48.761+00:00,short,-1,79279.0000,79264.0000,15.0000,13.0000,0.00018921,0.00016398,ExitCluster,maker,maker,79231.0000,1,1.0000,1.0000,2.0000,82,2835
2025-12-15T14:18:49.215+00:00,2025-12-15T14:18:52.549+00:00,short,-1,79278.0000,79264.0000,14.0000,12.0000,0.00017659,0.00015137,ExitCluster,maker,maker,79230.0000,1,1.0000,1.0000,2.0000,281,3334
2025-12-15T14:18:53.193+00:00,2025-12-15T14:18:57.791+00:00,short,-1,79273.0000,79280.0000,-7.0000,-9.0000,-0.00008830,-0.00011353,ExitAdverse,maker,maker,79225.0000,0,1.0000,1.0000,2.0000,622,4598
2025-12-15T14:18:58.448+00:00,2025-12-15T14:19:04.554+00:00,short,-1,79289.0000,79279.0000,10.0000,8.0000,0.00012612,0.00010090,ExitCluster,maker,maker,79241.0000,1,1.0000,1.0000,2.0000,633,6106
2025-12-15T14:19:06.937+00:00,2025-12-15T14:19:07.159+00:00,short,-1,79284.0000,79295.0000,-11.0000,-13.0000,-0.00013874,-0.00016397,ExitAdverse,maker,maker,79236.0000,0,1.0000,1.0000,2.0000,140,222
2025-12-15T14:19:12.560+00:00,2025-12-15T14:19:19.911+00:00,short,-1,79299.0000,79283.0000,16.0000,14.0000,0.00020177,0.00017655,ExitCluster,maker,maker,79251.0000,1,1.0000,1.0000,2.0000,236,7351
2025-12-15T14:19:20.130+00:00,2025-12-15T14:19:21.746+00:00,short,-1,79295.0000,79285.0000,10.0000,8.0000,0.00012611,0.00010089,ExitCluster,maker,maker,79247.0000,1,1.0000,1.0000,2.0000,131,1616
2025-12-15T14:19:22.085+00:00,2025-12-15T14:19:32.356+00:00,short,-1,79294.0000,79310.0000,-16.0000,-18.0000,-0.00020178,-0.00022700,ExitAdverse,maker,maker,79246.0000,0,1.0000,1.0000,2.0000,159,10271
2025-12-15T14:19:34.362+00:00,2025-12-15T14:19:35.796+00:00,long,1,79301.0000,79311.0000,10.0000,8.0000,0.00012610,0.00010088,ExitCluster,maker,maker,79349.0000,1,1.0000,1.0000,2.0000,107,1434
2025-12-15T14:19:35.866+00:00,2025-12-15T14:19:37.707+00:00,long,1,79301.0000,79311.0000,10.0000,8.0000,0.00012610,0.00010088,ExitCluster,maker,maker,79349.0000,1,1.0000,1.0000,2.0000,49,1841
2025-12-15T14:19:38.280+00:00,2025-12-15T14:19:40.109+00:00,long,1,79301.0000,79313.0000,12.0000,10.0000,0.00015132,0.00012610,ExitCluster,maker,maker,79349.0000,1,1.0000,1.0000,2.0000,394,1829
2025-12-15T14:19:46.629+00:00,2025-12-15T14:19:51.124+00:00,long,1,79301.0000,79310.0000,9.0000,7.0000,0.00011349,0.00008827,ExitCluster,maker,maker,79349.0000,1,1.0000,1.0000,2.0000,190,4495
2025-12-15T14:19:51.660+00:00,2025-12-15T14:20:10.841+00:00,short,-1,79321.0000,79313.0000,8.0000,6.0000,0.00010086,0.00007564,ExitCluster,maker,maker,79273.0000,1,1.0000,1.0000,2.0000,504,19181
2025-12-15T14:20:12.909+00:00,2025-12-15T14:20:16.840+00:00,long,1,79301.0000,79310.0000,9.0000,7.0000,0.00011349,0.00008827,ExitCluster,maker,maker,79349.0000,1,1.0000,1.0000,2.0000,530,3931
2025-12-15T14:20:17.074+00:00,2025-12-15T14:20:21.870+00:00,short,-1,79324.0000,79308.0000,16.0000,14.0000,0.00020170,0.00017649,ExitCluster,maker,maker,79276.0000,1,1.0000,1.0000,2.0000,164,4796
2025-12-15T14:20:21.999+00:00,2025-12-15T14:20:26.400+00:00,long,1,79301.0000,79282.0000,-19.0000,-21.0000,-0.00023959,-0.00026481,ExitAdverse,maker,maker,79349.0000,0,1.0000,1.0000,2.0000,53,4401
2025-12-15T14:20:46.735+00:00,2025-12-15T14:20:49.744+00:00,short,-1,79317.0000,79304.0000,13.0000,11.0000,0.00016390,0.00013868,ExitCluster,maker,maker,79269.0000,1,1.0000,1.0000,2.0000,299,3009
2025-12-15T14:20:53.247+00:00,2025-12-15T14:20:57.530+00:00,short,-1,79309.0000,79304.0000,5.0000,3.0000,0.00006304,0.00003783,ExitCluster,maker,maker,79261.0000,1,1.0000,1.0000,2.0000,87,4283
2025-12-15T14:21:04.863+00:00,2025-12-15T14:21:12.136+00:00,short,-1,79311.0000,79300.0000,11.0000,9.0000,0.00013869,0.00011348,ExitCluster,maker,maker,79263.0000,1,1.0000,1.0000,2.0000,449,7273
2025-12-15T14:21:13.402+00:00,2025-12-15T14:21:16.946+00:00,short,-1,79307.0000,79316.0000,-9.0000,-11.0000,-0.00011348,-0.00013870,ExitAdverse,maker,maker,79259.0000,0,1.0000,1.0000,2.0000,439,3544
2025-12-15T14:21:23.466+00:00,2025-12-15T14:21:23.968+00:00,short,-1,79327.0000,79313.0000,14.0000,12.0000,0.00017648,0.00015127,ExitCluster,maker,maker,79279.0000,1,1.0000,1.0000,2.0000,74,502
2025-12-15T14:21:30.993+00:00,2025-12-15T14:21:35.708+00:00,short,-1,79319.0000,79312.0000,7.0000,5.0000,0.00008825,0.00006304,ExitCluster,maker,maker,79271.0000,1,1.0000,1.0000,2.0000,127,4715
2025-12-15T14:21:41.339+00:00,2025-12-15T14:21:41.913+00:00,short,-1,79317.0000,79309.0000,8.0000,6.0000,0.00010086,0.00007565,ExitCluster,maker,maker,79269.0000,1,1.0000,1.0000,2.0000,226,574
2025-12-15T14:21:42.878+00:00,2025-12-15T14:21:48.527+00:00,long,1,79308.0000,79319.0000,11.0000,9.0000,0.00013870,0.00011348,ExitCluster,maker,maker,79356.0000,1,1.0000,1.0000,2.0000,244,5649
2025-12-15T14:21:51.760+00:00,2025-12-15T14:21:58.850+00:00,short,-1,79311.0000,79300.0000,11.0000,9.0000,0.00013869,0.00011348,ExitCluster,maker,maker,79263.0000,1,1.0000,1.0000,2.0000,25,7090
2025-12-15T14:22:02.367+00:00,2025-12-15T14:22:04.391+00:00,short,-1,79319.0000,79325.0000,-6.0000,-8.0000,-0.00007564,-0.00010086,ExitAdverse,maker,maker,79271.0000,0,1.0000,1.0000,2.0000,116,2024
2025-12-15T14:22:04.893+00:00,2025-12-15T14:22:12.948+00:00,short,-1,79332.0000,79325.0000,7.0000,5.0000,0.00008824,0.00006303,ExitCluster,maker,maker,79284.0000,1,1.0000,1.0000,2.0000,465,8055
2025-12-15T14:22:13.636+00:00,2025-12-15T14:22:15.296+00:00,short,-1,79344.0000,79337.0000,7.0000,5.0000,0.00008822,0.00006302,ExitCluster,maker,maker,79296.0000,1,1.0000,1.0000,2.0000,2,1660
2025-12-15T14:22:25.721+00:00,2025-12-15T14:22:26.421+00:00,short,-1,79371.0000,79354.0000,17.0000,15.0000,0.00021418,0.00018899,ExitCluster,maker,maker,79323.0000,1,1.0000,1.0000,2.0000,299,700
2025-12-15T14:22:26.923+00:00,2025-12-15T14:22:31.619+00:00,short,-1,79364.0000,79352.0000,12.0000,10.0000,0.00015120,0.00012600,ExitCluster,maker,maker,79316.0000,1,1.0000,1.0000,2.0000,421,4696
2025-12-15T14:22:32.260+00:00,2025-12-15T14:22:32.866+00:00,short,-1,79363.0000,79352.0000,11.0000,9.0000,0.00013860,0.00011340,ExitCluster,maker,maker,79315.0000,1,1.0000,1.0000,2.0000,482,606
2025-12-15T14:22:33.238+00:00,2025-12-15T14:22:35.138+00:00,short,-1,79364.0000,79352.0000,12.0000,10.0000,0.00015120,0.00012600,ExitCluster,maker,maker,79316.0000,1,1.0000,1.0000,2.0000,326,1900
2025-12-15T14:22:37.034+00:00,2025-12-15T14:22:46.243+00:00,short,-1,79364.0000,79375.0000,-11.0000,-13.0000,-0.00013860,-0.00016380,ExitAdverse,maker,maker,79316.0000,0,1.0000,1.0000,2.0000,514,9209
2025-12-15T14:23:17.694+00:00,2025-12-15T14:23:20.949+00:00,short,-1,79404.0000,79392.0000,12.0000,10.0000,0.00015113,0.00012594,ExitCluster,maker,maker,79356.0000,1,1.0000,1.0000,2.0000,57,3255
2025-12-15T14:23:32.147+00:00,2025-12-15T14:23:33.942+00:00,short,-1,79405.0000,79394.0000,11.0000,9.0000,0.00013853,0.00011334,ExitCluster,maker,maker,79357.0000,1,1.0000,1.0000,2.0000,2,1795
2025-12-15T14:23:36.971+00:00,2025-12-15T14:23:42.964+00:00,short,-1,79405.0000,79397.0000,8.0000,6.0000,0.00010075,0.00007556,ExitCluster,maker,maker,79357.0000,1,1.0000,1.0000,2.0000,308,5993
2025-12-15T14:23:43.300+00:00,2025-12-15T14:23:47.794+00:00,short,-1,79410.0000,79416.0000,-6.0000,-8.0000,-0.00007556,-0.00010074,ExitAdverse,maker,maker,79362.0000,0,1.0000,1.0000,2.0000,170,4494
2025-12-15T14:23:48.673+00:00,2025-12-15T14:23:50.086+00:00,long,1,79413.0000,79430.0000,17.0000,15.0000,0.00021407,0.00018889,ExitCluster,maker,maker,79461.0000,1,1.0000,1.0000,2.0000,169,1413
2025-12-15T14:23:50.231+00:00,2025-12-15T14:23:50.700+00:00,short,-1,79444.0000,79431.0000,13.0000,11.0000,0.00016364,0.00013846,ExitCluster,maker,maker,79396.0000,1,1.0000,1.0000,2.0000,24,469
2025-12-15T14:23:50.917+00:00,2025-12-15T14:23:51.658+00:00,short,-1,79444.0000,79430.0000,14.0000,12.0000,0.00017622,0.00015105,ExitCluster,maker,maker,79396.0000,1,1.0000,1.0000,2.0000,162,741
2025-12-15T14:24:04.737+00:00,2025-12-15T14:24:11.057+00:00,long,1,79453.0000,79439.0000,-14.0000,-16.0000,-0.00017620,-0.00020138,ExitAdverse,maker,maker,79501.0000,0,1.0000,1.0000,2.0000,29,6320
2025-12-15T14:24:12.242+00:00,2025-12-15T14:24:13.451+00:00,short,-1,79452.0000,79448.0000,4.0000,2.0000,0.00005034,0.00002517,ExitCluster,maker,maker,79404.0000,1,1.0000,1.0000,2.0000,116,1209
2025-12-15T14:24:13.676+00:00,2025-12-15T14:24:14.785+00:00,short,-1,79454.0000,79451.0000,3.0000,1.0000,0.00003776,0.00001259,ExitCluster,maker,maker,79406.0000,1,1.0000,1.0000,2.0000,94,1109
2025-12-15T14:24:15.231+00:00,2025-12-15T14:24:25.471+00:00,short,-1,79454.0000,79456.0000,-2.0000,-4.0000,-0.00002517,-0.00005034,ExitAdverse,maker,maker,79406.0000,0,1.0000,1.0000,2.0000,85,10240
2025-12-15T14:24:30.187+00:00,2025-12-15T14:24:32.975+00:00,short,-1,79479.0000,79474.0000,5.0000,3.0000,0.00006291,0.00003775,ExitCluster,maker,maker,79431.0000,1,1.0000,1.0000,2.0000,561,2788
2025-12-15T14:24:34.427+00:00,2025-12-15T14:24:35.289+00:00,short,-1,79497.0000,79491.0000,6.0000,4.0000,0.00007547,0.00005032,ExitCluster,maker,maker,79449.0000,1,1.0000,1.0000,2.0000,23,862
2025-12-15T14:24:36.743+00:00,2025-12-15T14:24:37.223+00:00,short,-1,79497.0000,79484.0000,13.0000,11.0000,0.00016353,0.00013837,ExitCluster,maker,maker,79449.0000,1,1.0000,1.0000,2.0000,542,480
2025-12-15T14:24:38.287+00:00,2025-12-15T14:24:41.721+00:00,short,-1,79499.0000,79476.0000,23.0000,21.0000,0.00028931,0.00026415,ExitCluster,maker,maker,79451.0000,1,1.0000,1.0000,2.0000,419,3434
2025-12-15T14:24:42.240+00:00,2025-12-15T14:24:56.388+00:00,short,-1,79480.0000,79458.0000,22.0000,20.0000,0.00027680,0.00025164,ExitCluster,maker,maker,79432.0000,1,1.0000,1.0000,2.0000,489,14148
2025-12-15T14:25:03.183+00:00,2025-12-15T14:25:10.756+00:00,long,1,79471.0000,79477.0000,6.0000,4.0000,0.00007550,0.00005033,ExitCluster,maker,maker,79519.0000,1,1.0000,1.0000,2.0000,31,7573
2025-12-15T14:25:10.932+00:00,2025-12-15T14:25:14.419+00:00,long,1,79471.0000,79470.0000,-1.0000,-3.0000,-0.00001258,-0.00003775,ExitAdverse,maker,maker,79519.0000,0,1.0000,1.0000,2.0000,136,3487
2025-12-15T14:25:16.330+00:00,2025-12-15T14:25:18.521+00:00,long,1,79471.0000,79478.0000,7.0000,5.0000,0.00008808,0.00006292,ExitCluster,maker,maker,79519.0000,1,1.0000,1.0000,2.0000,259,2191
2025-12-15T14:25:19.236+00:00,2025-12-15T14:25:22.822+00:00,short,-1,79480.0000,79480.0000,-0.0000,-2.0000,-0.00000000,-0.00002516,ExitAdverse,maker,maker,79432.0000,0,1.0000,1.0000,2.0000,631,3586
2025-12-15T14:25:32.978+00:00,2025-12-15T14:25:35.496+00:00,short,-1,79452.0000,79423.0000,29.0000,27.0000,0.00036500,0.00033983,ExitCluster,maker,maker,79404.0000,1,1.0000,1.0000,2.0000,126,2518
2025-12-15T14:25:52.468+00:00,2025-12-15T14:25:53.209+00:00,short,-1,79444.0000,79421.0000,23.0000,21.0000,0.00028951,0.00026434,ExitCluster,maker,maker,79396.0000,1,1.0000,1.0000,2.0000,272,741
2025-12-15T14:25:55.812+00:00,2025-12-15T14:25:58.571+00:00,short,-1,79444.0000,79436.0000,8.0000,6.0000,0.00010070,0.00007552,ExitCluster,maker,maker,79396.0000,1,1.0000,1.0000,2.0000,288,2759
2025-12-15T14:25:58.619+00:00,2025-12-15T14:26:07.297+00:00,short,-1,79444.0000,79449.0000,-5.0000,-7.0000,-0.00006294,-0.00008811,ExitAdverse,maker,maker,79396.0000,0,1.0000,1.0000,2.0000,6,8678
2025-12-15T14:26:17.139+00:00,2025-12-15T14:26:17.822+00:00,short,-1,79469.0000,79455.0000,14.0000,12.0000,0.00017617,0.00015100,ExitCluster,maker,maker,79421.0000,1,1.0000,1.0000,2.0000,60,683
2025-12-15T14:26:18.769+00:00,2025-12-15T14:26:24.910+00:00,long,1,79454.0000,79463.0000,9.0000,7.0000,0.00011327,0.00008810,ExitCluster,maker,maker,79502.0000,1,1.0000,1.0000,2.0000,162,6141
2025-12-15T14:26:27.895+00:00,2025-12-15T14:26:28.927+00:00,short,-1,79469.0000,79459.0000,10.0000,8.0000,0.00012584,0.00010067,ExitCluster,maker,maker,79421.0000,1,1.0000,1.0000,2.0000,98,1032
2025-12-15T14:26:29.319+00:00,2025-12-15T14:26:29.821+00:00,short,-1,79469.0000,79459.0000,10.0000,8.0000,0.00012584,0.00010067,ExitCluster,maker,maker,79421.0000,1,1.0000,1.0000,2.0000,263,502
2025-12-15T14:26:33.266+00:00,2025-12-15T14:26:36.703+00:00,short,-1,79457.0000,79449.0000,8.0000,6.0000,0.00010068,0.00007551,ExitCluster,maker,maker,79409.0000,1,1.0000,1.0000,2.0000,310,3437
2025-12-15T14:26:37.269+00:00,2025-12-15T14:26:43.328+00:00,short,-1,79457.0000,79447.0000,10.0000,8.0000,0.00012585,0.00010068,ExitCluster,maker,maker,79409.0000,1,1.0000,1.0000,2.0000,553,6059
2025-12-15T14:26:49.941+00:00,2025-12-15T14:26:50.803+00:00,short,-1,79444.0000,79441.0000,3.0000,1.0000,0.00003776,0.00001259,ExitCluster,maker,maker,79396.0000,1,1.0000,1.0000,2.0000,575,862
2025-12-15T14:27:09.562+00:00,2025-12-15T14:27:11.424+00:00,short,-1,79419.0000,79407.0000,12.0000,10.0000,0.00015110,0.00012591,ExitCluster,maker,maker,79371.0000,1,1.0000,1.0000,2.0000,28,1862
2025-12-15T14:27:11.987+00:00,2025-12-15T14:27:14.434+00:00,short,-1,79419.0000,79409.0000,10.0000,8.0000,0.00012591,0.00010073,ExitCluster,maker,maker,79371.0000,1,1.0000,1.0000,2.0000,532,2447
2025-12-15T14:28:02.308+00:00,2025-12-15T14:28:04.361+00:00,long,1,79427.0000,79449.0000,22.0000,20.0000,0.00027698,0.00025180,ExitCluster,maker,maker,79475.0000,1,1.0000,1.0000,2.0000,155,2053
2025-12-15T14:28:07.764+00:00,2025-12-15T14:28:10.833+00:00,long,1,79456.0000,79446.0000,-10.0000,-12.0000,-0.00012586,-0.00015103,ExitAdverse,maker,maker,79504.0000,0,1.0000,1.0000,2.0000,37,3069
2025-12-15T14:28:18.720+00:00,2025-12-15T14:28:20.737+00:00,short,-1,79469.0000,79449.0000,20.0000,18.0000,0.00025167,0.00022650,ExitCluster,maker,maker,79421.0000,1,1.0000,1.0000,2.0000,547,2017
2025-12-15T14:28:21.715+00:00,2025-12-15T14:28:23.140+00:00,short,-1,79449.0000,79439.0000,10.0000,8.0000,0.00012587,0.00010069,ExitCluster,maker,maker,79401.0000,1,1.0000,1.0000,2.0000,54,1425
2025-12-15T14:28:26.719+00:00,2025-12-15T14:28:28.555+00:00,short,-1,79449.0000,79432.0000,17.0000,15.0000,0.00021397,0.00018880,ExitCluster,maker,maker,79401.0000,1,1.0000,1.0000,2.0000,207,1836
2025-12-15T14:28:29.279+00:00,2025-12-15T14:28:32.743+00:00,short,-1,79449.0000,79435.0000,14.0000,12.0000,0.00017621,0.00015104,ExitCluster,maker,maker,79401.0000,1,1.0000,1.0000,2.0000,94,3464
2025-12-15T14:28:36.745+00:00,2025-12-15T14:28:37.863+00:00,short,-1,79449.0000,79456.0000,-7.0000,-9.0000,-0.00008811,-0.00011328,ExitAdverse,maker,maker,79401.0000,0,1.0000,1.0000,2.0000,543,1118
2025-12-15T14:28:51.309+00:00,2025-12-15T14:28:52.752+00:00,short,-1,79488.0000,79473.0000,15.0000,13.0000,0.00018871,0.00016355,ExitCluster,maker,maker,79440.0000,1,1.0000,1.0000,2.0000,69,1443
2025-12-15T14:28:55.928+00:00,2025-12-15T14:28:56.828+00:00,short,-1,79481.0000,79473.0000,8.0000,6.0000,0.00010065,0.00007549,ExitCluster,maker,maker,79433.0000,1,1.0000,1.0000,2.0000,230,900
2025-12-15T14:28:58.335+00:00,2025-12-15T14:28:59.193+00:00,short,-1,79469.0000,79457.0000,12.0000,10.0000,0.00015100,0.00012584,ExitCluster,maker,maker,79421.0000,1,1.0000,1.0000,2.0000,113,858
2025-12-15T14:28:59.309+00:00,2025-12-15T14:29:02.728+00:00,short,-1,79469.0000,79465.0000,4.0000,2.0000,0.00005033,0.00002517,ExitCluster,maker,maker,79421.0000,1,1.0000,1.0000,2.0000,84,3419
2025-12-15T14:29:10.230+00:00,2025-12-15T14:29:12.150+00:00,short,-1,79469.0000,79463.0000,6.0000,4.0000,0.00007550,0.00005033,ExitCluster,maker,maker,79421.0000,1,1.0000,1.0000,2.0000,552,1920
2025-12-15T14:29:13.897+00:00,2025-12-15T14:29:14.682+00:00,short,-1,79473.0000,79464.0000,9.0000,7.0000,0.00011325,0.00008808,ExitCluster,maker,maker,79425.0000,1,1.0000,1.0000,2.0000,222,785
2025-12-15T14:29:15.877+00:00,2025-12-15T14:29:22.498+00:00,short,-1,79473.0000,79461.0000,12.0000,10.0000,0.00015099,0.00012583,ExitCluster,maker,maker,79425.0000,1,1.0000,1.0000,2.0000,361,6621
2025-12-15T14:29:24.345+00:00,2025-12-15T14:29:32.776+00:00,short,-1,79473.0000,79455.0000,18.0000,16.0000,0.00022649,0.00020133,ExitCluster,maker,maker,79425.0000,1,1.0000,1.0000,2.0000,10,8431
2025-12-15T14:29:34.033+00:00,2025-12-15T14:29:39.977+00:00,short,-1,79468.0000,79465.0000,3.0000,1.0000,0.00003775,0.00001258,ExitCluster,maker,maker,79420.0000,1,1.0000,1.0000,2.0000,378,5944
2025-12-15T14:29:42.659+00:00,2025-12-15T14:29:44.782+00:00,short,-1,79471.0000,79467.0000,4.0000,2.0000,0.00005033,0.00002517,ExitCluster,maker,maker,79423.0000,1,1.0000,1.0000,2.0000,454,2123
2025-12-15T14:29:46.018+00:00,2025-12-15T14:29:49.138+00:00,short,-1,79473.0000,79465.0000,8.0000,6.0000,0.00010066,0.00007550,ExitCluster,maker,maker,79425.0000,1,1.0000,1.0000,2.0000,438,3120
2025-12-15T14:29:56.218+00:00,2025-12-15T14:29:58.238+00:00,short,-1,79484.0000,79474.0000,10.0000,8.0000,0.00012581,0.00010065,ExitCluster,maker,maker,79436.0000,1,1.0000,1.0000,2.0000,13,2020
2025-12-15T14:29:58.593+00:00,2025-12-15T14:30:01.960+00:00,short,-1,79484.0000,79473.0000,11.0000,9.0000,0.00013839,0.00011323,ExitCluster,maker,maker,79436.0000,1,1.0000,1.0000,2.0000,299,3367
2025-12-15T14:30:02.244+00:00,2025-12-15T14:30:02.833+00:00,short,-1,79484.0000,79474.0000,10.0000,8.0000,0.00012581,0.00010065,ExitCluster,maker,maker,79436.0000,1,1.0000,1.0000,2.0000,197,589
2025-12-15T14:30:02.920+00:00,2025-12-15T14:30:03.759+00:00,short,-1,79484.0000,79476.0000,8.0000,6.0000,0.00010065,0.00007549,ExitCluster,maker,maker,79436.0000,1,1.0000,1.0000,2.0000,32,839
2025-12-15T14:30:04.402+00:00,2025-12-15T14:30:05.525+00:00,short,-1,79484.0000,79475.0000,9.0000,7.0000,0.00011323,0.00008807,ExitCluster,maker,maker,79436.0000,1,1.0000,1.0000,2.0000,108,1123
2025-12-15T14:30:05.648+00:00,2025-12-15T14:30:12.795+00:00,short,-1,79484.0000,79478.0000,6.0000,4.0000,0.00007549,0.00005032,ExitCluster,maker,maker,79436.0000,1,1.0000,1.0000,2.0000,103,7147
2025-12-15T14:30:20.042+00:00,2025-12-15T14:30:21.568+00:00,short,-1,79496.0000,79480.0000,16.0000,14.0000,0.00020127,0.00017611,ExitCluster,maker,maker,79448.0000,1,1.0000,1.0000,2.0000,627,1526
2025-12-15T14:30:24.693+00:00,2025-12-15T14:30:32.806+00:00,short,-1,79488.0000,79481.0000,7.0000,5.0000,0.00008806,0.00006290,ExitCluster,maker,maker,79440.0000,1,1.0000,1.0000,2.0000,609,8113
2025-12-15T14:30:32.848+00:00,2025-12-15T14:30:41.257+00:00,short,-1,79496.0000,79470.0000,26.0000,24.0000,0.00032706,0.00030190,ExitCluster,maker,maker,79448.0000,1,1.0000,1.0000,2.0000,13,8409
2025-12-15T14:30:52.418+00:00,2025-12-15T14:30:58.739+00:00,short,-1,79482.0000,79475.0000,7.0000,5.0000,0.00008807,0.00006291,ExitCluster,maker,maker,79434.0000,1,1.0000,1.0000,2.0000,400,6321
2025-12-15T14:31:01.693+00:00,2025-12-15T14:31:02.320+00:00,short,-1,79489.0000,79474.0000,15.0000,13.0000,0.00018871,0.00016354,ExitCluster,maker,maker,79441.0000,1,1.0000,1.0000,2.0000,376,627
2025-12-15T14:31:03.147+00:00,2025-12-15T14:31:06.037+00:00,short,-1,79487.0000,79477.0000,10.0000,8.0000,0.00012581,0.00010065,ExitCluster,maker,maker,79439.0000,1,1.0000,1.0000,2.0000,153,2890
2025-12-15T14:31:12.829+00:00,2025-12-15T14:31:14.810+00:00,short,-1,79496.0000,79483.0000,13.0000,11.0000,0.00016353,0.00013837,ExitCluster,maker,maker,79448.0000,1,1.0000,1.0000,2.0000,371,1981
2025-12-15T14:31:15.058+00:00,2025-12-15T14:31:16.961+00:00,short,-1,79496.0000,79489.0000,7.0000,5.0000,0.00008805,0.00006290,ExitCluster,maker,maker,79448.0000,1,1.0000,1.0000,2.0000,208,1903
2025-12-15T14:31:17.206+00:00,2025-12-15T14:31:20.832+00:00,short,-1,79496.0000,79474.0000,22.0000,20.0000,0.00027674,0.00025158,ExitCluster,maker,maker,79448.0000,1,1.0000,1.0000,2.0000,223,3626
2025-12-15T14:31:24.334+00:00,2025-12-15T14:31:27.994+00:00,short,-1,79489.0000,79485.0000,4.0000,2.0000,0.00005032,0.00002516,ExitCluster,maker,maker,79441.0000,1,1.0000,1.0000,2.0000,241,3660
2025-12-15T14:31:28.188+00:00,2025-12-15T14:31:29.303+00:00,short,-1,79494.0000,79485.0000,9.0000,7.0000,0.00011322,0.00008806,ExitCluster,maker,maker,79446.0000,1,1.0000,1.0000,2.0000,181,1115
2025-12-15T14:31:29.469+00:00,2025-12-15T14:31:37.020+00:00,short,-1,79494.0000,79481.0000,13.0000,11.0000,0.00016353,0.00013838,ExitCluster,maker,maker,79446.0000,1,1.0000,1.0000,2.0000,136,7551
2025-12-15T14:31:37.397+00:00,2025-12-15T14:31:38.753+00:00,short,-1,79494.0000,79491.0000,3.0000,1.0000,0.00003774,0.00001258,ExitCluster,maker,maker,79446.0000,1,1.0000,1.0000,2.0000,331,1356
2025-12-15T14:31:39.187+00:00,2025-12-15T14:31:40.386+00:00,short,-1,79498.0000,79484.0000,14.0000,12.0000,0.00017611,0.00015095,ExitCluster,maker,maker,79450.0000,1,1.0000,1.0000,2.0000,407,1199
2025-12-15T14:31:40.840+00:00,2025-12-15T14:31:43.252+00:00,short,-1,79494.0000,79484.0000,10.0000,8.0000,0.00012580,0.00010064,ExitCluster,maker,maker,79446.0000,1,1.0000,1.0000,2.0000,422,2412
2025-12-15T14:31:48.734+00:00,2025-12-15T14:31:50.543+00:00,short,-1,79490.0000,79483.0000,7.0000,5.0000,0.00008806,0.00006290,ExitCluster,maker,maker,79442.0000,1,1.0000,1.0000,2.0000,569,1809
2025-12-15T14:31:55.412+00:00,2025-12-15T14:31:56.848+00:00,short,-1,79491.0000,79481.0000,10.0000,8.0000,0.00012580,0.00010064,ExitCluster,maker,maker,79443.0000,1,1.0000,1.0000,2.0000,487,1436
2025-12-15T14:31:57.181+00:00,2025-12-15T14:32:17.254+00:00,short,-1,79493.0000,79534.0000,-41.0000,-43.0000,-0.00051577,-0.00054093,ExitAdverse,maker,maker,79445.0000,0,1.0000,1.0000,2.0000,291,20073
2025-12-15T14:32:25.995+00:00,2025-12-15T14:32:28.874+00:00,short,-1,79519.0000,79494.0000,25.0000,23.0000,0.00031439,0.00028924,ExitCluster,maker,maker,79471.0000,1,1.0000,1.0000,2.0000,69,2879
2025-12-15T14:32:29.760+00:00,2025-12-15T14:32:40.759+00:00,long,1,79489.0000,79512.0000,23.0000,21.0000,0.00028935,0.00026419,ExitCluster,maker,maker,79537.0000,1,1.0000,1.0000,2.0000,292,10999
2025-12-15T14:32:40.873+00:00,2025-12-15T14:32:43.381+00:00,short,-1,79518.0000,79507.0000,11.0000,9.0000,0.00013833,0.00011318,ExitCluster,maker,maker,79470.0000,1,1.0000,1.0000,2.0000,50,2508
2025-12-15T14:32:43.617+00:00,2025-12-15T14:32:45.928+00:00,short,-1,79519.0000,79509.0000,10.0000,8.0000,0.00012576,0.00010060,ExitCluster,maker,maker,79471.0000,1,1.0000,1.0000,2.0000,217,2311
2025-12-15T14:32:46.839+00:00,2025-12-15T14:33:05.649+00:00,short,-1,79519.0000,79528.0000,-9.0000,-11.0000,-0.00011318,-0.00013833,ExitAdverse,maker,maker,79471.0000,0,1.0000,1.0000,2.0000,312,18810
2025-12-15T14:33:34.769+00:00,2025-12-15T14:33:36.039+00:00,long,1,79487.0000,79479.0000,-8.0000,-10.0000,-0.00010065,-0.00012581,ExitAdverse,maker,maker,79535.0000,0,1.0000,1.0000,2.0000,357,1270
2025-12-15T14:33:37.938+00:00,2025-12-15T14:33:41.939+00:00,short,-1,79501.0000,79485.0000,16.0000,14.0000,0.00020126,0.00017610,ExitCluster,maker,maker,79453.0000,1,1.0000,1.0000,2.0000,49,4001
2025-12-15T14:33:44.309+00:00,2025-12-15T14:33:49.943+00:00,short,-1,79495.0000,79497.0000,-2.0000,-4.0000,-0.00002516,-0.00005032,ExitAdverse,maker,maker,79447.0000,0,1.0000,1.0000,2.0000,579,5634
2025-12-15T14:34:09.323+00:00,2025-12-15T14:34:12.892+00:00,short,-1,79533.0000,79527.0000,6.0000,4.0000,0.00007544,0.00005029,ExitCluster,maker,maker,79485.0000,1,1.0000,1.0000,2.0000,53,3569
2025-12-15T14:34:19.179+00:00,2025-12-15T14:34:19.972+00:00,short,-1,79496.0000,79482.0000,14.0000,12.0000,0.00017611,0.00015095,ExitCluster,maker,maker,79448.0000,1,1.0000,1.0000,2.0000,14,793
2025-12-15T14:34:42.884+00:00,2025-12-15T14:34:43.387+00:00,short,-1,79524.0000,79510.0000,14.0000,12.0000,0.00017605,0.00015090,ExitCluster,maker,maker,79476.0000,1,1.0000,1.0000,2.0000,451,503
2025-12-15T14:34:43.845+00:00,2025-12-15T14:34:46.345+00:00,short,-1,79524.0000,79527.0000,-3.0000,-5.0000,-0.00003772,-0.00006287,ExitAdverse,maker,maker,79476.0000,0,1.0000,1.0000,2.0000,424,2500
2025-12-15T14:34:46.422+00:00,2025-12-15T14:34:50.385+00:00,short,-1,79533.0000,79527.0000,6.0000,4.0000,0.00007544,0.00005029,ExitCluster,maker,maker,79485.0000,1,1.0000,1.0000,2.0000,32,3963
2025-12-15T14:34:54.963+00:00,2025-12-15T14:35:02.016+00:00,short,-1,79546.0000,79531.0000,15.0000,13.0000,0.00018857,0.00016343,ExitCluster,maker,maker,79498.0000,1,1.0000,1.0000,2.0000,30,7053
2025-12-15T14:35:02.179+00:00,2025-12-15T14:35:10.556+00:00,short,-1,79544.0000,79535.0000,9.0000,7.0000,0.00011314,0.00008800,ExitCluster,maker,maker,79496.0000,1,1.0000,1.0000,2.0000,67,8377
2025-12-15T14:35:10.824+00:00,2025-12-15T14:35:11.560+00:00,short,-1,79549.0000,79535.0000,14.0000,12.0000,0.00017599,0.00015085,ExitCluster,maker,maker,79501.0000,1,1.0000,1.0000,2.0000,256,736
2025-12-15T14:35:13.065+00:00,2025-12-15T14:35:16.457+00:00,short,-1,79549.0000,79535.0000,14.0000,12.0000,0.00017599,0.00015085,ExitCluster,maker,maker,79501.0000,1,1.0000,1.0000,2.0000,367,3392
2025-12-15T14:35:16.559+00:00,2025-12-15T14:35:22.453+00:00,short,-1,79549.0000,79530.0000,19.0000,17.0000,0.00023885,0.00021370,ExitCluster,maker,maker,79501.0000,1,1.0000,1.0000,2.0000,48,5894
2025-12-15T14:35:24.403+00:00,2025-12-15T14:35:31.383+00:00,short,-1,79538.0000,79539.0000,-1.0000,-3.0000,-0.00001257,-0.00003772,ExitAdverse,maker,maker,79490.0000,0,1.0000,1.0000,2.0000,25,6980
2025-12-15T14:35:32.003+00:00,2025-12-15T14:35:33.750+00:00,short,-1,79547.0000,79530.0000,17.0000,15.0000,0.00021371,0.00018857,ExitCluster,maker,maker,79499.0000,1,1.0000,1.0000,2.0000,260,1747
2025-12-15T14:35:37.139+00:00,2025-12-15T14:35:41.675+00:00,short,-1,79538.0000,79541.0000,-3.0000,-5.0000,-0.00003772,-0.00006286,ExitAdverse,maker,maker,79490.0000,0,1.0000,1.0000,2.0000,211,4536
2025-12-15T14:35:46.805+00:00,2025-12-15T14:35:47.361+00:00,short,-1,79547.0000,79538.0000,9.0000,7.0000,0.00011314,0.00008800,ExitCluster,maker,maker,79499.0000,1,1.0000,1.0000,2.0000,464,556
2025-12-15T14:35:48.121+00:00,2025-12-15T14:35:49.947+00:00,short,-1,79547.0000,79533.0000,14.0000,12.0000,0.00017600,0.00015085,ExitCluster,maker,maker,79499.0000,1,1.0000,1.0000,2.0000,125,1826
2025-12-15T14:35:50.448+00:00,2025-12-15T14:35:53.354+00:00,short,-1,79549.0000,79543.0000,6.0000,4.0000,0.00007543,0.00005028,ExitCluster,maker,maker,79501.0000,1,1.0000,1.0000,2.0000,362,2906
2025-12-15T14:35:53.963+00:00,2025-12-15T14:35:55.188+00:00,short,-1,79549.0000,79543.0000,6.0000,4.0000,0.00007543,0.00005028,ExitCluster,maker,maker,79501.0000,1,1.0000,1.0000,2.0000,594,1225
2025-12-15T14:35:55.969+00:00,2025-12-15T14:35:58.346+00:00,short,-1,79547.0000,79534.0000,13.0000,11.0000,0.00016343,0.00013828,ExitCluster,maker,maker,79499.0000,1,1.0000,1.0000,2.0000,77,2377
2025-12-15T14:35:58.665+00:00,2025-12-15T14:36:02.488+00:00,short,-1,79543.0000,79546.0000,-3.0000,-5.0000,-0.00003772,-0.00006286,ExitAdverse,maker,maker,79495.0000,0,1.0000,1.0000,2.0000,273,3823
2025-12-15T14:36:03.281+00:00,2025-12-15T14:36:04.190+00:00,long,1,79542.0000,79547.0000,5.0000,3.0000,0.00006286,0.00003772,ExitCluster,maker,maker,79590.0000,1,1.0000,1.0000,2.0000,317,909
2025-12-15T14:36:04.284+00:00,2025-12-15T14:36:06.724+00:00,long,1,79542.0000,79547.0000,5.0000,3.0000,0.00006286,0.00003772,ExitCluster,maker,maker,79590.0000,1,1.0000,1.0000,2.0000,65,2440
2025-12-15T14:36:07.444+00:00,2025-12-15T14:36:10.863+00:00,long,1,79542.0000,79548.0000,6.0000,4.0000,0.00007543,0.00005029,ExitCluster,maker,maker,79590.0000,1,1.0000,1.0000,2.0000,22,3419
2025-12-15T14:36:10.883+00:00,2025-12-15T14:36:21.878+00:00,long,1,79542.0000,79551.0000,9.0000,7.0000,0.00011315,0.00008800,ExitCluster,maker,maker,79590.0000,1,1.0000,1.0000,2.0000,2,10995
2025-12-15T14:36:24.445+00:00,2025-12-15T14:36:32.941+00:00,long,1,79542.0000,79525.0000,-17.0000,-19.0000,-0.00021372,-0.00023887,ExitAdverse,maker,maker,79590.0000,0,1.0000,1.0000,2.0000,683,8496
2025-12-15T14:36:34.081+00:00,2025-12-15T14:36:35.798+00:00,short,-1,79541.0000,79532.0000,9.0000,7.0000,0.00011315,0.00008800,ExitCluster,maker,maker,79493.0000,1,1.0000,1.0000,2.0000,254,1717
2025-12-15T14:36:42.479+00:00,2025-12-15T14:36:44.034+00:00,long,1,79526.0000,79541.0000,15.0000,13.0000,0.00018862,0.00016347,ExitCluster,maker,maker,79574.0000,1,1.0000,1.0000,2.0000,466,1555
2025-12-15T14:36:44.551+00:00,2025-12-15T14:36:47.956+00:00,short,-1,79546.0000,79542.0000,4.0000,2.0000,0.00005029,0.00002514,ExitCluster,maker,maker,79498.0000,1,1.0000,1.0000,2.0000,482,3405
2025-12-15T14:36:54.873+00:00,2025-12-15T14:36:58.579+00:00,short,-1,79529.0000,79522.0000,7.0000,5.0000,0.00008802,0.00006287,ExitCluster,maker,maker,79481.0000,1,1.0000,1.0000,2.0000,232,3706
2025-12-15T14:37:00.656+00:00,2025-12-15T14:37:05.217+00:00,short,-1,79529.0000,79518.0000,11.0000,9.0000,0.00013831,0.00011317,ExitCluster,maker,maker,79481.0000,1,1.0000,1.0000,2.0000,250,4561
2025-12-15T14:37:06.352+00:00,2025-12-15T14:37:07.168+00:00,short,-1,79526.0000,79500.0000,26.0000,24.0000,0.00032694,0.00030179,ExitCluster,maker,maker,79478.0000,1,1.0000,1.0000,2.0000,148,816
2025-12-15T14:37:08.180+00:00,2025-12-15T14:37:11.429+00:00,short,-1,79519.0000,79502.0000,17.0000,15.0000,0.00021379,0.00018863,ExitCluster,maker,maker,79471.0000,1,1.0000,1.0000,2.0000,369,3249
2025-12-15T14:37:27.733+00:00,2025-12-15T14:37:38.667+00:00,short,-1,79506.0000,79508.0000,-2.0000,-4.0000,-0.00002516,-0.00005031,ExitAdverse,maker,maker,79458.0000,0,1.0000,1.0000,2.0000,383,10934
2025-12-15T14:37:38.770+00:00,2025-12-15T14:37:39.314+00:00,long,1,79497.0000,79515.0000,18.0000,16.0000,0.00022642,0.00020127,ExitCluster,maker,maker,79545.0000,1,1.0000,1.0000,2.0000,84,544
2025-12-15T14:37:39.606+00:00,2025-12-15T14:37:42.204+00:00,short,-1,79515.0000,79512.0000,3.0000,1.0000,0.00003773,0.00001258,ExitCluster,maker,maker,79467.0000,1,1.0000,1.0000,2.0000,301,2598
2025-12-15T14:37:44.201+00:00,2025-12-15T14:37:50.329+00:00,long,1,79497.0000,79516.0000,19.0000,17.0000,0.00023900,0.00021384,ExitCluster,maker,maker,79545.0000,1,1.0000,1.0000,2.0000,9,6128
2025-12-15T14:37:51.366+00:00,2025-12-15T14:37:52.249+00:00,short,-1,79525.0000,79516.0000,9.0000,7.0000,0.00011317,0.00008802,ExitCluster,maker,maker,79477.0000,1,1.0000,1.0000,2.0000,122,883
2025-12-15T14:37:56.596+00:00,2025-12-15T14:38:03.553+00:00,short,-1,79534.0000,79527.0000,7.0000,5.0000,0.00008801,0.00006287,ExitCluster,maker,maker,79486.0000,1,1.0000,1.0000,2.0000,476,6957
2025-12-15T14:38:04.904+00:00,2025-12-15T14:38:12.440+00:00,short,-1,79532.0000,79525.0000,7.0000,5.0000,0.00008801,0.00006287,ExitCluster,maker,maker,79484.0000,1,1.0000,1.0000,2.0000,48,7536
2025-12-15T14:38:13.282+00:00,2025-12-15T14:38:13.874+00:00,short,-1,79534.0000,79518.0000,16.0000,14.0000,0.00020117,0.00017603,ExitCluster,maker,maker,79486.0000,1,1.0000,1.0000,2.0000,163,592
2025-12-15T14:38:17.457+00:00,2025-12-15T14:38:18.094+00:00,short,-1,79510.0000,79497.0000,13.0000,11.0000,0.00016350,0.00013835,ExitCluster,maker,maker,79462.0000,1,1.0000,1.0000,2.0000,37,637
2025-12-15T14:38:21.687+00:00,2025-12-15T14:38:23.500+00:00,short,-1,79493.0000,79487.0000,6.0000,4.0000,0.00007548,0.00005032,ExitCluster,maker,maker,79445.0000,1,1.0000,1.0000,2.0000,298,1813
2025-12-15T14:38:34.593+00:00,2025-12-15T14:38:37.228+00:00,short,-1,79512.0000,79502.0000,10.0000,8.0000,0.00012577,0.00010061,ExitCluster,maker,maker,79464.0000,1,1.0000,1.0000,2.0000,508,2635
2025-12-15T14:38:37.960+00:00,2025-12-15T14:38:45.609+00:00,long,1,79491.0000,79499.0000,8.0000,6.0000,0.00010064,0.00007548,ExitCluster,maker,maker,79539.0000,1,1.0000,1.0000,2.0000,89,7649
2025-12-15T14:38:45.993+00:00,2025-12-15T14:38:48.420+00:00,long,1,79486.0000,79496.0000,10.0000,8.0000,0.00012581,0.00010065,ExitCluster,maker,maker,79534.0000,1,1.0000,1.0000,2.0000,368,2427
2025-12-15T14:38:56.212+00:00,2025-12-15T14:39:08.393+00:00,short,-1,79508.0000,79510.0000,-2.0000,-4.0000,-0.00002515,-0.00005031,ExitAdverse,maker,maker,79460.0000,0,1.0000,1.0000,2.0000,14,12181
2025-12-15T14:39:09.313+00:00,2025-12-15T14:39:10.817+00:00,short,-1,79519.0000,79511.0000,8.0000,6.0000,0.00010060,0.00007545,ExitCluster,maker,maker,79471.0000,1,1.0000,1.0000,2.0000,270,1504
2025-12-15T14:39:12.509+00:00,2025-12-15T14:39:18.319+00:00,short,-1,79519.0000,79503.0000,16.0000,14.0000,0.00020121,0.00017606,ExitCluster,maker,maker,79471.0000,1,1.0000,1.0000,2.0000,471,5810
2025-12-15T14:39:18.440+00:00,2025-12-15T14:39:31.528+00:00,short,-1,79512.0000,79522.0000,-10.0000,-12.0000,-0.00012577,-0.00015092,ExitAdverse,maker,maker,79464.0000,0,1.0000,1.0000,2.0000,75,13088
2025-12-15T14:39:41.451+00:00,2025-12-15T14:39:52.761+00:00,short,-1,79527.0000,79537.0000,-10.0000,-12.0000,-0.00012574,-0.00015089,ExitAdverse,maker,maker,79479.0000,0,1.0000,1.0000,2.0000,541,11310
2025-12-15T14:40:00.182+00:00,2025-12-15T14:40:08.169+00:00,short,-1,79545.0000,79539.0000,6.0000,4.0000,0.00007543,0.00005029,ExitCluster,maker,maker,79497.0000,1,1.0000,1.0000,2.0000,32,7987
2025-12-15T14:40:12.852+00:00,2025-12-15T14:40:16.969+00:00,short,-1,79539.0000,79538.0000,1.0000,-1.0000,0.00001257,-0.00001257,ExitAdverse,maker,maker,79491.0000,0,1.0000,1.0000,2.0000,287,4117
2025-12-15T14:40:18.861+00:00,2025-12-15T14:40:20.678+00:00,short,-1,79549.0000,79535.0000,14.0000,12.0000,0.00017599,0.00015085,ExitCluster,maker,maker,79501.0000,1,1.0000,1.0000,2.0000,219,1817
2025-12-15T14:40:22.203+00:00,2025-12-15T14:40:28.843+00:00,short,-1,79546.0000,79541.0000,5.0000,3.0000,0.00006286,0.00003771,ExitCluster,maker,maker,79498.0000,1,1.0000,1.0000,2.0000,229,6640
2025-12-15T14:40:29.014+00:00,2025-12-15T14:40:36.602+00:00,short,-1,79549.0000,79539.0000,10.0000,8.0000,0.00012571,0.00010057,ExitCluster,maker,maker,79501.0000,1,1.0000,1.0000,2.0000,153,7588
2025-12-15T14:40:58.623+00:00,2025-12-15T14:40:59.672+00:00,short,-1,79569.0000,79556.0000,13.0000,11.0000,0.00016338,0.00013824,ExitCluster,maker,maker,79521.0000,1,1.0000,1.0000,2.0000,4,1049
2025-12-15T14:41:00.941+00:00,2025-12-15T14:41:01.748+00:00,short,-1,79569.0000,79553.0000,16.0000,14.0000,0.00020108,0.00017595,ExitCluster,maker,maker,79521.0000,1,1.0000,1.0000,2.0000,106,807
2025-12-15T14:41:02.623+00:00,2025-12-15T14:41:13.312+00:00,short,-1,79569.0000,79578.0000,-9.0000,-11.0000,-0.00011311,-0.00013824,ExitAdverse,maker,maker,79521.0000,0,1.0000,1.0000,2.0000,140,10689
2025-12-15T14:41:13.405+00:00,2025-12-15T14:41:25.246+00:00,short,-1,79588.0000,79585.0000,3.0000,1.0000,0.00003769,0.00001256,ExitCluster,maker,maker,79540.0000,1,1.0000,1.0000,2.0000,71,11841
2025-12-15T14:41:26.855+00:00,2025-12-15T14:41:27.635+00:00,short,-1,79588.0000,79583.0000,5.0000,3.0000,0.00006282,0.00003769,ExitCluster,maker,maker,79540.0000,1,1.0000,1.0000,2.0000,457,780
2025-12-15T14:41:28.370+00:00,2025-12-15T14:41:33.858+00:00,short,-1,79588.0000,79584.0000,4.0000,2.0000,0.00005026,0.00002513,ExitCluster,maker,maker,79540.0000,1,1.0000,1.0000,2.0000,65,5488
2025-12-15T14:41:36.781+00:00,2025-12-15T14:41:39.019+00:00,short,-1,79588.0000,79575.0000,13.0000,11.0000,0.00016334,0.00013821,ExitCluster,maker,maker,79540.0000,1,1.0000,1.0000,2.0000,32,2238
2025-12-15T14:41:42.780+00:00,2025-12-15T14:41:50.929+00:00,short,-1,79561.0000,79530.0000,31.0000,29.0000,0.00038964,0.00036450,ExitCluster,maker,maker,79513.0000,1,1.0000,1.0000,2.0000,43,8149
2025-12-15T14:41:53.791+00:00,2025-12-15T14:41:55.138+00:00,short,-1,79552.0000,79537.0000,15.0000,13.0000,0.00018856,0.00016342,ExitCluster,maker,maker,79504.0000,1,1.0000,1.0000,2.0000,33,1347
2025-12-15T14:41:55.285+00:00,2025-12-15T14:41:56.024+00:00,short,-1,79552.0000,79556.0000,-4.0000,-6.0000,-0.00005028,-0.00007542,ExitAdverse,maker,maker,79504.0000,0,1.0000,1.0000,2.0000,84,739
2025-12-15T14:42:01.985+00:00,2025-12-15T14:42:02.557+00:00,short,-1,79563.0000,79548.0000,15.0000,13.0000,0.00018853,0.00016339,ExitCluster,maker,maker,79515.0000,1,1.0000,1.0000,2.0000,125,572
2025-12-15T14:42:03.252+00:00,2025-12-15T14:42:04.604+00:00,long,1,79541.0000,79549.0000,8.0000,6.0000,0.00010058,0.00007543,ExitCluster,maker,maker,79589.0000,1,1.0000,1.0000,2.0000,597,1352
2025-12-15T14:42:04.725+00:00,2025-12-15T14:42:04.825+00:00,short,-1,79563.0000,79561.0000,2.0000,0.0000,0.00002514,0.00000000,ExitAdverse,maker,maker,79515.0000,0,1.0000,1.0000,2.0000,97,100
2025-12-15T14:42:08.885+00:00,2025-12-15T14:42:15.713+00:00,long,1,79555.0000,79546.0000,-9.0000,-11.0000,-0.00011313,-0.00013827,ExitAdverse,maker,maker,79603.0000,0,1.0000,1.0000,2.0000,263,6828
2025-12-15T14:42:27.032+00:00,2025-12-15T14:42:32.745+00:00,long,1,79563.0000,79555.0000,-8.0000,-10.0000,-0.00010055,-0.00012569,ExitAdverse,maker,maker,79611.0000,0,1.0000,1.0000,2.0000,101,5713
2025-12-15T14:42:55.082+00:00,2025-12-15T14:43:01.218+00:00,short,-1,79554.0000,79543.0000,11.0000,9.0000,0.00013827,0.00011313,ExitCluster,maker,maker,79506.0000,1,1.0000,1.0000,2.0000,383,6136
2025-12-15T14:43:10.992+00:00,2025-12-15T14:43:11.696+00:00,short,-1,79556.0000,79547.0000,9.0000,7.0000,0.00011313,0.00008799,ExitCluster,maker,maker,79508.0000,1,1.0000,1.0000,2.0000,102,704
2025-12-15T14:43:22.008+00:00,2025-12-15T14:43:31.865+00:00,short,-1,79570.0000,79570.0000,-0.0000,-2.0000,-0.00000000,-0.00002514,ExitAdverse,maker,maker,79522.0000,0,1.0000,1.0000,2.0000,85,9857
2025-12-15T14:43:32.100+00:00,2025-12-15T14:43:35.440+00:00,short,-1,79581.0000,79578.0000,3.0000,1.0000,0.00003770,0.00001257,ExitCluster,maker,maker,79533.0000,1,1.0000,1.0000,2.0000,226,3340
2025-12-15T14:43:41.089+00:00,2025-12-15T14:43:41.602+00:00,short,-1,79584.0000,79573.0000,11.0000,9.0000,0.00013822,0.00011309,ExitCluster,maker,maker,79536.0000,1,1.0000,1.0000,2.0000,452,513
2025-12-15T14:43:45.210+00:00,2025-12-15T14:43:46.659+00:00,short,-1,79591.0000,79578.0000,13.0000,11.0000,0.00016334,0.00013821,ExitCluster,maker,maker,79543.0000,1,1.0000,1.0000,2.0000,323,1449
2025-12-15T14:43:48.091+00:00,2025-12-15T14:43:54.039+00:00,short,-1,79584.0000,79572.0000,12.0000,10.0000,0.00015078,0.00012565,ExitCluster,maker,maker,79536.0000,1,1.0000,1.0000,2.0000,89,5948
2025-12-15T14:43:54.882+00:00,2025-12-15T14:43:57.925+00:00,short,-1,79583.0000,79585.0000,-2.0000,-4.0000,-0.00002513,-0.00005026,ExitAdverse,maker,maker,79535.0000,0,1.0000,1.0000,2.0000,173,3043
2025-12-15T14:43:58.426+00:00,2025-12-15T14:43:59.941+00:00,short,-1,79591.0000,79582.0000,9.0000,7.0000,0.00011308,0.00008795,ExitCluster,maker,maker,79543.0000,1,1.0000,1.0000,2.0000,566,1515
2025-12-15T14:44:06.184+00:00,2025-12-15T14:44:08.294+00:00,short,-1,79584.0000,79572.0000,12.0000,10.0000,0.00015078,0.00012565,ExitCluster,maker,maker,79536.0000,1,1.0000,1.0000,2.0000,191,2110
2025-12-15T14:44:16.608+00:00,2025-12-15T14:44:18.097+00:00,short,-1,79566.0000,79558.0000,8.0000,6.0000,0.00010055,0.00007541,ExitCluster,maker,maker,79518.0000,1,1.0000,1.0000,2.0000,179,1489
2025-12-15T14:44:24.056+00:00,2025-12-15T14:44:25.039+00:00,long,1,79534.0000,79547.0000,13.0000,11.0000,0.00016345,0.00013831,ExitCluster,maker,maker,79582.0000,1,1.0000,1.0000,2.0000,189,983
2025-12-15T14:44:36.782+00:00,2025-12-15T14:44:39.591+00:00,short,-1,79538.0000,79555.0000,-17.0000,-19.0000,-0.00021373,-0.00023888,ExitAdverse,maker,maker,79490.0000,0,1.0000,1.0000,2.0000,47,2809
2025-12-15T14:44:50.077+00:00,2025-12-15T14:44:53.099+00:00,short,-1,79562.0000,79556.0000,6.0000,4.0000,0.00007541,0.00005028,ExitCluster,maker,maker,79514.0000,1,1.0000,1.0000,2.0000,3,3022
2025-12-15T14:44:54.303+00:00,2025-12-15T14:44:55.009+00:00,short,-1,79549.0000,79533.0000,16.0000,14.0000,0.00020113,0.00017599,ExitCluster,maker,maker,79501.0000,1,1.0000,1.0000,2.0000,432,706
2025-12-15T14:44:55.455+00:00,2025-12-15T14:45:32.289+00:00,short,-1,79549.0000,79553.0000,-4.0000,-6.0000,-0.00005028,-0.00007543,ExitAdverse,maker,maker,79501.0000,0,1.0000,1.0000,2.0000,405,36834
2025-12-15T14:45:33.564+00:00,2025-12-15T14:45:40.805+00:00,short,-1,79561.0000,79553.0000,8.0000,6.0000,0.00010055,0.00007541,ExitCluster,maker,maker,79513.0000,1,1.0000,1.0000,2.0000,103,7241
2025-12-15T14:45:41.734+00:00,2025-12-15T14:45:49.471+00:00,long,1,79536.0000,79549.0000,13.0000,11.0000,0.00016345,0.00013830,ExitCluster,maker,maker,79584.0000,1,1.0000,1.0000,2.0000,721,7737
2025-12-15T14:45:51.254+00:00,2025-12-15T14:45:52.391+00:00,long,1,79524.0000,79533.0000,9.0000,7.0000,0.00011317,0.00008802,ExitCluster,maker,maker,79572.0000,1,1.0000,1.0000,2.0000,28,1137
2025-12-15T14:45:53.122+00:00,2025-12-15T14:45:53.600+00:00,long,1,79524.0000,79535.0000,11.0000,9.0000,0.00013832,0.00011317,ExitCluster,maker,maker,79572.0000,1,1.0000,1.0000,2.0000,633,478
2025-12-15T14:45:54.029+00:00,2025-12-15T14:45:56.191+00:00,long,1,79524.0000,79544.0000,20.0000,18.0000,0.00025150,0.00022635,ExitCluster,maker,maker,79572.0000,1,1.0000,1.0000,2.0000,349,2162
2025-12-15T14:45:56.191+00:00,2025-12-15T14:45:56.832+00:00,long,1,79524.0000,79545.0000,21.0000,19.0000,0.00026407,0.00023892,ExitCluster,maker,maker,79572.0000,1,1.0000,1.0000,2.0000,5,641
2025-12-15T14:45:57.036+00:00,2025-12-15T14:46:01.595+00:00,short,-1,79549.0000,79531.0000,18.0000,16.0000,0.00022628,0.00020113,ExitCluster,maker,maker,79501.0000,1,1.0000,1.0000,2.0000,165,4559
2025-12-15T14:46:01.714+00:00,2025-12-15T14:46:03.960+00:00,long,1,79513.0000,79502.0000,-11.0000,-13.0000,-0.00013834,-0.00016350,ExitAdverse,maker,maker,79561.0000,0,1.0000,1.0000,2.0000,81,2246
2025-12-15T14:46:08.987+00:00,2025-12-15T14:46:11.812+00:00,short,-1,79545.0000,79533.0000,12.0000,10.0000,0.00015086,0.00012572,ExitCluster,maker,maker,79497.0000,1,1.0000,1.0000,2.0000,111,2825
2025-12-15T14:46:14.213+00:00,2025-12-15T14:46:14.825+00:00,short,-1,79543.0000,79532.0000,11.0000,9.0000,0.00013829,0.00011315,ExitCluster,maker,maker,79495.0000,1,1.0000,1.0000,2.0000,1,612
2025-12-15T14:46:18.238+00:00,2025-12-15T14:46:31.016+00:00,short,-1,79539.0000,79544.0000,-5.0000,-7.0000,-0.00006286,-0.00008801,ExitAdverse,maker,maker,79491.0000,0,1.0000,1.0000,2.0000,25,12778
2025-12-15T14:46:32.520+00:00,2025-12-15T14:46:40.268+00:00,long,1,79544.0000,79549.0000,5.0000,3.0000,0.00006286,0.00003771,ExitCluster,maker,maker,79592.0000,1,1.0000,1.0000,2.0000,420,7748
2025-12-15T14:46:52.946+00:00,2025-12-15T14:46:58.862+00:00,short,-1,79549.0000,79537.0000,12.0000,10.0000,0.00015085,0.00012571,ExitCluster,maker,maker,79501.0000,1,1.0000,1.0000,2.0000,417,5916
2025-12-15T14:46:58.970+00:00,2025-12-15T14:47:01.222+00:00,short,-1,79549.0000,79542.0000,7.0000,5.0000,0.00008800,0.00006285,ExitCluster,maker,maker,79501.0000,1,1.0000,1.0000,2.0000,99,2252
2025-12-15T14:47:03.247+00:00,2025-12-15T14:47:09.014+00:00,short,-1,79548.0000,79533.0000,15.0000,13.0000,0.00018857,0.00016342,ExitCluster,maker,maker,79500.0000,1,1.0000,1.0000,2.0000,100,5767
2025-12-15T14:47:10.114+00:00,2025-12-15T14:47:11.069+00:00,short,-1,79545.0000,79535.0000,10.0000,8.0000,0.00012572,0.00010057,ExitCluster,maker,maker,79497.0000,1,1.0000,1.0000,2.0000,430,955
2025-12-15T14:47:11.899+00:00,2025-12-15T14:47:14.877+00:00,short,-1,79544.0000,79542.0000,2.0000,0.0000,0.00002514,0.00000000,ExitAdverse,maker,maker,79496.0000,0,1.0000,1.0000,2.0000,182,2978
2025-12-15T14:47:20.806+00:00,2025-12-15T14:47:37.287+00:00,short,-1,79549.0000,79556.0000,-7.0000,-9.0000,-0.00008800,-0.00011314,ExitAdverse,maker,maker,79501.0000,0,1.0000,1.0000,2.0000,59,16481
2025-12-15T14:47:37.788+00:00,2025-12-15T14:47:46.793+00:00,short,-1,79563.0000,79566.0000,-3.0000,-5.0000,-0.00003771,-0.00006284,ExitAdverse,maker,maker,79515.0000,0,1.0000,1.0000,2.0000,447,9005
2025-12-15T14:47:47.391+00:00,2025-12-15T14:47:48.722+00:00,short,-1,79575.0000,79498.0000,77.0000,75.0000,0.00096764,0.00094251,ExitCluster,maker,maker,79527.0000,1,1.0000,1.0000,2.0000,588,1331
2025-12-15T14:47:48.831+00:00,2025-12-15T14:47:49.364+00:00,long,1,79486.0000,79499.0000,13.0000,11.0000,0.00016355,0.00013839,ExitCluster,maker,maker,79534.0000,1,1.0000,1.0000,2.0000,70,533
2025-12-15T14:47:51.141+00:00,2025-12-15T14:47:52.601+00:00,short,-1,79499.0000,79486.0000,13.0000,11.0000,0.00016352,0.00013837,ExitCluster,maker,maker,79451.0000,1,1.0000,1.0000,2.0000,487,1460
2025-12-15T14:47:52.984+00:00,2025-12-15T14:47:53.893+00:00,short,-1,79499.0000,79471.0000,28.0000,26.0000,0.00035221,0.00032705,ExitCluster,maker,maker,79451.0000,1,1.0000,1.0000,2.0000,311,909
2025-12-15T14:47:56.235+00:00,2025-12-15T14:47:57.073+00:00,long,1,79430.0000,79455.0000,25.0000,23.0000,0.00031474,0.00028956,ExitCluster,maker,maker,79478.0000,1,1.0000,1.0000,2.0000,89,838
2025-12-15T14:48:08.493+00:00,2025-12-15T14:48:10.457+00:00,short,-1,79549.0000,79543.0000,6.0000,4.0000,0.00007543,0.00005028,ExitCluster,maker,maker,79501.0000,1,1.0000,1.0000,2.0000,3,1964
2025-12-15T14:48:10.840+00:00,2025-12-15T14:48:13.695+00:00,short,-1,79549.0000,79534.0000,15.0000,13.0000,0.00018856,0.00016342,ExitCluster,maker,maker,79501.0000,1,1.0000,1.0000,2.0000,289,2855
2025-12-15T14:48:19.765+00:00,2025-12-15T14:48:21.996+00:00,short,-1,79549.0000,79546.0000,3.0000,1.0000,0.00003771,0.00001257,ExitCluster,maker,maker,79501.0000,1,1.0000,1.0000,2.0000,225,2231
2025-12-15T14:48:54.193+00:00,2025-12-15T14:49:03.561+00:00,long,1,79558.0000,79567.0000,9.0000,7.0000,0.00011313,0.00008799,ExitCluster,maker,maker,79606.0000,1,1.0000,1.0000,2.0000,354,9368
2025-12-15T14:49:04.805+00:00,2025-12-15T14:49:09.034+00:00,short,-1,79589.0000,79577.0000,12.0000,10.0000,0.00015077,0.00012565,ExitCluster,maker,maker,79541.0000,1,1.0000,1.0000,2.0000,50,4229
2025-12-15T14:49:09.057+00:00,2025-12-15T14:49:09.527+00:00,short,-1,79589.0000,79577.0000,12.0000,10.0000,0.00015077,0.00012565,ExitCluster,maker,maker,79541.0000,1,1.0000,1.0000,2.0000,1,470
2025-12-15T14:49:12.212+00:00,2025-12-15T14:49:13.525+00:00,short,-1,79585.0000,79578.0000,7.0000,5.0000,0.00008796,0.00006283,ExitCluster,maker,maker,79537.0000,1,1.0000,1.0000,2.0000,282,1313
2025-12-15T14:49:13.799+00:00,2025-12-15T14:49:17.880+00:00,short,-1,79589.0000,79594.0000,-5.0000,-7.0000,-0.00006282,-0.00008795,ExitAdverse,maker,maker,79541.0000,0,1.0000,1.0000,2.0000,153,4081
2025-12-15T14:49:18.345+00:00,2025-12-15T14:49:19.794+00:00,long,1,79583.0000,79600.0000,17.0000,15.0000,0.00021361,0.00018848,ExitCluster,maker,maker,79631.0000,1,1.0000,1.0000,2.0000,290,1449
2025-12-15T14:49:21.748+00:00,2025-12-15T14:49:39.800+00:00,short,-1,79610.0000,79627.0000,-17.0000,-19.0000,-0.00021354,-0.00023866,ExitAdverse,maker,maker,79562.0000,0,1.0000,1.0000,2.0000,230,18052
2025-12-15T14:49:40.160+00:00,2025-12-15T14:49:42.054+00:00,short,-1,79639.0000,79635.0000,4.0000,2.0000,0.00005023,0.00002511,ExitCluster,maker,maker,79591.0000,1,1.0000,1.0000,2.0000,211,1894
2025-12-15T14:49:54.047+00:00,2025-12-15T14:49:59.368+00:00,short,-1,79633.0000,79619.0000,14.0000,12.0000,0.00017581,0.00015069,ExitCluster,maker,maker,79585.0000,1,1.0000,1.0000,2.0000,40,5321
2025-12-15T14:49:59.498+00:00,2025-12-15T14:50:02.711+00:00,short,-1,79633.0000,79630.0000,3.0000,1.0000,0.00003767,0.00001256,ExitCluster,maker,maker,79585.0000,1,1.0000,1.0000,2.0000,90,3213
2025-12-15T14:50:09.782+00:00,2025-12-15T14:50:12.032+00:00,short,-1,79631.0000,79611.0000,20.0000,18.0000,0.00025116,0.00022604,ExitCluster,maker,maker,79583.0000,1,1.0000,1.0000,2.0000,86,2250
2025-12-15T14:50:36.245+00:00,2025-12-15T14:50:55.666+00:00,short,-1,79586.0000,79602.0000,-16.0000,-18.0000,-0.00020104,-0.00022617,ExitAdverse,maker,maker,79538.0000,0,1.0000,1.0000,2.0000,567,19421
2025-12-15T14:51:17.730+00:00,2025-12-15T14:51:25.847+00:00,short,-1,79659.0000,79648.0000,11.0000,9.0000,0.00013809,0.00011298,ExitCluster,maker,maker,79611.0000,1,1.0000,1.0000,2.0000,18,8117
2025-12-15T14:51:27.234+00:00,2025-12-15T14:51:35.236+00:00,short,-1,79667.0000,79655.0000,12.0000,10.0000,0.00015063,0.00012552,ExitCluster,maker,maker,79619.0000,1,1.0000,1.0000,2.0000,35,8002
2025-12-15T14:51:38.131+00:00,2025-12-15T14:51:39.514+00:00,short,-1,79667.0000,79659.0000,8.0000,6.0000,0.00010042,0.00007531,ExitCluster,maker,maker,79619.0000,1,1.0000,1.0000,2.0000,116,1383
2025-12-15T14:51:40.311+00:00,2025-12-15T14:51:48.885+00:00,long,1,79651.0000,79667.0000,16.0000,14.0000,0.00020088,0.00017577,ExitCluster,maker,maker,79699.0000,1,1.0000,1.0000,2.0000,144,8574
2025-12-15T14:51:53.064+00:00,2025-12-15T14:52:01.397+00:00,long,1,79651.0000,79476.0000,-175.0000,-177.0000,-0.00219708,-0.00222219,ExitAdverse,maker,maker,79699.0000,0,1.0000,1.0000,2.0000,97,8333
2025-12-15T14:52:33.086+00:00,2025-12-15T14:52:35.585+00:00,long,1,79451.0000,79445.0000,-6.0000,-8.0000,-0.00007552,-0.00010069,ExitAdverse,maker,maker,79499.0000,0,1.0000,1.0000,2.0000,25,2499
2025-12-15T14:53:04.273+00:00,2025-12-15T14:53:05.992+00:00,long,1,79399.0000,79390.0000,-9.0000,-11.0000,-0.00011335,-0.00013854,ExitAdverse,maker,maker,79447.0000,0,1.0000,1.0000,2.0000,276,1719
2025-12-15T14:53:10.666+00:00,2025-12-15T14:53:41.635+00:00,long,1,79396.0000,79401.0000,5.0000,3.0000,0.00006298,0.00003779,ExitCluster,maker,maker,79444.0000,1,1.0000,1.0000,2.0000,322,30969
2025-12-15T14:53:53.197+00:00,2025-12-15T14:53:57.404+00:00,short,-1,79394.0000,79402.0000,-8.0000,-10.0000,-0.00010076,-0.00012595,ExitAdverse,maker,maker,79346.0000,0,1.0000,1.0000,2.0000,31,4207
2025-12-15T14:54:25.283+00:00,2025-12-15T14:54:28.317+00:00,long,1,79381.0000,79396.0000,15.0000,13.0000,0.00018896,0.00016377,ExitCluster,maker,maker,79429.0000,1,1.0000,1.0000,2.0000,235,3034
2025-12-15T14:55:03.808+00:00,2025-12-15T14:55:07.834+00:00,short,-1,79420.0000,79410.0000,10.0000,8.0000,0.00012591,0.00010073,ExitCluster,maker,maker,79372.0000,1,1.0000,1.0000,2.0000,577,4026
2025-12-15T14:55:08.293+00:00,2025-12-15T14:55:11.658+00:00,short,-1,79420.0000,79387.0000,33.0000,31.0000,0.00041551,0.00039033,ExitCluster,maker,maker,79372.0000,1,1.0000,1.0000,2.0000,419,3365
2025-12-15T14:55:11.765+00:00,2025-12-15T14:55:15.456+00:00,long,1,79381.0000,79385.0000,4.0000,2.0000,0.00005039,0.00002519,ExitCluster,maker,maker,79429.0000,1,1.0000,1.0000,2.0000,60,3691
2025-12-15T14:55:21.405+00:00,2025-12-15T14:55:24.519+00:00,long,1,79393.0000,79383.0000,-10.0000,-12.0000,-0.00012596,-0.00015115,ExitAdverse,maker,maker,79441.0000,0,1.0000,1.0000,2.0000,64,3114
2025-12-15T14:55:30.994+00:00,2025-12-15T14:55:37.648+00:00,long,1,79362.0000,79356.0000,-6.0000,-8.0000,-0.00007560,-0.00010080,ExitAdverse,maker,maker,79410.0000,0,1.0000,1.0000,2.0000,367,6654
2025-12-15T14:56:28.285+00:00,2025-12-15T14:56:36.494+00:00,long,1,79374.0000,79386.0000,12.0000,10.0000,0.00015118,0.00012599,ExitCluster,maker,maker,79422.0000,1,1.0000,1.0000,2.0000,214,8209
2025-12-15T14:56:36.801+00:00,2025-12-15T14:57:03.799+00:00,long,1,79382.0000,79376.0000,-6.0000,-8.0000,-0.00007558,-0.00010078,ExitAdverse,maker,maker,79430.0000,0,1.0000,1.0000,2.0000,62,26998
2025-12-15T14:57:11.331+00:00,2025-12-15T14:57:19.744+00:00,long,1,79382.0000,79401.0000,19.0000,17.0000,0.00023935,0.00021415,ExitCluster,maker,maker,79430.0000,1,1.0000,1.0000,2.0000,269,8413
2025-12-15T14:57:38.615+00:00,2025-12-15T14:57:49.016+00:00,long,1,79393.0000,79405.0000,12.0000,10.0000,0.00015115,0.00012596,ExitCluster,maker,maker,79441.0000,1,1.0000,1.0000,2.0000,601,10401
2025-12-15T14:58:34.137+00:00,2025-12-15T14:58:41.561+00:00,long,1,79403.0000,79416.0000,13.0000,11.0000,0.00016372,0.00013853,ExitCluster,maker,maker,79451.0000,1,1.0000,1.0000,2.0000,458,7424
2025-12-15T14:58:48.038+00:00,2025-12-15T14:59:01.504+00:00,short,-1,79448.0000,79426.0000,22.0000,20.0000,0.00027691,0.00025174,ExitCluster,maker,maker,79400.0000,1,1.0000,1.0000,2.0000,30,13466
2025-12-15T14:59:13.780+00:00,2025-12-15T14:59:36.504+00:00,short,-1,79438.0000,79425.0000,13.0000,11.0000,0.00016365,0.00013847,ExitCluster,maker,maker,79390.0000,1,1.0000,1.0000,2.0000,43,22724
2025-12-15T15:00:07.688+00:00,2025-12-15T15:00:30.523+00:00,short,-1,79444.0000,79438.0000,6.0000,4.0000,0.00007552,0.00005035,ExitCluster,maker,maker,79396.0000,1,1.0000,1.0000,2.0000,133,22835
2025-12-15T15:00:42.066+00:00,2025-12-15T15:00:43.215+00:00,short,-1,79445.0000,79432.0000,13.0000,11.0000,0.00016364,0.00013846,ExitCluster,maker,maker,79397.0000,1,1.0000,1.0000,2.0000,586,1149
2025-12-15T15:00:43.556+00:00,2025-12-15T15:00:46.215+00:00,short,-1,79445.0000,79432.0000,13.0000,11.0000,0.00016364,0.00013846,ExitCluster,maker,maker,79397.0000,1,1.0000,1.0000,2.0000,320,2659
2025-12-15T15:00:48.216+00:00,2025-12-15T15:00:56.791+00:00,long,1,79401.0000,79380.0000,-21.0000,-23.0000,-0.00026448,-0.00028967,ExitAdverse,maker,maker,79449.0000,0,1.0000,1.0000,2.0000,325,8575
2025-12-15T15:01:36.025+00:00,2025-12-15T15:02:34.526+00:00,short,-1,79423.0000,79419.0000,4.0000,2.0000,0.00005036,0.00002518,ExitAdverse,maker,maker,79375.0000,0,1.0000,1.0000,2.0000,453,58501
2025-12-15T15:06:05.141+00:00,2025-12-15T15:06:08.475+00:00,short,-1,79377.0000,79367.0000,10.0000,8.0000,0.00012598,0.00010078,ExitCluster,maker,maker,79329.0000,1,1.0000,1.0000,2.0000,351,3334
2025-12-15T15:06:11.785+00:00,2025-12-15T15:06:16.887+00:00,short,-1,79377.0000,79388.0000,-11.0000,-13.0000,-0.00013858,-0.00016378,ExitAdverse,maker,maker,79329.0000,0,1.0000,1.0000,2.0000,981,5102
2025-12-15T15:07:12.178+00:00,2025-12-15T15:07:44.657+00:00,long,1,79411.0000,79434.0000,23.0000,21.0000,0.00028963,0.00026445,ExitCluster,maker,maker,79459.0000,1,1.0000,1.0000,2.0000,141,32479
2025-12-15T15:07:58.327+00:00,2025-12-15T15:08:21.161+00:00,long,1,79411.0000,79425.0000,14.0000,12.0000,0.00017630,0.00015111,ExitCluster,maker,maker,79459.0000,1,1.0000,1.0000,2.0000,541,22834
2025-12-15T15:09:02.684+00:00,2025-12-15T15:09:19.006+00:00,long,1,79450.0000,79434.0000,-16.0000,-18.0000,-0.00020138,-0.00022656,ExitAdverse,maker,maker,79498.0000,0,1.0000,1.0000,2.0000,5,16322
2025-12-15T15:09:21.345+00:00,2025-12-15T15:09:32.578+00:00,short,-1,79449.0000,79445.0000,4.0000,2.0000,0.00005035,0.00002517,ExitCluster,maker,maker,79401.0000,1,1.0000,1.0000,2.0000,309,11233
2025-12-15T15:09:42.070+00:00,2025-12-15T15:09:52.418+00:00,short,-1,79451.0000,79432.0000,19.0000,17.0000,0.00023914,0.00021397,ExitCluster,maker,maker,79403.0000,1,1.0000,1.0000,2.0000,90,10348
2025-12-15T15:10:15.797+00:00,2025-12-15T15:10:24.817+00:00,long,1,79403.0000,79409.0000,6.0000,4.0000,0.00007556,0.00005038,ExitCluster,maker,maker,79451.0000,1,1.0000,1.0000,2.0000,226,9020
2025-12-15T15:12:42.262+00:00,2025-12-15T15:12:52.830+00:00,short,-1,79390.0000,79398.0000,-8.0000,-10.0000,-0.00010077,-0.00012596,ExitAdverse,maker,maker,79342.0000,0,1.0000,1.0000,2.0000,40,10568
2025-12-15T15:13:46.152+00:00,2025-12-15T15:14:18.609+00:00,long,1,79381.0000,79385.0000,4.0000,2.0000,0.00005039,0.00002519,ExitCluster,maker,maker,79429.0000,1,1.0000,1.0000,2.0000,21,32457
2025-12-15T15:14:59.438+00:00,2025-12-15T15:15:01.232+00:00,long,1,79381.0000,79388.0000,7.0000,5.0000,0.00008818,0.00006299,ExitCluster,maker,maker,79429.0000,1,1.0000,1.0000,2.0000,485,1794
2025-12-15T15:15:01.607+00:00,2025-12-15T15:15:30.750+00:00,long,1,79381.0000,79387.0000,6.0000,4.0000,0.00007558,0.00005039,ExitCluster,maker,maker,79429.0000,1,1.0000,1.0000,2.0000,268,29143
2025-12-15T15:16:05.283+00:00,2025-12-15T15:16:31.223+00:00,long,1,79381.0000,79401.0000,20.0000,18.0000,0.00025195,0.00022675,ExitCluster,maker,maker,79429.0000,1,1.0000,1.0000,2.0000,75,25940
2025-12-15T15:19:47.480+00:00,2025-12-15T15:21:24.502+00:00,short,-1,79409.0000,79399.0000,10.0000,8.0000,0.00012593,0.00010074,ExitCluster,maker,maker,79361.0000,1,1.0000,1.0000,2.0000,22,97022
2025-12-15T15:21:24.712+00:00,2025-12-15T15:22:00.094+00:00,long,1,79384.0000,79391.0000,7.0000,5.0000,0.00008818,0.00006298,ExitCluster,maker,maker,79432.0000,1,1.0000,1.0000,2.0000,144,35382
2025-12-15T15:22:02.262+00:00,2025-12-15T15:23:48.061+00:00,long,1,79381.0000,79390.0000,9.0000,7.0000,0.00011338,0.00008818,ExitCluster,maker,maker,79429.0000,1,1.0000,1.0000,2.0000,16,105799
2025-12-15T15:24:58.159+00:00,2025-12-15T15:25:02.652+00:00,long,1,79351.0000,79360.0000,9.0000,7.0000,0.00011342,0.00008822,ExitCluster,maker,maker,79399.0000,1,1.0000,1.0000,2.0000,41,4493
2025-12-15T15:25:02.785+00:00,2025-12-15T15:25:19.640+00:00,long,1,79351.0000,79361.0000,10.0000,8.0000,0.00012602,0.00010082,ExitCluster,maker,maker,79399.0000,1,1.0000,1.0000,2.0000,14,16855
2025-12-15T15:25:19.655+00:00,2025-12-15T15:25:26.168+00:00,long,1,79351.0000,79356.0000,5.0000,3.0000,0.00006301,0.00003781,ExitCluster,maker,maker,79399.0000,1,1.0000,1.0000,2.0000,21,6513
2025-12-15T15:25:44.786+00:00,2025-12-15T15:26:21.908+00:00,short,-1,79379.0000,79380.0000,-1.0000,-3.0000,-0.00001260,-0.00003779,ExitAdverse,maker,maker,79331.0000,0,1.0000,1.0000,2.0000,64,37122
2025-12-15T15:27:02.056+00:00,2025-12-15T15:27:37.201+00:00,short,-1,79400.0000,79381.0000,19.0000,17.0000,0.00023929,0.00021411,ExitCluster,maker,maker,79352.0000,1,1.0000,1.0000,2.0000,595,35145
2025-12-15T15:27:57.517+00:00,2025-12-15T15:28:06.142+00:00,long,1,79361.0000,79381.0000,20.0000,18.0000,0.00025201,0.00022681,ExitCluster,maker,maker,79409.0000,1,1.0000,1.0000,2.0000,401,8625
2025-12-15T15:28:53.867+00:00,2025-12-15T15:29:06.472+00:00,short,-1,79400.0000,79393.0000,7.0000,5.0000,0.00008816,0.00006297,ExitCluster,maker,maker,79352.0000,1,1.0000,1.0000,2.0000,204,12605
2025-12-15T15:29:08.789+00:00,2025-12-15T15:29:30.925+00:00,short,-1,79398.0000,79424.0000,-26.0000,-28.0000,-0.00032746,-0.00035265,ExitAdverse,maker,maker,79350.0000,0,1.0000,1.0000,2.0000,156,22136
2025-12-15T15:29:30.941+00:00,2025-12-15T15:29:32.383+00:00,short,-1,79437.0000,79421.0000,16.0000,14.0000,0.00020142,0.00017624,ExitCluster,maker,maker,79389.0000,1,1.0000,1.0000,2.0000,0,1442
2025-12-15T15:29:32.833+00:00,2025-12-15T15:30:39.572+00:00,short,-1,79437.0000,79421.0000,16.0000,14.0000,0.00020142,0.00017624,ExitCluster,maker,maker,79389.0000,1,1.0000,1.0000,2.0000,11,66739
2025-12-15T15:34:06.287+00:00,2025-12-15T15:34:21.821+00:00,short,-1,79437.0000,79445.0000,-8.0000,-10.0000,-0.00010071,-0.00012589,ExitAdverse,maker,maker,79389.0000,0,1.0000,1.0000,2.0000,167,15534
2025-12-15T15:34:34.971+00:00,2025-12-15T15:34:57.584+00:00,long,1,79421.0000,79431.0000,10.0000,8.0000,0.00012591,0.00010073,ExitCluster,maker,maker,79469.0000,1,1.0000,1.0000,2.0000,608,22613
2025-12-15T15:34:57.859+00:00,2025-12-15T15:34:59.858+00:00,short,-1,79446.0000,79430.0000,16.0000,14.0000,0.00020139,0.00017622,ExitCluster,maker,maker,79398.0000,1,1.0000,1.0000,2.0000,201,1999
2025-12-15T15:35:00.009+00:00,2025-12-15T15:35:02.047+00:00,short,-1,79446.0000,79441.0000,5.0000,3.0000,0.00006294,0.00003776,ExitCluster,maker,maker,79398.0000,1,1.0000,1.0000,2.0000,134,2038
2025-12-15T15:35:24.755+00:00,2025-12-15T15:35:31.776+00:00,short,-1,79508.0000,79501.0000,7.0000,5.0000,0.00008804,0.00006289,ExitCluster,maker,maker,79460.0000,1,1.0000,1.0000,2.0000,482,7021
2025-12-15T15:35:49.944+00:00,2025-12-15T15:36:17.528+00:00,short,-1,79489.0000,79514.0000,-25.0000,-27.0000,-0.00031451,-0.00033967,ExitAdverse,maker,maker,79441.0000,0,1.0000,1.0000,2.0000,66,27584
2025-12-15T15:36:22.203+00:00,2025-12-15T15:36:37.215+00:00,long,1,79501.0000,79511.0000,10.0000,8.0000,0.00012578,0.00010063,ExitCluster,maker,maker,79549.0000,1,1.0000,1.0000,2.0000,93,15012
2025-12-15T15:38:01.262+00:00,2025-12-15T15:38:02.446+00:00,short,-1,79534.0000,79526.0000,8.0000,6.0000,0.00010059,0.00007544,ExitCluster,maker,maker,79486.0000,1,1.0000,1.0000,2.0000,39,1184
2025-12-15T15:38:03.138+00:00,2025-12-15T15:38:13.536+00:00,short,-1,79534.0000,79543.0000,-9.0000,-11.0000,-0.00011316,-0.00013831,ExitAdverse,maker,maker,79486.0000,0,1.0000,1.0000,2.0000,68,10398
2025-12-15T15:38:13.952+00:00,2025-12-15T15:38:18.370+00:00,short,-1,79554.0000,79541.0000,13.0000,11.0000,0.00016341,0.00013827,ExitCluster,maker,maker,79506.0000,1,1.0000,1.0000,2.0000,196,4418
2025-12-15T15:38:26.963+00:00,2025-12-15T15:39:33.044+00:00,long,1,79549.0000,79548.0000,-1.0000,-3.0000,-0.00001257,-0.00003771,ExitAdverse,maker,maker,79597.0000,0,1.0000,1.0000,2.0000,48,66081
2025-12-15T15:43:01.313+00:00,2025-12-15T15:43:11.657+00:00,long,1,79573.0000,79561.0000,-12.0000,-14.0000,-0.00015080,-0.00017594,ExitAdverse,maker,maker,79621.0000,0,1.0000,1.0000,2.0000,139,10344
2025-12-15T15:43:13.244+00:00,2025-12-15T15:43:14.351+00:00,short,-1,79609.0000,79601.0000,8.0000,6.0000,0.00010049,0.00007537,ExitCluster,maker,maker,79561.0000,1,1.0000,1.0000,2.0000,155,1107
2025-12-15T15:43:42.176+00:00,2025-12-15T15:44:39.934+00:00,long,1,79602.0000,79652.0000,50.0000,48.0000,0.00062812,0.00060300,ExitCluster,maker,maker,79650.0000,1,1.0000,1.0000,2.0000,264,57758
2025-12-15T15:45:04.104+00:00,2025-12-15T15:45:04.968+00:00,short,-1,79665.0000,79651.0000,14.0000,12.0000,0.00017574,0.00015063,ExitCluster,maker,maker,79617.0000,1,1.0000,1.0000,2.0000,400,864
2025-12-15T15:45:05.061+00:00,2025-12-15T15:45:10.453+00:00,short,-1,79665.0000,79651.0000,14.0000,12.0000,0.00017574,0.00015063,ExitCluster,maker,maker,79617.0000,1,1.0000,1.0000,2.0000,73,5392
2025-12-15T15:45:17.965+00:00,2025-12-15T15:45:27.089+00:00,short,-1,79649.0000,79635.0000,14.0000,12.0000,0.00017577,0.00015066,ExitCluster,maker,maker,79601.0000,1,1.0000,1.0000,2.0000,279,9124
2025-12-15T15:45:34.987+00:00,2025-12-15T15:45:43.032+00:00,long,1,79612.0000,79631.0000,19.0000,17.0000,0.00023866,0.00021354,ExitCluster,maker,maker,79660.0000,1,1.0000,1.0000,2.0000,301,8045
2025-12-15T15:45:43.163+00:00,2025-12-15T15:45:50.116+00:00,short,-1,79667.0000,79663.0000,4.0000,2.0000,0.00005021,0.00002510,ExitCluster,maker,maker,79619.0000,1,1.0000,1.0000,2.0000,70,6953
2025-12-15T15:45:50.359+00:00,2025-12-15T15:45:51.088+00:00,short,-1,79667.0000,79662.0000,5.0000,3.0000,0.00006276,0.00003766,ExitCluster,maker,maker,79619.0000,1,1.0000,1.0000,2.0000,226,729
2025-12-15T15:45:51.678+00:00,2025-12-15T15:45:56.115+00:00,short,-1,79667.0000,79671.0000,-4.0000,-6.0000,-0.00005021,-0.00007531,ExitAdverse,maker,maker,79619.0000,0,1.0000,1.0000,2.0000,520,4437
2025-12-15T15:46:01.562+00:00,2025-12-15T15:46:11.075+00:00,short,-1,79681.0000,79684.0000,-3.0000,-5.0000,-0.00003765,-0.00006275,ExitAdverse,maker,maker,79633.0000,0,1.0000,1.0000,2.0000,108,9513
2025-12-15T15:46:21.297+00:00,2025-12-15T15:46:28.028+00:00,short,-1,79697.0000,79686.0000,11.0000,9.0000,0.00013802,0.00011293,ExitCluster,maker,maker,79649.0000,1,1.0000,1.0000,2.0000,13,6731
2025-12-15T15:46:31.514+00:00,2025-12-15T15:46:34.078+00:00,short,-1,79699.0000,79710.0000,-11.0000,-13.0000,-0.00013802,-0.00016311,ExitAdverse,maker,maker,79651.0000,0,1.0000,1.0000,2.0000,315,2564
2025-12-15T15:46:40.012+00:00,2025-12-15T15:46:41.746+00:00,long,1,79701.0000,79706.0000,5.0000,3.0000,0.00006273,0.00003764,ExitCluster,maker,maker,79749.0000,1,1.0000,1.0000,2.0000,497,1734
2025-12-15T15:46:43.246+00:00,2025-12-15T15:46:45.272+00:00,long,1,79701.0000,79716.0000,15.0000,13.0000,0.00018820,0.00016311,ExitCluster,maker,maker,79749.0000,1,1.0000,1.0000,2.0000,166,2026
2025-12-15T15:46:45.563+00:00,2025-12-15T15:47:01.656+00:00,long,1,79701.0000,79693.0000,-8.0000,-10.0000,-0.00010038,-0.00012547,ExitAdverse,maker,maker,79749.0000,0,1.0000,1.0000,2.0000,289,16093
2025-12-15T15:47:37.451+00:00,2025-12-15T15:47:38.610+00:00,short,-1,79713.0000,79701.0000,12.0000,10.0000,0.00015054,0.00012545,ExitCluster,maker,maker,79665.0000,1,1.0000,1.0000,2.0000,1,1159
2025-12-15T15:47:56.818+00:00,2025-12-15T15:48:07.526+00:00,short,-1,79720.0000,79700.0000,20.0000,18.0000,0.00025088,0.00022579,ExitCluster,maker,maker,79672.0000,1,1.0000,1.0000,2.0000,408,10708
2025-12-15T15:49:13.928+00:00,2025-12-15T15:49:21.158+00:00,short,-1,79653.0000,79633.0000,20.0000,18.0000,0.00025109,0.00022598,ExitCluster,maker,maker,79605.0000,1,1.0000,1.0000,2.0000,200,7230
2025-12-15T15:49:50.070+00:00,2025-12-15T15:49:53.968+00:00,short,-1,79639.0000,79633.0000,6.0000,4.0000,0.00007534,0.00005023,ExitCluster,maker,maker,79591.0000,1,1.0000,1.0000,2.0000,284,3898
2025-12-15T15:49:57.647+00:00,2025-12-15T16:05:01.835+00:00,short,-1,79639.0000,79671.0000,-32.0000,-34.0000,-0.00040181,-0.00042693,ExitAdverse,maker,maker,79591.0000,0,1.0000,1.0000,2.0000,323,904188
2025-12-15T16:09:13.175+00:00,2025-12-15T16:09:52.827+00:00,short,-1,79709.0000,79693.0000,16.0000,14.0000,0.00020073,0.00017564,ExitCluster,maker,maker,79661.0000,1,1.0000,1.0000,2.0000,499,39652
2025-12-15T16:10:07.626+00:00,2025-12-15T16:10:11.515+00:00,short,-1,79709.0000,79702.0000,7.0000,5.0000,0.00008782,0.00006273,ExitCluster,maker,maker,79661.0000,1,1.0000,1.0000,2.0000,281,3889
2025-12-15T16:10:30.738+00:00,2025-12-15T16:10:51.971+00:00,short,-1,79709.0000,79688.0000,21.0000,19.0000,0.00026346,0.00023837,ExitCluster,maker,maker,79661.0000,1,1.0000,1.0000,2.0000,789,21233
2025-12-15T16:11:07.430+00:00,2025-12-15T16:11:40.150+00:00,long,1,79688.0000,79703.0000,15.0000,13.0000,0.00018823,0.00016314,ExitCluster,maker,maker,79736.0000,1,1.0000,1.0000,2.0000,40,32720
2025-12-15T16:13:33.985+00:00,2025-12-15T16:14:25.228+00:00,short,-1,79727.0000,79706.0000,21.0000,19.0000,0.00026340,0.00023831,ExitCluster,maker,maker,79679.0000,1,1.0000,1.0000,2.0000,129,51243
2025-12-15T16:16:55.317+00:00,2025-12-15T16:17:52.645+00:00,short,-1,79714.0000,79691.0000,23.0000,21.0000,0.00028853,0.00026344,ExitCluster,maker,maker,79666.0000,1,1.0000,1.0000,2.0000,1061,57328
2025-12-15T16:22:14.154+00:00,2025-12-15T16:22:30.612+00:00,long,1,79653.0000,79640.0000,-13.0000,-15.0000,-0.00016321,-0.00018832,ExitAdverse,maker,maker,79701.0000,0,1.0000,1.0000,2.0000,59,16458
2025-12-15T16:22:40.548+00:00,2025-12-15T16:22:41.408+00:00,long,1,79627.0000,79644.0000,17.0000,15.0000,0.00021350,0.00018838,ExitCluster,maker,maker,79675.0000,1,1.0000,1.0000,2.0000,4,860
2025-12-15T16:23:02.309+00:00,2025-12-15T16:23:56.705+00:00,long,1,79627.0000,79652.0000,25.0000,23.0000,0.00031396,0.00028885,ExitAdverse,maker,maker,79675.0000,0,1.0000,1.0000,2.0000,17,54396
2025-12-15T16:31:28.189+00:00,2025-12-15T16:33:10.475+00:00,short,-1,79686.0000,79671.0000,15.0000,13.0000,0.00018824,0.00016314,ExitCluster,maker,maker,79638.0000,1,1.0000,1.0000,2.0000,119,102286
2025-12-15T16:41:07.676+00:00,2025-12-15T16:47:02.329+00:00,short,-1,79684.0000,79688.0000,-4.0000,-6.0000,-0.00005020,-0.00007530,ExitAdverse,maker,maker,79636.0000,0,1.0000,1.0000,2.0000,182,354653
2025-12-15T16:47:02.597+00:00,2025-12-15T16:50:14.165+00:00,short,-1,79695.0000,79704.0000,-9.0000,-11.0000,-0.00011293,-0.00013803,ExitAdverse,maker,maker,79647.0000,0,1.0000,1.0000,2.0000,250,191568
2025-12-15T16:50:14.585+00:00,2025-12-15T16:50:46.106+00:00,long,1,79698.0000,79727.0000,29.0000,27.0000,0.00036387,0.00033878,ExitCluster,maker,maker,79746.0000,1,1.0000,1.0000,2.0000,393,31521
2025-12-15T16:51:05.742+00:00,2025-12-15T16:51:47.089+00:00,long,1,79721.0000,79749.0000,28.0000,26.0000,0.00035122,0.00032614,ExitCluster,maker,maker,79769.0000,1,1.0000,1.0000,2.0000,595,41347
2025-12-15T16:52:05.492+00:00,2025-12-15T16:52:27.366+00:00,long,1,79743.0000,79754.0000,11.0000,9.0000,0.00013794,0.00011286,ExitCluster,maker,maker,79791.0000,1,1.0000,1.0000,2.0000,1109,21874
2025-12-15T16:52:44.839+00:00,2025-12-15T16:53:30.123+00:00,long,1,79752.0000,79768.0000,16.0000,14.0000,0.00020062,0.00017554,ExitCluster,maker,maker,79800.0000,1,1.0000,1.0000,2.0000,493,45284
2025-12-15T16:53:30.653+00:00,2025-12-15T16:57:23.883+00:00,short,-1,79774.0000,79750.0000,24.0000,22.0000,0.00030085,0.00027578,ExitCluster,maker,maker,79726.0000,1,1.0000,1.0000,2.0000,338,233230
2025-12-15T16:57:24.932+00:00,2025-12-15T16:57:46.950+00:00,short,-1,79759.0000,79750.0000,9.0000,7.0000,0.00011284,0.00008776,ExitCluster,maker,maker,79711.0000,1,1.0000,1.0000,2.0000,29,22018
2025-12-15T16:58:35.124+00:00,2025-12-15T16:58:52.103+00:00,short,-1,79758.0000,79750.0000,8.0000,6.0000,0.00010030,0.00007523,ExitCluster,maker,maker,79710.0000,1,1.0000,1.0000,2.0000,301,16979
2025-12-15T16:59:14.207+00:00,2025-12-15T17:02:15.736+00:00,short,-1,79754.0000,79744.0000,10.0000,8.0000,0.00012539,0.00010031,ExitCluster,maker,maker,79706.0000,1,1.0000,1.0000,2.0000,327,181529
2025-12-15T17:02:16.021+00:00,2025-12-15T17:05:18.743+00:00,short,-1,79754.0000,79743.0000,11.0000,9.0000,0.00013792,0.00011285,ExitCluster,maker,maker,79706.0000,1,1.0000,1.0000,2.0000,265,182722
2025-12-15T17:05:23.705+00:00,2025-12-15T17:08:10.948+00:00,short,-1,79754.0000,79743.0000,11.0000,9.0000,0.00013792,0.00011285,ExitCluster,maker,maker,79706.0000,1,1.0000,1.0000,2.0000,1967,167243
2025-12-15T17:08:31.136+00:00,2025-12-15T17:10:01.193+00:00,short,-1,79749.0000,79743.0000,6.0000,4.0000,0.00007524,0.00005016,ExitCluster,maker,maker,79701.0000,1,1.0000,1.0000,2.0000,2849,90057
2025-12-15T17:10:03.822+00:00,2025-12-15T17:10:31.622+00:00,short,-1,79749.0000,79731.0000,18.0000,16.0000,0.00022571,0.00020063,ExitCluster,maker,maker,79701.0000,1,1.0000,1.0000,2.0000,567,27800
2025-12-15T17:10:56.540+00:00,2025-12-15T17:11:52.115+00:00,long,1,79717.0000,79719.0000,2.0000,0.0000,0.00002509,0.00000000,ExitAdverse,maker,maker,79765.0000,0,1.0000,1.0000,2.0000,999,55575
2025-12-15T17:11:53.913+00:00,2025-12-15T17:12:52.981+00:00,long,1,79717.0000,79730.0000,13.0000,11.0000,0.00016308,0.00013799,ExitCluster,maker,maker,79765.0000,1,1.0000,1.0000,2.0000,146,59068
2025-12-15T17:14:08.369+00:00,2025-12-15T17:18:13.610+00:00,long,1,79717.0000,79700.0000,-17.0000,-19.0000,-0.00021325,-0.00023834,ExitAdverse,maker,maker,79765.0000,0,1.0000,1.0000,2.0000,66,245241
2025-12-15T17:18:15.780+00:00,2025-12-15T17:21:11.764+00:00,long,1,79698.0000,79654.0000,-44.0000,-46.0000,-0.00055208,-0.00057718,ExitAdverse,maker,maker,79746.0000,0,1.0000,1.0000,2.0000,260,175984
2025-12-15T17:21:17.309+00:00,2025-12-15T17:21:27.141+00:00,short,-1,79655.0000,79607.0000,48.0000,46.0000,0.00060260,0.00057749,ExitCluster,maker,maker,79607.0000,1,1.0000,1.0000,2.0000,26,9832
2025-12-15T17:21:50.566+00:00,2025-12-15T17:21:57.939+00:00,short,-1,79592.0000,79566.0000,26.0000,24.0000,0.00032667,0.00030154,ExitCluster,maker,maker,79544.0000,1,1.0000,1.0000,2.0000,293,7373
2025-12-15T17:21:58.142+00:00,2025-12-15T17:22:05.206+00:00,short,-1,79576.0000,79561.0000,15.0000,13.0000,0.00018850,0.00016337,ExitCluster,maker,maker,79528.0000,1,1.0000,1.0000,2.0000,188,7064
2025-12-15T17:22:05.365+00:00,2025-12-15T17:22:11.152+00:00,short,-1,79576.0000,79569.0000,7.0000,5.0000,0.00008797,0.00006283,ExitCluster,maker,maker,79528.0000,1,1.0000,1.0000,2.0000,117,5787
2025-12-15T17:26:49.172+00:00,2025-12-15T17:26:55.532+00:00,short,-1,79611.0000,79602.0000,9.0000,7.0000,0.00011305,0.00008793,ExitCluster,maker,maker,79563.0000,1,1.0000,1.0000,2.0000,87,6360
2025-12-15T18:27:33.803+00:00,2025-12-15T18:30:13.656+00:00,long,1,79552.0000,79559.0000,7.0000,5.0000,0.00008799,0.00006285,ExitCluster,maker,maker,79600.0000,1,1.0000,1.0000,2.0000,347,159853
2025-12-15T18:42:45.354+00:00,2025-12-15T18:42:55.044+00:00,long,1,79608.0000,79619.0000,11.0000,9.0000,0.00013818,0.00011305,ExitCluster,maker,maker,79656.0000,1,1.0000,1.0000,2.0000,637,9690
2025-12-15T18:42:55.333+00:00,2025-12-15T18:49:18.396+00:00,long,1,79608.0000,79628.0000,20.0000,18.0000,0.00025123,0.00022611,ExitCluster,maker,maker,79656.0000,1,1.0000,1.0000,2.0000,274,383063
